,rep,alp,num_cell,cell_size,sparse_freq,error
0,0,0.01,50,2,2,136.37178381213974
1,0,0.01,50,2,4,154.15727070536803
2,0,0.01,50,2,8,164.9702502856472
3,0,0.01,50,4,2,141.0841054532861
4,0,0.01,50,4,4,153.75415177360927
5,0,0.01,50,4,8,177.04747382330294
6,0,0.01,50,8,2,153.12239008956436
7,0,0.01,50,8,4,180.33212592354752
8,0,0.01,50,8,8,189.95291923655518
9,0,0.01,200,2,2,109.71945926412023
10,0,0.01,200,2,4,132.39158300284802
11,0,0.01,200,2,8,143.1028435094691
12,0,0.01,200,4,2,110.10599008215418
13,0,0.01,200,4,4,110.86350095139827
14,0,0.01,200,4,8,128.45800497281382
15,0,0.01,200,8,2,117.28257622643619
16,0,0.01,200,8,4,131.24359655835877
17,0,0.01,200,8,8,131.62968514736107
18,0,0.01,500,2,2,35.19648646895769
19,0,0.01,500,2,4,27.958028330231258
20,0,0.01,500,2,8,50.19374188173837
21,0,0.01,500,4,2,8.355666662496528
22,0,0.01,500,4,4,11.478028745842243
23,0,0.01,500,4,8,29.002824908819665
24,0,0.01,500,8,2,8.044428955447259
25,0,0.01,500,8,4,9.588489394880323
26,0,0.01,500,8,8,11.28691385802499
27,0,0.1,50,2,2,73.40921696577729
28,0,0.1,50,2,4,88.03800834954215
29,0,0.1,50,2,8,96.53065092889462
30,0,0.1,50,4,2,79.83536853731262
31,0,0.1,50,4,4,96.74528858630512
32,0,0.1,50,4,8,110.6443053216471
33,0,0.1,50,8,2,79.90396292721275
34,0,0.1,50,8,4,109.61739156803398
35,0,0.1,50,8,8,124.39290179519412
36,0,0.1,200,2,2,32.00970770690806
37,0,0.1,200,2,4,26.57694036769209
38,0,0.1,200,2,8,29.81182054429147
39,0,0.1,200,4,2,22.84301213900574
40,0,0.1,200,4,4,13.660383842738717
41,0,0.1,200,4,8,16.35635572551627
42,0,0.1,200,8,2,15.463297304831128
43,0,0.1,200,8,4,12.587658641917853
44,0,0.1,200,8,8,14.053383139558827
45,0,0.1,500,2,2,8.941042324807768
46,0,0.1,500,2,4,11.098909967186724
47,0,0.1,500,2,8,12.329599812023835
48,0,0.1,500,4,2,9.370938247719815
49,0,0.1,500,4,4,13.141966543765479
50,0,0.1,500,4,8,15.516248246781878
51,0,0.1,500,8,2,9.397350879489714
52,0,0.1,500,8,4,11.635996713867982
53,0,0.1,500,8,8,13.397285505322815
54,0,1.0,50,2,2,40.07906362166904
55,0,1.0,50,2,4,42.509184843407965
56,0,1.0,50,2,8,44.299725626834224
57,0,1.0,50,4,2,34.892177166304556
58,0,1.0,50,4,4,35.90744879757389
59,0,1.0,50,4,8,31.649915869240935
60,0,1.0,50,8,2,31.38855605572559
61,0,1.0,50,8,4,28.135738713213705
62,0,1.0,50,8,8,19.979122041155872
63,0,1.0,200,2,2,13.47220519459141
64,0,1.0,200,2,4,14.034987191961225
65,0,1.0,200,2,8,14.92203669435463
66,0,1.0,200,4,2,12.606449208461033
67,0,1.0,200,4,4,14.691847656889252
68,0,1.0,200,4,8,16.974100354811874
69,0,1.0,200,8,2,12.538161505061336
70,0,1.0,200,8,4,14.981785969223987
71,0,1.0,200,8,8,17.33308162261913
72,0,1.0,500,2,2,10.303501341416816
73,0,1.0,500,2,4,12.595656333501628
74,0,1.0,500,2,8,13.494015815523184
75,0,1.0,500,4,2,11.038684101463115
76,0,1.0,500,4,4,14.336805470148056
77,0,1.0,500,4,8,16.71715810452102
78,0,1.0,500,8,2,11.32345101582176
79,0,1.0,500,8,4,14.593146954968843
80,0,1.0,500,8,8,17.02896713215851
81,0,10.0,50,2,2,29.91522770841692
82,0,10.0,50,2,4,26.018121786274282
83,0,10.0,50,2,8,25.06688067804788
84,0,10.0,50,4,2,26.247752720140937
85,0,10.0,50,4,4,21.665825646534795
86,0,10.0,50,4,8,21.64328579296063
87,0,10.0,50,8,2,24.641522978371356
88,0,10.0,50,8,4,20.09739867880381
89,0,10.0,50,8,8,22.164335295565223
90,0,10.0,200,2,2,14.641712518807301
91,0,10.0,200,2,4,15.426438171510098
92,0,10.0,200,2,8,16.184559794400506
93,0,10.0,200,4,2,14.24101388922213
94,0,10.0,200,4,4,16.412867085403903
95,0,10.0,200,4,8,18.85810702406278
96,0,10.0,200,8,2,14.322934141206197
97,0,10.0,200,8,4,17.089708258391468
98,0,10.0,200,8,8,21.01567537096078
99,0,10.0,500,2,2,12.900900556490505
100,0,10.0,500,2,4,14.378226142101404
101,0,10.0,500,2,8,15.22278605683044
102,0,10.0,500,4,2,13.41703352021847
103,0,10.0,500,4,4,16.074615065740105
104,0,10.0,500,4,8,18.590086196116808
105,0,10.0,500,8,2,13.63832966127843
106,0,10.0,500,8,4,16.86880198495776
107,0,10.0,500,8,8,20.83141514403369
108,1,0.01,50,2,2,137.3434744596701
109,1,0.01,50,2,4,154.32910063248755
110,1,0.01,50,2,8,163.0734319915313
111,1,0.01,50,4,2,140.51684413683483
112,1,0.01,50,4,4,155.56178063440495
113,1,0.01,50,4,8,177.38013126620913
114,1,0.01,50,8,2,153.1985939021112
115,1,0.01,50,8,4,180.50857534142125
116,1,0.01,50,8,8,190.63614333304548
117,1,0.01,200,2,2,108.73503425487095
118,1,0.01,200,2,4,132.27291732126136
119,1,0.01,200,2,8,144.3169077864644
120,1,0.01,200,4,2,110.56432912466107
121,1,0.01,200,4,4,112.10515463936665
122,1,0.01,200,4,8,129.16237227325487
123,1,0.01,200,8,2,117.14814456344668
124,1,0.01,200,8,4,131.69819456469068
125,1,0.01,200,8,8,131.2516871171329
126,1,0.01,500,2,2,34.936398947738546
127,1,0.01,500,2,4,32.585192953313744
128,1,0.01,500,2,8,48.722928438731515
129,1,0.01,500,4,2,9.229206943352319
130,1,0.01,500,4,4,11.477794770626929
131,1,0.01,500,4,8,28.182202097159937
132,1,0.01,500,8,2,8.113163234126022
133,1,0.01,500,8,4,9.605722914998463
134,1,0.01,500,8,8,11.291299924255497
135,1,0.1,50,2,2,71.87930757302642
136,1,0.1,50,2,4,85.88644164156017
137,1,0.1,50,2,8,97.15255550649644
138,1,0.1,50,4,2,78.15934455050122
139,1,0.1,50,4,4,96.71164556241474
140,1,0.1,50,4,8,109.55048915139231
141,1,0.1,50,8,2,78.61372719205815
142,1,0.1,50,8,4,109.9330591949814
143,1,0.1,50,8,8,125.51408963693157
144,1,0.1,200,2,2,32.20082447583956
145,1,0.1,200,2,4,26.931151383211215
146,1,0.1,200,2,8,28.008236082483815
147,1,0.1,200,4,2,23.49381507484981
148,1,0.1,200,4,4,13.675013032729165
149,1,0.1,200,4,8,15.869231369932853
150,1,0.1,200,8,2,16.37035449576883
151,1,0.1,200,8,4,12.598687881693555
152,1,0.1,200,8,8,14.017167600796821
153,1,0.1,500,2,2,8.907635711484044
154,1,0.1,500,2,4,11.025112443899825
155,1,0.1,500,2,8,12.3495455886084
156,1,0.1,500,4,2,9.383150550412637
157,1,0.1,500,4,4,13.138007993159402
158,1,0.1,500,4,8,15.508769354139059
159,1,0.1,500,8,2,9.40013314010806
160,1,0.1,500,8,4,11.643633931063166
161,1,0.1,500,8,8,13.405814637270918
162,1,1.0,50,2,2,39.611126561910126
163,1,1.0,50,2,4,41.10197444173495
164,1,1.0,50,2,8,43.364610334625134
165,1,1.0,50,4,2,35.22555273203104
166,1,1.0,50,4,4,33.39163821963101
167,1,1.0,50,4,8,32.706183321968865
168,1,1.0,50,8,2,32.52855296685784
169,1,1.0,50,8,4,25.669782631061132
170,1,1.0,50,8,8,19.974164774862782
171,1,1.0,200,2,2,13.505964021422137
172,1,1.0,200,2,4,13.932026562411593
173,1,1.0,200,2,8,14.89098672337408
174,1,1.0,200,4,2,12.644868381308491
175,1,1.0,200,4,4,14.694559681341786
176,1,1.0,200,4,8,16.9613967615447
177,1,1.0,200,8,2,12.519464672941151
178,1,1.0,200,8,4,14.996874420045181
179,1,1.0,200,8,8,17.36900006444025
180,1,1.0,500,2,2,10.328764695110113
181,1,1.0,500,2,4,12.575406708406529
182,1,1.0,500,2,8,13.520969635090779
183,1,1.0,500,4,2,11.056457248468291
184,1,1.0,500,4,4,14.336450252666033
185,1,1.0,500,4,8,16.703718669108056
186,1,1.0,500,8,2,11.31924422905488
187,1,1.0,500,8,4,14.603140642127965
188,1,1.0,500,8,8,17.066808918022346
189,1,10.0,50,2,2,29.706790286559716
190,1,10.0,50,2,4,26.591636564771097
191,1,10.0,50,2,8,24.900485454560975
192,1,10.0,50,4,2,26.483313075018454
193,1,10.0,50,4,4,21.592638707582758
194,1,10.0,50,4,8,21.6688211788112
195,1,10.0,50,8,2,24.716451082256174
196,1,10.0,50,8,4,20.193420581261822
197,1,10.0,50,8,8,22.17860281489898
198,1,10.0,200,2,2,14.489860014624304
199,1,10.0,200,2,4,15.333773039995402
200,1,10.0,200,2,8,16.23459117697744
201,1,10.0,200,4,2,14.251067539850853
202,1,10.0,200,4,4,16.40927369364885
203,1,10.0,200,4,8,18.88192399711978
204,1,10.0,200,8,2,14.341905662293385
205,1,10.0,200,8,4,17.126408651291012
206,1,10.0,200,8,8,20.977424294157036
207,1,10.0,500,2,2,12.892596173862536
208,1,10.0,500,2,4,14.354300680582265
209,1,10.0,500,2,8,15.256254070676817
210,1,10.0,500,4,2,13.387464900464973
211,1,10.0,500,4,4,16.05097530170632
212,1,10.0,500,4,8,18.59114664268964
213,1,10.0,500,8,2,13.653077479389149
214,1,10.0,500,8,4,16.85984166642278
215,1,10.0,500,8,8,20.85303287174197
216,2,0.01,50,2,2,137.75543130181623
217,2,0.01,50,2,4,153.3548132833516
218,2,0.01,50,2,8,164.27536537177383
219,2,0.01,50,4,2,139.82037204481765
220,2,0.01,50,4,4,155.85096832013738
221,2,0.01,50,4,8,177.3123167545957
222,2,0.01,50,8,2,154.5871714990333
223,2,0.01,50,8,4,179.70244219674876
224,2,0.01,50,8,8,189.91935349567288
225,2,0.01,200,2,2,109.9983894750431
226,2,0.01,200,2,4,132.1542547891229
227,2,0.01,200,2,8,143.1871932120931
228,2,0.01,200,4,2,109.95128612381932
229,2,0.01,200,4,4,111.19818964451942
230,2,0.01,200,4,8,127.18192346893123
231,2,0.01,200,8,2,118.01317461465645
232,2,0.01,200,8,4,131.1429157509244
233,2,0.01,200,8,8,130.7993496455785
234,2,0.01,500,2,2,36.12754205649681
235,2,0.01,500,2,4,34.62103706018644
236,2,0.01,500,2,8,48.77799469608242
237,2,0.01,500,4,2,8.384067466347908
238,2,0.01,500,4,4,11.490635749618901
239,2,0.01,500,4,8,26.707875605413623
240,2,0.01,500,8,2,8.049978542891628
241,2,0.01,500,8,4,9.600162711354045
242,2,0.01,500,8,8,11.294388746766508
243,2,0.1,50,2,2,73.69978754227759
244,2,0.1,50,2,4,86.79203725495489
245,2,0.1,50,2,8,98.74948938937905
246,2,0.1,50,4,2,78.00951774922437
247,2,0.1,50,4,4,96.55418702918809
248,2,0.1,50,4,8,109.18227130705486
249,2,0.1,50,8,2,78.55154893733224
250,2,0.1,50,8,4,108.73430878135221
251,2,0.1,50,8,8,124.95248463676357
252,2,0.1,200,2,2,31.566782201967083
253,2,0.1,200,2,4,27.767442531057416
254,2,0.1,200,2,8,24.992971118830184
255,2,0.1,200,4,2,23.11573762720551
256,2,0.1,200,4,4,13.651552557769714
257,2,0.1,200,4,8,15.83795734278092
258,2,0.1,200,8,2,16.15686293717636
259,2,0.1,200,8,4,12.521467009814819
260,2,0.1,200,8,8,14.034475656682291
261,2,0.1,500,2,2,8.948607684902218
262,2,0.1,500,2,4,11.009368548254656
263,2,0.1,500,2,8,12.411038413916813
264,2,0.1,500,4,2,9.366406991239336
265,2,0.1,500,4,4,13.146994046306299
266,2,0.1,500,4,8,15.505883361590277
267,2,0.1,500,8,2,9.401629659733947
268,2,0.1,500,8,4,11.653770694454469
269,2,0.1,500,8,8,13.399048193535084
270,2,1.0,50,2,2,38.712776271288774
271,2,1.0,50,2,4,42.45601321024785
272,2,1.0,50,2,8,43.82634621884748
273,2,1.0,50,4,2,34.726992283705044
274,2,1.0,50,4,4,35.33113932245539
275,2,1.0,50,4,8,30.806983748009905
276,2,1.0,50,8,2,31.463198584104926
277,2,1.0,50,8,4,27.527060424853666
278,2,1.0,50,8,8,20.78132351740403
279,2,1.0,200,2,2,13.672889331792435
280,2,1.0,200,2,4,14.008178229591874
281,2,1.0,200,2,8,14.717065281435932
282,2,1.0,200,4,2,12.602266598238824
283,2,1.0,200,4,4,14.68814721812019
284,2,1.0,200,4,8,16.97776832985296
285,2,1.0,200,8,2,12.553154652992346
286,2,1.0,200,8,4,14.972942617271903
287,2,1.0,200,8,8,17.38387801772961
288,2,1.0,500,2,2,10.3484200713748
289,2,1.0,500,2,4,12.575042688134241
290,2,1.0,500,2,8,13.507078928578945
291,2,1.0,500,4,2,11.034322078537954
292,2,1.0,500,4,4,14.328313628674184
293,2,1.0,500,4,8,16.71297770169118
294,2,1.0,500,8,2,11.294456296873799
295,2,1.0,500,8,4,14.597490309215372
296,2,1.0,500,8,8,17.05341183709713
297,2,10.0,50,2,2,30.246270761682567
298,2,10.0,50,2,4,26.42156300058804
299,2,10.0,50,2,8,24.89613349339898
300,2,10.0,50,4,2,26.64731525975888
301,2,10.0,50,4,4,21.734262056146378
302,2,10.0,50,4,8,21.63414399088306
303,2,10.0,50,8,2,24.49376848341314
304,2,10.0,50,8,4,20.078290292972337
305,2,10.0,50,8,8,22.223790623100818
306,2,10.0,200,2,2,14.577552448898636
307,2,10.0,200,2,4,15.442389204342017
308,2,10.0,200,2,8,16.21850632795035
309,2,10.0,200,4,2,14.2667841529168
310,2,10.0,200,4,4,16.425633429589023
311,2,10.0,200,4,8,18.84513351397182
312,2,10.0,200,8,2,14.333400607875294
313,2,10.0,200,8,4,17.13280470709182
314,2,10.0,200,8,8,21.035634460963923
315,2,10.0,500,2,2,12.92839238344665
316,2,10.0,500,2,4,14.442189301405342
317,2,10.0,500,2,8,15.236212829849954
318,2,10.0,500,4,2,13.3892741818388
319,2,10.0,500,4,4,16.057499326076076
320,2,10.0,500,4,8,18.593884482017607
321,2,10.0,500,8,2,13.663405998603205
322,2,10.0,500,8,4,16.873950049620852
323,2,10.0,500,8,8,20.842685655131
324,3,0.01,50,2,2,137.73251618133372
325,3,0.01,50,2,4,154.55430388170416
326,3,0.01,50,2,8,162.980980869309
327,3,0.01,50,4,2,140.49024435363802
328,3,0.01,50,4,4,155.7408076064207
329,3,0.01,50,4,8,176.9072923277482
330,3,0.01,50,8,2,154.40780124375328
331,3,0.01,50,8,4,180.05023068935253
332,3,0.01,50,8,8,190.42833920796724
333,3,0.01,200,2,2,110.01512258789046
334,3,0.01,200,2,4,132.77134028745547
335,3,0.01,200,2,8,143.05405563424108
336,3,0.01,200,4,2,110.38563068212315
337,3,0.01,200,4,4,110.80495916485373
338,3,0.01,200,4,8,127.19456541039867
339,3,0.01,200,8,2,116.89890208907588
340,3,0.01,200,8,4,130.49761495931946
341,3,0.01,200,8,8,131.9035293887774
342,3,0.01,500,2,2,36.85298663475414
343,3,0.01,500,2,4,30.24346683036172
344,3,0.01,500,2,8,47.91637093273067
345,3,0.01,500,4,2,8.769253936664903
346,3,0.01,500,4,4,11.485265331400317
347,3,0.01,500,4,8,28.285921804759532
348,3,0.01,500,8,2,8.054155393205447
349,3,0.01,500,8,4,9.599288286211985
350,3,0.01,500,8,8,11.309636886528539
351,3,0.1,50,2,2,73.52589123966244
352,3,0.1,50,2,4,88.56066959403645
353,3,0.1,50,2,8,98.63159030028652
354,3,0.1,50,4,2,78.77539566119849
355,3,0.1,50,4,4,95.64239146335856
356,3,0.1,50,4,8,110.19408976496162
357,3,0.1,50,8,2,78.08675443251535
358,3,0.1,50,8,4,109.54591269309162
359,3,0.1,50,8,8,124.88582462595538
360,3,0.1,200,2,2,32.34469948079861
361,3,0.1,200,2,4,28.74080159194348
362,3,0.1,200,2,8,29.246125249895385
363,3,0.1,200,4,2,22.378084279175003
364,3,0.1,200,4,4,13.664862319805431
365,3,0.1,200,4,8,15.961461861950735
366,3,0.1,200,8,2,16.41567472504456
367,3,0.1,200,8,4,12.563639574887357
368,3,0.1,200,8,8,14.006098645067837
369,3,0.1,500,2,2,9.01258224894205
370,3,0.1,500,2,4,11.078874441603816
371,3,0.1,500,2,8,12.404232754764601
372,3,0.1,500,4,2,9.377169752171236
373,3,0.1,500,4,4,13.153774871324144
374,3,0.1,500,4,8,15.505541272401505
375,3,0.1,500,8,2,9.39509544661084
376,3,0.1,500,8,4,11.626607148021046
377,3,0.1,500,8,8,13.386629271841315
378,3,1.0,50,2,2,39.37422034082084
379,3,1.0,50,2,4,41.78864674228532
380,3,1.0,50,2,8,43.500211693259594
381,3,1.0,50,4,2,34.99897355890601
382,3,1.0,50,4,4,35.24367358203984
383,3,1.0,50,4,8,30.674074736353443
384,3,1.0,50,8,2,31.37912501236687
385,3,1.0,50,8,4,27.102047891413065
386,3,1.0,50,8,8,21.516629374989115
387,3,1.0,200,2,2,13.557982646124652
388,3,1.0,200,2,4,14.036076520587827
389,3,1.0,200,2,8,14.85136061064119
390,3,1.0,200,4,2,12.659898472238732
391,3,1.0,200,4,4,14.667960037655535
392,3,1.0,200,4,8,16.965403864444
393,3,1.0,200,8,2,12.524491692315458
394,3,1.0,200,8,4,14.957119749917727
395,3,1.0,200,8,8,17.39357308267969
396,3,1.0,500,2,2,10.312396054755496
397,3,1.0,500,2,4,12.565758581430993
398,3,1.0,500,2,8,13.516648799509703
399,3,1.0,500,4,2,11.058214294973428
400,3,1.0,500,4,4,14.333603538509426
401,3,1.0,500,4,8,16.712870196719724
402,3,1.0,500,8,2,11.300804035310161
403,3,1.0,500,8,4,14.600183673905187
404,3,1.0,500,8,8,17.030472875941342
405,3,10.0,50,2,2,29.213900272759346
406,3,10.0,50,2,4,25.77259627787988
407,3,10.0,50,2,8,25.38197824522575
408,3,10.0,50,4,2,26.427428290782537
409,3,10.0,50,4,4,21.497045713207942
410,3,10.0,50,4,8,21.64418387224627
411,3,10.0,50,8,2,24.49938403542494
412,3,10.0,50,8,4,20.12324667928322
413,3,10.0,50,8,8,22.125712410184743
414,3,10.0,200,2,2,14.616092284054787
415,3,10.0,200,2,4,15.431257955086359
416,3,10.0,200,2,8,16.187638212225174
417,3,10.0,200,4,2,14.271590089804508
418,3,10.0,200,4,4,16.394882711006687
419,3,10.0,200,4,8,18.88538282180618
420,3,10.0,200,8,2,14.335994310812161
421,3,10.0,200,8,4,17.122598410061947
422,3,10.0,200,8,8,21.025479708357494
423,3,10.0,500,2,2,12.89797331392376
424,3,10.0,500,2,4,14.395707317119095
425,3,10.0,500,2,8,15.237817870181551
426,3,10.0,500,4,2,13.399590249700298
427,3,10.0,500,4,4,16.05988097454349
428,3,10.0,500,4,8,18.59792936140963
429,3,10.0,500,8,2,13.65739355820542
430,3,10.0,500,8,4,16.89232452622107
431,3,10.0,500,8,8,20.857540389973714
432,4,0.01,50,2,2,137.04005807126
433,4,0.01,50,2,4,154.9196894643022
434,4,0.01,50,2,8,164.39973673184517
435,4,0.01,50,4,2,140.85584355570003
436,4,0.01,50,4,4,156.1585959334062
437,4,0.01,50,4,8,177.20884349446695
438,4,0.01,50,8,2,153.22659232516088
439,4,0.01,50,8,4,179.9627168932169
440,4,0.01,50,8,8,189.91070535344502
441,4,0.01,200,2,2,109.27367403006569
442,4,0.01,200,2,4,132.8962470621926
443,4,0.01,200,2,8,141.96010772041024
444,4,0.01,200,4,2,109.97996721785064
445,4,0.01,200,4,4,111.53422093088591
446,4,0.01,200,4,8,125.76463220607064
447,4,0.01,200,8,2,117.95886011162115
448,4,0.01,200,8,4,130.2331475395112
449,4,0.01,200,8,8,131.09844719311252
450,4,0.01,500,2,2,36.101278205285475
451,4,0.01,500,2,4,30.461851307345075
452,4,0.01,500,2,8,49.21983637503933
453,4,0.01,500,4,2,8.624020507037917
454,4,0.01,500,4,4,11.486115075976482
455,4,0.01,500,4,8,28.14048191777634
456,4,0.01,500,8,2,9.424748173999692
457,4,0.01,500,8,4,9.60156627434578
458,4,0.01,500,8,8,11.287140975092035
459,4,0.1,50,2,2,75.60366694422842
460,4,0.1,50,2,4,87.89780582644828
461,4,0.1,50,2,8,98.12018309997941
462,4,0.1,50,4,2,78.99474527290535
463,4,0.1,50,4,4,95.72787526739768
464,4,0.1,50,4,8,110.17804113544406
465,4,0.1,50,8,2,77.34076471906069
466,4,0.1,50,8,4,110.52556845935767
467,4,0.1,50,8,8,126.3435430418891
468,4,0.1,200,2,2,32.15419621113821
469,4,0.1,200,2,4,26.402025668139622
470,4,0.1,200,2,8,28.098495880271646
471,4,0.1,200,4,2,22.373739452124074
472,4,0.1,200,4,4,13.702520759509722
473,4,0.1,200,4,8,15.932287702739714
474,4,0.1,200,8,2,15.888818328688892
475,4,0.1,200,8,4,12.534133389145598
476,4,0.1,200,8,8,14.02119449114433
477,4,0.1,500,2,2,8.930079013521892
478,4,0.1,500,2,4,11.038409192838655
479,4,0.1,500,2,8,12.378342148268468
480,4,0.1,500,4,2,9.37961271613012
481,4,0.1,500,4,4,13.138942034674152
482,4,0.1,500,4,8,15.49906401730755
483,4,0.1,500,8,2,9.388290343558362
484,4,0.1,500,8,4,11.657023795372005
485,4,0.1,500,8,8,13.408796446495662
486,4,1.0,50,2,2,39.31725080012254
487,4,1.0,50,2,4,42.6644094635023
488,4,1.0,50,2,8,42.2809023733573
489,4,1.0,50,4,2,35.02466989017209
490,4,1.0,50,4,4,34.60634752383484
491,4,1.0,50,4,8,29.686005950275376
492,4,1.0,50,8,2,31.162823656025665
493,4,1.0,50,8,4,28.060231548286573
494,4,1.0,50,8,8,21.712880698618086
495,4,1.0,200,2,2,13.57554554554368
496,4,1.0,200,2,4,14.164732423268811
497,4,1.0,200,2,8,14.728801818098653
498,4,1.0,200,4,2,12.551529530487011
499,4,1.0,200,4,4,14.681326100171276
500,4,1.0,200,4,8,16.960392195107556
501,4,1.0,200,8,2,12.536207022510057
502,4,1.0,200,8,4,14.985021996874952
503,4,1.0,200,8,8,17.320343444273497
504,4,1.0,500,2,2,10.336384989191114
505,4,1.0,500,2,4,12.586518513998326
506,4,1.0,500,2,8,13.510211896949961
507,4,1.0,500,4,2,11.070697053571338
508,4,1.0,500,4,4,14.334953852280847
509,4,1.0,500,4,8,16.700902807080016
510,4,1.0,500,8,2,11.31358273208977
511,4,1.0,500,8,4,14.604541913416265
512,4,1.0,500,8,8,17.051414493717882
513,4,10.0,50,2,2,30.138566250888243
514,4,10.0,50,2,4,26.624244643407845
515,4,10.0,50,2,8,25.339040447996354
516,4,10.0,50,4,2,25.974139116870628
517,4,10.0,50,4,4,21.646948728439973
518,4,10.0,50,4,8,21.706855425861388
519,4,10.0,50,8,2,24.586741436426056
520,4,10.0,50,8,4,20.133905939881515
521,4,10.0,50,8,8,22.266208873923453
522,4,10.0,200,2,2,14.46479060992298
523,4,10.0,200,2,4,15.411874607141403
524,4,10.0,200,2,8,16.184722897829946
525,4,10.0,200,4,2,14.328521423513385
526,4,10.0,200,4,4,16.419665622628724
527,4,10.0,200,4,8,18.865511397632172
528,4,10.0,200,8,2,14.339210606425643
529,4,10.0,200,8,4,17.11773126418371
530,4,10.0,200,8,8,20.99714078057945
531,4,10.0,500,2,2,12.895443879113099
532,4,10.0,500,2,4,14.374607379361393
533,4,10.0,500,2,8,15.226634777478854
534,4,10.0,500,4,2,13.394757517819485
535,4,10.0,500,4,4,16.065770747635366
536,4,10.0,500,4,8,18.600298893485608
537,4,10.0,500,8,2,13.648245763714757
538,4,10.0,500,8,4,16.885095246927175
539,4,10.0,500,8,8,20.834990026088494
540,5,0.01,50,2,2,139.2388493235624
541,5,0.01,50,2,4,154.0218764409582
542,5,0.01,50,2,8,165.06137976650862
543,5,0.01,50,4,2,140.9429450156865
544,5,0.01,50,4,4,155.10529133952772
545,5,0.01,50,4,8,177.9949242907581
546,5,0.01,50,8,2,153.74212311206824
547,5,0.01,50,8,4,179.70290750009934
548,5,0.01,50,8,8,190.39487538373425
549,5,0.01,200,2,2,108.9275467528272
550,5,0.01,200,2,4,133.5898637672596
551,5,0.01,200,2,8,141.6945051658301
552,5,0.01,200,4,2,110.17168212146618
553,5,0.01,200,4,4,112.7074549858762
554,5,0.01,200,4,8,129.19434811361978
555,5,0.01,200,8,2,118.65097250365044
556,5,0.01,200,8,4,129.76576842702602
557,5,0.01,200,8,8,132.40474338678194
558,5,0.01,500,2,2,35.8453890784069
559,5,0.01,500,2,4,32.26854781612617
560,5,0.01,500,2,8,51.5961279503037
561,5,0.01,500,4,2,8.338352472055988
562,5,0.01,500,4,4,11.477637067311624
563,5,0.01,500,4,8,33.89094224625676
564,5,0.01,500,8,2,8.052603865589893
565,5,0.01,500,8,4,9.603522576327055
566,5,0.01,500,8,8,11.304534468178526
567,5,0.1,50,2,2,72.8108220639717
568,5,0.1,50,2,4,85.72987598915257
569,5,0.1,50,2,8,97.39078768847088
570,5,0.1,50,4,2,77.02619874808246
571,5,0.1,50,4,4,97.4144178728656
572,5,0.1,50,4,8,110.4345960078741
573,5,0.1,50,8,2,78.32346237431528
574,5,0.1,50,8,4,109.7876242620318
575,5,0.1,50,8,8,126.28912526821438
576,5,0.1,200,2,2,32.85513355200698
577,5,0.1,200,2,4,26.999313345760815
578,5,0.1,200,2,8,28.577778675948796
579,5,0.1,200,4,2,23.634941713871758
580,5,0.1,200,4,4,13.710715754528092
581,5,0.1,200,4,8,15.963091838860922
582,5,0.1,200,8,2,15.701272580027526
583,5,0.1,200,8,4,12.54521804832929
584,5,0.1,200,8,8,14.02562561815739
585,5,0.1,500,2,2,8.915271780649851
586,5,0.1,500,2,4,11.066605145693217
587,5,0.1,500,2,8,12.388276655715078
588,5,0.1,500,4,2,9.374779457041326
589,5,0.1,500,4,4,13.135028604477027
590,5,0.1,500,4,8,15.509315644641989
591,5,0.1,500,8,2,9.403737895511055
592,5,0.1,500,8,4,11.63882051345135
593,5,0.1,500,8,8,13.38971036727391
594,5,1.0,50,2,2,38.685037414367024
595,5,1.0,50,2,4,41.187914879522644
596,5,1.0,50,2,8,43.57418640217591
597,5,1.0,50,4,2,35.94525811088243
598,5,1.0,50,4,4,34.82343962734365
599,5,1.0,50,4,8,30.03255355816213
600,5,1.0,50,8,2,32.13019902651776
601,5,1.0,50,8,4,26.138144439823574
602,5,1.0,50,8,8,21.021119714707364
603,5,1.0,200,2,2,13.629393962728487
604,5,1.0,200,2,4,14.013564895062043
605,5,1.0,200,2,8,14.68413333048568
606,5,1.0,200,4,2,12.581474891164856
607,5,1.0,200,4,4,14.68304921343321
608,5,1.0,200,4,8,16.968095011566067
609,5,1.0,200,8,2,12.543112906949549
610,5,1.0,200,8,4,14.96507660901936
611,5,1.0,200,8,8,17.39384053707376
612,5,1.0,500,2,2,10.354493246678363
613,5,1.0,500,2,4,12.587668036482361
614,5,1.0,500,2,8,13.513316474405947
615,5,1.0,500,4,2,11.041917522147951
616,5,1.0,500,4,4,14.341687953888107
617,5,1.0,500,4,8,16.69280247257565
618,5,1.0,500,8,2,11.30069601565463
619,5,1.0,500,8,4,14.609572922288992
620,5,1.0,500,8,8,17.04534429711032
621,5,10.0,50,2,2,30.115389038694225
622,5,10.0,50,2,4,26.273058182731475
623,5,10.0,50,2,8,25.370672223331425
624,5,10.0,50,4,2,26.35909909215319
625,5,10.0,50,4,4,21.698792609451978
626,5,10.0,50,4,8,21.575662415768356
627,5,10.0,50,8,2,24.596763416532013
628,5,10.0,50,8,4,20.169089127163932
629,5,10.0,50,8,8,22.114012236609796
630,5,10.0,200,2,2,14.617918990165029
631,5,10.0,200,2,4,15.33905131384403
632,5,10.0,200,2,8,16.15707472092636
633,5,10.0,200,4,2,14.238438785136731
634,5,10.0,200,4,4,16.417442587445237
635,5,10.0,200,4,8,18.85225413476898
636,5,10.0,200,8,2,14.363272087254012
637,5,10.0,200,8,4,17.107227542529927
638,5,10.0,200,8,8,20.99321401036209
639,5,10.0,500,2,2,12.893969736524367
640,5,10.0,500,2,4,14.372276114423508
641,5,10.0,500,2,8,15.261811856839424
642,5,10.0,500,4,2,13.418081757848352
643,5,10.0,500,4,4,16.05912062426238
644,5,10.0,500,4,8,18.58925234468495
645,5,10.0,500,8,2,13.652238828504194
646,5,10.0,500,8,4,16.878939472528632
647,5,10.0,500,8,8,20.852719506028922
648,6,0.01,50,2,2,138.58895926985036
649,6,0.01,50,2,4,154.29178732217343
650,6,0.01,50,2,8,163.79788291829917
651,6,0.01,50,4,2,140.33594656540063
652,6,0.01,50,4,4,156.37960292710622
653,6,0.01,50,4,8,179.03088063518064
654,6,0.01,50,8,2,154.90375322704244
655,6,0.01,50,8,4,180.55561067055407
656,6,0.01,50,8,8,189.68009819156933
657,6,0.01,200,2,2,110.061558075513
658,6,0.01,200,2,4,131.7332578296548
659,6,0.01,200,2,8,143.19710734658435
660,6,0.01,200,4,2,110.53805168175522
661,6,0.01,200,4,4,111.6760129993234
662,6,0.01,200,4,8,128.04141297063367
663,6,0.01,200,8,2,117.77554450786783
664,6,0.01,200,8,4,131.20233858396864
665,6,0.01,200,8,8,133.04935417262254
666,6,0.01,500,2,2,36.577738450658686
667,6,0.01,500,2,4,30.448900598181527
668,6,0.01,500,2,8,49.469478984963054
669,6,0.01,500,4,2,8.436548702159328
670,6,0.01,500,4,4,11.492758751628982
671,6,0.01,500,4,8,28.68716583389762
672,6,0.01,500,8,2,8.0570939739874
673,6,0.01,500,8,4,9.61131522587277
674,6,0.01,500,8,8,11.301900207629807
675,6,0.1,50,2,2,74.30794524662974
676,6,0.1,50,2,4,89.66097049512096
677,6,0.1,50,2,8,97.44676500160148
678,6,0.1,50,4,2,78.18052201880161
679,6,0.1,50,4,4,97.31698762692992
680,6,0.1,50,4,8,110.77788843561544
681,6,0.1,50,8,2,80.54763533698632
682,6,0.1,50,8,4,109.699242987581
683,6,0.1,50,8,8,125.52484802832537
684,6,0.1,200,2,2,31.19217085787952
685,6,0.1,200,2,4,26.671467023164
686,6,0.1,200,2,8,26.86179549055346
687,6,0.1,200,4,2,22.998907477926483
688,6,0.1,200,4,4,13.667761797563331
689,6,0.1,200,4,8,15.883909593811437
690,6,0.1,200,8,2,16.396050121743546
691,6,0.1,200,8,4,12.50471865282965
692,6,0.1,200,8,8,13.995751553737836
693,6,0.1,500,2,2,8.928811498411752
694,6,0.1,500,2,4,11.050760883354332
695,6,0.1,500,2,8,12.375635304182525
696,6,0.1,500,4,2,9.372498445548892
697,6,0.1,500,4,4,13.135675793279255
698,6,0.1,500,4,8,15.513090942832314
699,6,0.1,500,8,2,9.397810384704272
700,6,0.1,500,8,4,11.641208628930467
701,6,0.1,500,8,8,13.412131275466319
702,6,1.0,50,2,2,38.81270738137783
703,6,1.0,50,2,4,42.34970607182672
704,6,1.0,50,2,8,42.61217370684651
705,6,1.0,50,4,2,34.96742967391925
706,6,1.0,50,4,4,34.57403372009437
707,6,1.0,50,4,8,29.21222686574597
708,6,1.0,50,8,2,31.898551707141557
709,6,1.0,50,8,4,26.173192305933917
710,6,1.0,50,8,8,22.11434516173547
711,6,1.0,200,2,2,13.630648220934013
712,6,1.0,200,2,4,14.129376298944265
713,6,1.0,200,2,8,14.79069594658996
714,6,1.0,200,4,2,12.581719116015373
715,6,1.0,200,4,4,14.717061523002007
716,6,1.0,200,4,8,16.956056121718895
717,6,1.0,200,8,2,12.52715875901181
718,6,1.0,200,8,4,14.982197687875892
719,6,1.0,200,8,8,17.38732385278766
720,6,1.0,500,2,2,10.31790851602298
721,6,1.0,500,2,4,12.5596840202773
722,6,1.0,500,2,8,13.506534125407988
723,6,1.0,500,4,2,11.04852412107184
724,6,1.0,500,4,4,14.334994434239851
725,6,1.0,500,4,8,16.6998644109464
726,6,1.0,500,8,2,11.318450711452003
727,6,1.0,500,8,4,14.593774440181289
728,6,1.0,500,8,8,17.01423139093326
729,6,10.0,50,2,2,29.787054370871616
730,6,10.0,50,2,4,26.265488768887487
731,6,10.0,50,2,8,25.06242260243173
732,6,10.0,50,4,2,26.15029427415684
733,6,10.0,50,4,4,21.55768237267183
734,6,10.0,50,4,8,21.595265402941596
735,6,10.0,50,8,2,24.534387706130882
736,6,10.0,50,8,4,20.069968666466554
737,6,10.0,50,8,8,22.18245714933052
738,6,10.0,200,2,2,14.520601698543492
739,6,10.0,200,2,4,15.432681547920357
740,6,10.0,200,2,8,16.162930610744276
741,6,10.0,200,4,2,14.206771600682712
742,6,10.0,200,4,4,16.415778134436188
743,6,10.0,200,4,8,18.868179604803455
744,6,10.0,200,8,2,14.366485860679619
745,6,10.0,200,8,4,17.104197878079237
746,6,10.0,200,8,8,21.02044164206339
747,6,10.0,500,2,2,12.899016710997614
748,6,10.0,500,2,4,14.390382977996728
749,6,10.0,500,2,8,15.25166349249583
750,6,10.0,500,4,2,13.367096321512893
751,6,10.0,500,4,4,16.066853211666686
752,6,10.0,500,4,8,18.603614254987892
753,6,10.0,500,8,2,13.652057204834453
754,6,10.0,500,8,4,16.867040834058674
755,6,10.0,500,8,8,20.85162799434731
756,7,0.01,50,2,2,136.42864616209394
757,7,0.01,50,2,4,154.52155874506443
758,7,0.01,50,2,8,164.05531899276943
759,7,0.01,50,4,2,141.40912757938383
760,7,0.01,50,4,4,156.10002988415468
761,7,0.01,50,4,8,177.49790374162765
762,7,0.01,50,8,2,153.19139443423327
763,7,0.01,50,8,4,180.6265170974114
764,7,0.01,50,8,8,189.98198723988665
765,7,0.01,200,2,2,109.91551452757842
766,7,0.01,200,2,4,132.3255501691551
767,7,0.01,200,2,8,141.23530094329797
768,7,0.01,200,4,2,109.29533180745243
769,7,0.01,200,4,4,111.44272697543539
770,7,0.01,200,4,8,127.37842144175332
771,7,0.01,200,8,2,118.37636487228342
772,7,0.01,200,8,4,130.03750172139908
773,7,0.01,200,8,8,132.3375905374686
774,7,0.01,500,2,2,36.17525015258768
775,7,0.01,500,2,4,31.927416917428303
776,7,0.01,500,2,8,51.86706952982141
777,7,0.01,500,4,2,8.476570825528745
778,7,0.01,500,4,4,11.465696837937596
779,7,0.01,500,4,8,29.51664445367541
780,7,0.01,500,8,2,8.640047519694445
781,7,0.01,500,8,4,9.607285484839462
782,7,0.01,500,8,8,11.28577228896841
783,7,0.1,50,2,2,75.18693903763715
784,7,0.1,50,2,4,87.64245686254787
785,7,0.1,50,2,8,97.52467302014792
786,7,0.1,50,4,2,79.09170395741702
787,7,0.1,50,4,4,95.56780440264538
788,7,0.1,50,4,8,107.12736754321699
789,7,0.1,50,8,2,79.87884653109626
790,7,0.1,50,8,4,108.78508574910077
791,7,0.1,50,8,8,126.74024913833786
792,7,0.1,200,2,2,31.532633695307645
793,7,0.1,200,2,4,27.24857613579511
794,7,0.1,200,2,8,27.002091150189724
795,7,0.1,200,4,2,22.235826242552015
796,7,0.1,200,4,4,13.74024103811139
797,7,0.1,200,4,8,15.932437227234127
798,7,0.1,200,8,2,16.87569985527915
799,7,0.1,200,8,4,12.508246028899592
800,7,0.1,200,8,8,14.059955824542477
801,7,0.1,500,2,2,8.928963592636217
802,7,0.1,500,2,4,11.076372489531735
803,7,0.1,500,2,8,12.312140445009815
804,7,0.1,500,4,2,9.371727944619858
805,7,0.1,500,4,4,13.137404184327762
806,7,0.1,500,4,8,15.516315855874351
807,7,0.1,500,8,2,9.403938085380608
808,7,0.1,500,8,4,11.650145049276832
809,7,0.1,500,8,8,13.39897402920837
810,7,1.0,50,2,2,39.64202572847939
811,7,1.0,50,2,4,41.06884591174562
812,7,1.0,50,2,8,43.33240662586441
813,7,1.0,50,4,2,35.138169938591005
814,7,1.0,50,4,4,34.2997120302974
815,7,1.0,50,4,8,31.817478472379484
816,7,1.0,50,8,2,31.801520530767828
817,7,1.0,50,8,4,25.721364441152797
818,7,1.0,50,8,8,21.893500129042653
819,7,1.0,200,2,2,13.580390907919922
820,7,1.0,200,2,4,14.033872091744716
821,7,1.0,200,2,8,15.013823560928813
822,7,1.0,200,4,2,12.582579398568843
823,7,1.0,200,4,4,14.718034925321664
824,7,1.0,200,4,8,16.985140982360843
825,7,1.0,200,8,2,12.503413840468355
826,7,1.0,200,8,4,14.972173438683756
827,7,1.0,200,8,8,17.31208596956692
828,7,1.0,500,2,2,10.312290443834389
829,7,1.0,500,2,4,12.57944723252104
830,7,1.0,500,2,8,13.516570341532923
831,7,1.0,500,4,2,11.035508671087104
832,7,1.0,500,4,4,14.32767930996432
833,7,1.0,500,4,8,16.70895252681798
834,7,1.0,500,8,2,11.312951179063878
835,7,1.0,500,8,4,14.602982600485358
836,7,1.0,500,8,8,17.075418353785278
837,7,10.0,50,2,2,29.294135028122923
838,7,10.0,50,2,4,26.038255937126713
839,7,10.0,50,2,8,24.759386382749735
840,7,10.0,50,4,2,26.338573377088654
841,7,10.0,50,4,4,21.730256426053536
842,7,10.0,50,4,8,21.56544903477628
843,7,10.0,50,8,2,24.778661219875566
844,7,10.0,50,8,4,20.1781785543321
845,7,10.0,50,8,8,22.15648002128483
846,7,10.0,200,2,2,14.575419838356474
847,7,10.0,200,2,4,15.401531371233887
848,7,10.0,200,2,8,16.20515003995282
849,7,10.0,200,4,2,14.268148142703003
850,7,10.0,200,4,4,16.414289441144444
851,7,10.0,200,4,8,18.879537984238148
852,7,10.0,200,8,2,14.352876307157887
853,7,10.0,200,8,4,17.102065384373226
854,7,10.0,200,8,8,20.99324535548089
855,7,10.0,500,2,2,12.904288597791352
856,7,10.0,500,2,4,14.4246482290551
857,7,10.0,500,2,8,15.250920877637743
858,7,10.0,500,4,2,13.378188564235963
859,7,10.0,500,4,4,16.063448154355466
860,7,10.0,500,4,8,18.59444394139018
861,7,10.0,500,8,2,13.6532127092914
862,7,10.0,500,8,4,16.872924564031745
863,7,10.0,500,8,8,20.857692007685106
864,8,0.01,50,2,2,136.6776076628205
865,8,0.01,50,2,4,153.9259615688577
866,8,0.01,50,2,8,163.4316785895236
867,8,0.01,50,4,2,139.39205484776167
868,8,0.01,50,4,4,155.81387442339528
869,8,0.01,50,4,8,176.91142612816773
870,8,0.01,50,8,2,154.14223295398799
871,8,0.01,50,8,4,180.008050526621
872,8,0.01,50,8,8,190.927872655121
873,8,0.01,200,2,2,109.11928713811783
874,8,0.01,200,2,4,132.34578210200598
875,8,0.01,200,2,8,143.1606886832808
876,8,0.01,200,4,2,110.62603169622862
877,8,0.01,200,4,4,110.25390014324053
878,8,0.01,200,4,8,126.86424608178194
879,8,0.01,200,8,2,118.13038201559905
880,8,0.01,200,8,4,130.69224070520826
881,8,0.01,200,8,8,131.53017755181327
882,8,0.01,500,2,2,35.12940750434663
883,8,0.01,500,2,4,30.897842173863477
884,8,0.01,500,2,8,52.00139025516971
885,8,0.01,500,4,2,8.509555606557475
886,8,0.01,500,4,4,11.535352189169338
887,8,0.01,500,4,8,27.579469538864704
888,8,0.01,500,8,2,8.063224819042432
889,8,0.01,500,8,4,9.599437307715274
890,8,0.01,500,8,8,11.290531978862761
891,8,0.1,50,2,2,76.2828962311721
892,8,0.1,50,2,4,86.4736272486224
893,8,0.1,50,2,8,97.92479876141374
894,8,0.1,50,4,2,77.2552251437514
895,8,0.1,50,4,4,98.33858819487709
896,8,0.1,50,4,8,108.14962077222023
897,8,0.1,50,8,2,78.09379254630382
898,8,0.1,50,8,4,110.227785670795
899,8,0.1,50,8,8,124.05881904887403
900,8,0.1,200,2,2,32.244266443909986
901,8,0.1,200,2,4,28.84267402865572
902,8,0.1,200,2,8,29.44906492707953
903,8,0.1,200,4,2,22.182088788452695
904,8,0.1,200,4,4,13.722880443345469
905,8,0.1,200,4,8,15.993038212633394
906,8,0.1,200,8,2,16.807365115485656
907,8,0.1,200,8,4,12.563071166761466
908,8,0.1,200,8,8,14.013531276515945
909,8,0.1,500,2,2,8.984383067251812
910,8,0.1,500,2,4,11.006710953079429
911,8,0.1,500,2,8,12.376526555395744
912,8,0.1,500,4,2,9.379335138634415
913,8,0.1,500,4,4,13.147775707034269
914,8,0.1,500,4,8,15.510968787940955
915,8,0.1,500,8,2,9.39433106270599
916,8,0.1,500,8,4,11.658762643111327
917,8,0.1,500,8,8,13.39063796195223
918,8,1.0,50,2,2,39.66072657263464
919,8,1.0,50,2,4,40.85000760884955
920,8,1.0,50,2,8,42.659925007671504
921,8,1.0,50,4,2,35.78383753053696
922,8,1.0,50,4,4,36.405077320253056
923,8,1.0,50,4,8,29.827789096929205
924,8,1.0,50,8,2,31.7461308802616
925,8,1.0,50,8,4,26.800841600099666
926,8,1.0,50,8,8,20.79058802475387
927,8,1.0,200,2,2,13.726982409894134
928,8,1.0,200,2,4,14.072694601155897
929,8,1.0,200,2,8,15.010681926528656
930,8,1.0,200,4,2,12.559107384033764
931,8,1.0,200,4,4,14.67562048151062
932,8,1.0,200,4,8,16.968791814088675
933,8,1.0,200,8,2,12.51678133800685
934,8,1.0,200,8,4,14.978102277025782
935,8,1.0,200,8,8,17.37725650762195
936,8,1.0,500,2,2,10.36346456090231
937,8,1.0,500,2,4,12.583293502104583
938,8,1.0,500,2,8,13.508354710054672
939,8,1.0,500,4,2,11.038485221050115
940,8,1.0,500,4,4,14.330237046788119
941,8,1.0,500,4,8,16.710403669265293
942,8,1.0,500,8,2,11.319385266815663
943,8,1.0,500,8,4,14.595348850536176
944,8,1.0,500,8,8,17.021913541634984
945,8,10.0,50,2,2,30.209202265026097
946,8,10.0,50,2,4,26.423098129214406
947,8,10.0,50,2,8,24.626567732580064
948,8,10.0,50,4,2,26.203763659433232
949,8,10.0,50,4,4,21.9167661580002
950,8,10.0,50,4,8,21.630484001398713
951,8,10.0,50,8,2,24.879032824076475
952,8,10.0,50,8,4,20.216957071749615
953,8,10.0,50,8,8,22.204775679755947
954,8,10.0,200,2,2,14.585344070597541
955,8,10.0,200,2,4,15.433986372070306
956,8,10.0,200,2,8,16.250687335223315
957,8,10.0,200,4,2,14.206775494114966
958,8,10.0,200,4,4,16.40797854082405
959,8,10.0,200,4,8,18.86467465554652
960,8,10.0,200,8,2,14.351576454683267
961,8,10.0,200,8,4,17.11466088705975
962,8,10.0,200,8,8,21.00393503650738
963,8,10.0,500,2,2,12.896083568472612
964,8,10.0,500,2,4,14.4187395814247
965,8,10.0,500,2,8,15.239145637253355
966,8,10.0,500,4,2,13.38792878362738
967,8,10.0,500,4,4,16.06503822072787
968,8,10.0,500,4,8,18.60269447416741
969,8,10.0,500,8,2,13.653015871107343
970,8,10.0,500,8,4,16.891714225040904
971,8,10.0,500,8,8,20.864284757654318
972,9,0.01,50,2,2,137.21979382091223
973,9,0.01,50,2,4,154.2224303945577
974,9,0.01,50,2,8,162.79788845342497
975,9,0.01,50,4,2,141.33152847367197
976,9,0.01,50,4,4,154.34755407829167
977,9,0.01,50,4,8,175.97346675880655
978,9,0.01,50,8,2,151.69642442526668
979,9,0.01,50,8,4,180.0789656361717
980,9,0.01,50,8,8,190.13862944236104
981,9,0.01,200,2,2,109.86135668453178
982,9,0.01,200,2,4,133.54398695685083
983,9,0.01,200,2,8,143.5366681266265
984,9,0.01,200,4,2,110.08038877889821
985,9,0.01,200,4,4,112.96592992109174
986,9,0.01,200,4,8,124.51361326683693
987,9,0.01,200,8,2,117.67498790578009
988,9,0.01,200,8,4,132.1683843692667
989,9,0.01,200,8,8,129.94806377558004
990,9,0.01,500,2,2,35.628274706862335
991,9,0.01,500,2,4,31.5490478855599
992,9,0.01,500,2,8,48.871413272462284
993,9,0.01,500,4,2,8.611473201672581
994,9,0.01,500,4,4,11.51771093805907
995,9,0.01,500,4,8,29.850977221264518
996,9,0.01,500,8,2,8.052322469683
997,9,0.01,500,8,4,9.598927843304521
998,9,0.01,500,8,8,11.294249592272125
999,9,0.1,50,2,2,74.26328585147417
1000,9,0.1,50,2,4,87.87024429497448
1001,9,0.1,50,2,8,98.78169122468859
1002,9,0.1,50,4,2,78.28453837357833
1003,9,0.1,50,4,4,94.69587794338777
1004,9,0.1,50,4,8,110.46359668242114
1005,9,0.1,50,8,2,77.80401498883312
1006,9,0.1,50,8,4,110.55218702729745
1007,9,0.1,50,8,8,124.29683786483967
1008,9,0.1,200,2,2,31.579179039322845
1009,9,0.1,200,2,4,25.399109009261633
1010,9,0.1,200,2,8,27.521875593233712
1011,9,0.1,200,4,2,21.815150933277984
1012,9,0.1,200,4,4,13.683753071216014
1013,9,0.1,200,4,8,15.953699712461084
1014,9,0.1,200,8,2,16.964569419840455
1015,9,0.1,200,8,4,12.55676077700525
1016,9,0.1,200,8,8,14.026497288709878
1017,9,0.1,500,2,2,8.960995821110343
1018,9,0.1,500,2,4,11.064468984432589
1019,9,0.1,500,2,8,12.427603613468138
1020,9,0.1,500,4,2,9.377746179817725
1021,9,0.1,500,4,4,13.131731614037253
1022,9,0.1,500,4,8,15.515509936318058
1023,9,0.1,500,8,2,9.388984321044026
1024,9,0.1,500,8,4,11.65109998233385
1025,9,0.1,500,8,8,13.404779384665847
1026,9,1.0,50,2,2,39.64832916395297
1027,9,1.0,50,2,4,42.33747836468045
1028,9,1.0,50,2,8,42.77647441238088
1029,9,1.0,50,4,2,36.1998939175395
1030,9,1.0,50,4,4,36.29746700728605
1031,9,1.0,50,4,8,31.115901122630852
1032,9,1.0,50,8,2,31.62896335780861
1033,9,1.0,50,8,4,27.415633331892398
1034,9,1.0,50,8,8,21.516718552002622
1035,9,1.0,200,2,2,13.581375277380742
1036,9,1.0,200,2,4,13.995015346877121
1037,9,1.0,200,2,8,14.734174093937833
1038,9,1.0,200,4,2,12.653099741760956
1039,9,1.0,200,4,4,14.664726490236607
1040,9,1.0,200,4,8,16.96334983366628
1041,9,1.0,200,8,2,12.552615855885954
1042,9,1.0,200,8,4,14.978759859138025
1043,9,1.0,200,8,8,17.41694331823989
1044,9,1.0,500,2,2,10.35764617072808
1045,9,1.0,500,2,4,12.569094469081895
1046,9,1.0,500,2,8,13.511570669676784
1047,9,1.0,500,4,2,11.041650640128159
1048,9,1.0,500,4,4,14.336043404751873
1049,9,1.0,500,4,8,16.70853461368673
1050,9,1.0,500,8,2,11.317118508069251
1051,9,1.0,500,8,4,14.612740489067411
1052,9,1.0,500,8,8,17.049202568669863
1053,9,10.0,50,2,2,29.751992615717572
1054,9,10.0,50,2,4,26.636352124804958
1055,9,10.0,50,2,8,25.13030183185057
1056,9,10.0,50,4,2,26.458715344972795
1057,9,10.0,50,4,4,21.87253936007114
1058,9,10.0,50,4,8,21.675069539135674
1059,9,10.0,50,8,2,24.65895945622246
1060,9,10.0,50,8,4,20.172763985119055
1061,9,10.0,50,8,8,22.148547901234988
1062,9,10.0,200,2,2,14.615158943410849
1063,9,10.0,200,2,4,15.409053895537077
1064,9,10.0,200,2,8,16.176176138661265
1065,9,10.0,200,4,2,14.262192178358202
1066,9,10.0,200,4,4,16.383385294886498
1067,9,10.0,200,4,8,18.87268709070549
1068,9,10.0,200,8,2,14.349667859636499
1069,9,10.0,200,8,4,17.114963569836373
1070,9,10.0,200,8,8,21.009345109729082
1071,9,10.0,500,2,2,12.915859828893657
1072,9,10.0,500,2,4,14.408410694333094
1073,9,10.0,500,2,8,15.232402591666215
1074,9,10.0,500,4,2,13.373413704896535
1075,9,10.0,500,4,4,16.050495456166697
1076,9,10.0,500,4,8,18.57407858040565
1077,9,10.0,500,8,2,13.6539677648615
1078,9,10.0,500,8,4,16.879459385282583
1079,9,10.0,500,8,8,20.847729533229124
1080,10,0.01,50,2,2,137.48841877108447
1081,10,0.01,50,2,4,154.29520908663568
1082,10,0.01,50,2,8,163.76237564495662
1083,10,0.01,50,4,2,141.95429747479898
1084,10,0.01,50,4,4,155.08528295183504
1085,10,0.01,50,4,8,177.3932561317211
1086,10,0.01,50,8,2,154.82315582453347
1087,10,0.01,50,8,4,180.06853521865906
1088,10,0.01,50,8,8,190.71548722645386
1089,10,0.01,200,2,2,108.70062424060237
1090,10,0.01,200,2,4,132.5955613062247
1091,10,0.01,200,2,8,143.172637354582
1092,10,0.01,200,4,2,110.26032373096776
1093,10,0.01,200,4,4,110.29386489420335
1094,10,0.01,200,4,8,124.59366387411393
1095,10,0.01,200,8,2,117.60781201281507
1096,10,0.01,200,8,4,130.58467568927
1097,10,0.01,200,8,8,131.7748734883378
1098,10,0.01,500,2,2,34.890091724138514
1099,10,0.01,500,2,4,34.49658285715849
1100,10,0.01,500,2,8,51.76268122737345
1101,10,0.01,500,4,2,8.62370666537253
1102,10,0.01,500,4,4,11.496234277248051
1103,10,0.01,500,4,8,32.21064953949398
1104,10,0.01,500,8,2,8.396214504124318
1105,10,0.01,500,8,4,9.60068283831489
1106,10,0.01,500,8,8,11.289889506634752
1107,10,0.1,50,2,2,72.89098579341977
1108,10,0.1,50,2,4,88.3711308086894
1109,10,0.1,50,2,8,98.354403015469
1110,10,0.1,50,4,2,78.63372744593134
1111,10,0.1,50,4,4,96.78952118138854
1112,10,0.1,50,4,8,108.01833890697527
1113,10,0.1,50,8,2,78.15922033742969
1114,10,0.1,50,8,4,109.89257592072667
1115,10,0.1,50,8,8,122.91555070445915
1116,10,0.1,200,2,2,33.01824556593953
1117,10,0.1,200,2,4,26.521354564290352
1118,10,0.1,200,2,8,27.220705857721217
1119,10,0.1,200,4,2,21.70723281775003
1120,10,0.1,200,4,4,13.652271101380384
1121,10,0.1,200,4,8,16.00202428410121
1122,10,0.1,200,8,2,15.99147486065604
1123,10,0.1,200,8,4,12.528359400820326
1124,10,0.1,200,8,8,14.062142736347202
1125,10,0.1,500,2,2,8.97150253963089
1126,10,0.1,500,2,4,11.037443588993993
1127,10,0.1,500,2,8,12.32948425303349
1128,10,0.1,500,4,2,9.382230081515281
1129,10,0.1,500,4,4,13.142082070070732
1130,10,0.1,500,4,8,15.500960904761591
1131,10,0.1,500,8,2,9.396637627686548
1132,10,0.1,500,8,4,11.663272327555365
1133,10,0.1,500,8,8,13.39299597386656
1134,10,1.0,50,2,2,38.947050732664025
1135,10,1.0,50,2,4,41.07478285840638
1136,10,1.0,50,2,8,43.58186735139646
1137,10,1.0,50,4,2,35.94938062577308
1138,10,1.0,50,4,4,38.04572215752127
1139,10,1.0,50,4,8,28.641482476167624
1140,10,1.0,50,8,2,30.9501609095518
1141,10,1.0,50,8,4,26.54652581482018
1142,10,1.0,50,8,8,20.006895402522126
1143,10,1.0,200,2,2,13.563524198754008
1144,10,1.0,200,2,4,14.02797370161121
1145,10,1.0,200,2,8,14.843828638771958
1146,10,1.0,200,4,2,12.602794797446437
1147,10,1.0,200,4,4,14.713949987996683
1148,10,1.0,200,4,8,16.971330478103994
1149,10,1.0,200,8,2,12.53840459600951
1150,10,1.0,200,8,4,14.943284323347669
1151,10,1.0,200,8,8,17.314659672520143
1152,10,1.0,500,2,2,10.33028159659698
1153,10,1.0,500,2,4,12.577486578809644
1154,10,1.0,500,2,8,13.511976510352163
1155,10,1.0,500,4,2,11.069154279015029
1156,10,1.0,500,4,4,14.33881487749474
1157,10,1.0,500,4,8,16.701503749918597
1158,10,1.0,500,8,2,11.331346356360427
1159,10,1.0,500,8,4,14.602573512851842
1160,10,1.0,500,8,8,17.07277183013547
1161,10,10.0,50,2,2,30.149830189190315
1162,10,10.0,50,2,4,26.797118143029568
1163,10,10.0,50,2,8,24.964709130397093
1164,10,10.0,50,4,2,26.48835520135581
1165,10,10.0,50,4,4,21.63141708860588
1166,10,10.0,50,4,8,21.711955944002526
1167,10,10.0,50,8,2,24.544472405021647
1168,10,10.0,50,8,4,20.16677359350352
1169,10,10.0,50,8,8,22.21212193259102
1170,10,10.0,200,2,2,14.634893608475481
1171,10,10.0,200,2,4,15.343545387908259
1172,10,10.0,200,2,8,16.184454907656267
1173,10,10.0,200,4,2,14.21510700884623
1174,10,10.0,200,4,4,16.404407681157796
1175,10,10.0,200,4,8,18.87627876446776
1176,10,10.0,200,8,2,14.40370417212787
1177,10,10.0,200,8,4,17.102861782887413
1178,10,10.0,200,8,8,21.022840521879967
1179,10,10.0,500,2,2,12.90571441647495
1180,10,10.0,500,2,4,14.40664625967529
1181,10,10.0,500,2,8,15.255659460306777
1182,10,10.0,500,4,2,13.390647790237315
1183,10,10.0,500,4,4,16.049054526173247
1184,10,10.0,500,4,8,18.59671740534857
1185,10,10.0,500,8,2,13.654091251938365
1186,10,10.0,500,8,4,16.862107614938694
1187,10,10.0,500,8,8,20.863825565416356
1188,11,0.01,50,2,2,138.0039077841283
1189,11,0.01,50,2,4,154.38986512556843
1190,11,0.01,50,2,8,163.25286060064371
1191,11,0.01,50,4,2,139.84424271310286
1192,11,0.01,50,4,4,155.9045576201381
1193,11,0.01,50,4,8,177.02200363806102
1194,11,0.01,50,8,2,151.56018544110984
1195,11,0.01,50,8,4,180.37610984878486
1196,11,0.01,50,8,8,191.20084784690863
1197,11,0.01,200,2,2,108.43199732117961
1198,11,0.01,200,2,4,133.06981662112958
1199,11,0.01,200,2,8,143.40008797689424
1200,11,0.01,200,4,2,110.53666498165816
1201,11,0.01,200,4,4,113.03375003445026
1202,11,0.01,200,4,8,125.97309757831853
1203,11,0.01,200,8,2,117.05593553865742
1204,11,0.01,200,8,4,131.092864950873
1205,11,0.01,200,8,8,129.7763900379626
1206,11,0.01,500,2,2,35.084514812470545
1207,11,0.01,500,2,4,31.906792676235533
1208,11,0.01,500,2,8,48.419024599911005
1209,11,0.01,500,4,2,8.716581560330884
1210,11,0.01,500,4,4,11.47313022381287
1211,11,0.01,500,4,8,26.552560396175156
1212,11,0.01,500,8,2,8.059485766569304
1213,11,0.01,500,8,4,9.607442919015375
1214,11,0.01,500,8,8,11.286731856898236
1215,11,0.1,50,2,2,74.24063110325847
1216,11,0.1,50,2,4,88.55693858364444
1217,11,0.1,50,2,8,97.45270694204461
1218,11,0.1,50,4,2,78.39901324157209
1219,11,0.1,50,4,4,97.32438772279883
1220,11,0.1,50,4,8,108.70474230994427
1221,11,0.1,50,8,2,78.73837138709834
1222,11,0.1,50,8,4,110.44786799433763
1223,11,0.1,50,8,8,125.3832219053158
1224,11,0.1,200,2,2,31.882047883791973
1225,11,0.1,200,2,4,28.188289521318872
1226,11,0.1,200,2,8,30.308095269836706
1227,11,0.1,200,4,2,22.325090633263894
1228,11,0.1,200,4,4,13.637681151811929
1229,11,0.1,200,4,8,15.946662453190514
1230,11,0.1,200,8,2,16.19808390082313
1231,11,0.1,200,8,4,12.566013888564958
1232,11,0.1,200,8,8,13.975968034276452
1233,11,0.1,500,2,2,8.977938846154666
1234,11,0.1,500,2,4,11.078391347677465
1235,11,0.1,500,2,8,12.33270464832719
1236,11,0.1,500,4,2,9.373747881878803
1237,11,0.1,500,4,4,13.139629240103497
1238,11,0.1,500,4,8,15.505995298520952
1239,11,0.1,500,8,2,9.40189481264895
1240,11,0.1,500,8,4,11.65950682603126
1241,11,0.1,500,8,8,13.383790594502376
1242,11,1.0,50,2,2,39.07344172928432
1243,11,1.0,50,2,4,43.37457798469447
1244,11,1.0,50,2,8,43.49878348918579
1245,11,1.0,50,4,2,34.4965897685258
1246,11,1.0,50,4,4,35.68635415611018
1247,11,1.0,50,4,8,31.325419427570836
1248,11,1.0,50,8,2,31.10276527254252
1249,11,1.0,50,8,4,27.403824841366202
1250,11,1.0,50,8,8,20.384327163651857
1251,11,1.0,200,2,2,13.77358013388639
1252,11,1.0,200,2,4,14.05317697682947
1253,11,1.0,200,2,8,14.815411502866452
1254,11,1.0,200,4,2,12.56020596183482
1255,11,1.0,200,4,4,14.66861305904303
1256,11,1.0,200,4,8,16.969334263868063
1257,11,1.0,200,8,2,12.54195306562895
1258,11,1.0,200,8,4,15.00245709957733
1259,11,1.0,200,8,8,17.379875102938744
1260,11,1.0,500,2,2,10.357826635029106
1261,11,1.0,500,2,4,12.596619385624425
1262,11,1.0,500,2,8,13.51747187525972
1263,11,1.0,500,4,2,11.059731864507155
1264,11,1.0,500,4,4,14.33933058661956
1265,11,1.0,500,4,8,16.708421029917467
1266,11,1.0,500,8,2,11.32081003721384
1267,11,1.0,500,8,4,14.609975025278374
1268,11,1.0,500,8,8,17.06042300148217
1269,11,10.0,50,2,2,29.251017300122076
1270,11,10.0,50,2,4,26.16872911363583
1271,11,10.0,50,2,8,25.095283660957605
1272,11,10.0,50,4,2,26.35385484674307
1273,11,10.0,50,4,4,21.632337350748575
1274,11,10.0,50,4,8,21.563158550433712
1275,11,10.0,50,8,2,24.49342000923471
1276,11,10.0,50,8,4,20.1032557569367
1277,11,10.0,50,8,8,22.13643027703781
1278,11,10.0,200,2,2,14.565899104330267
1279,11,10.0,200,2,4,15.359173328088515
1280,11,10.0,200,2,8,16.16905534276787
1281,11,10.0,200,4,2,14.268901937430224
1282,11,10.0,200,4,4,16.42697502814926
1283,11,10.0,200,4,8,18.875033346992996
1284,11,10.0,200,8,2,14.356063975755212
1285,11,10.0,200,8,4,17.12264463836183
1286,11,10.0,200,8,8,20.977301091949244
1287,11,10.0,500,2,2,12.884713813940094
1288,11,10.0,500,2,4,14.383125198172635
1289,11,10.0,500,2,8,15.248010099065425
1290,11,10.0,500,4,2,13.376135376842928
1291,11,10.0,500,4,4,16.064952737291698
1292,11,10.0,500,4,8,18.591856993153144
1293,11,10.0,500,8,2,13.654497326566473
1294,11,10.0,500,8,4,16.873791912774823
1295,11,10.0,500,8,8,20.82840650157903
1296,12,0.01,50,2,2,137.42101398174427
1297,12,0.01,50,2,4,155.43199541248416
1298,12,0.01,50,2,8,165.04321605119145
1299,12,0.01,50,4,2,140.57861881608207
1300,12,0.01,50,4,4,153.91630719935822
1301,12,0.01,50,4,8,176.53541057354713
1302,12,0.01,50,8,2,153.0199604976405
1303,12,0.01,50,8,4,179.76326507518021
1304,12,0.01,50,8,8,190.14163497391996
1305,12,0.01,200,2,2,110.6986501065234
1306,12,0.01,200,2,4,133.99936004030369
1307,12,0.01,200,2,8,142.92152999447603
1308,12,0.01,200,4,2,109.54756906268037
1309,12,0.01,200,4,4,110.2422481934361
1310,12,0.01,200,4,8,128.22792730323852
1311,12,0.01,200,8,2,118.169766229852
1312,12,0.01,200,8,4,130.67922229356782
1313,12,0.01,200,8,8,132.0453173701589
1314,12,0.01,500,2,2,36.6493431667366
1315,12,0.01,500,2,4,31.301153080087424
1316,12,0.01,500,2,8,47.27293146329409
1317,12,0.01,500,4,2,8.397758420946749
1318,12,0.01,500,4,4,11.497684079708284
1319,12,0.01,500,4,8,30.999246711192466
1320,12,0.01,500,8,2,8.324357144849085
1321,12,0.01,500,8,4,9.607429617614791
1322,12,0.01,500,8,8,11.292579773491699
1323,12,0.1,50,2,2,73.91872257210547
1324,12,0.1,50,2,4,88.31872312051219
1325,12,0.1,50,2,8,97.53832411114185
1326,12,0.1,50,4,2,79.72477586343288
1327,12,0.1,50,4,4,95.65217810472471
1328,12,0.1,50,4,8,111.83766876170449
1329,12,0.1,50,8,2,78.32275506146793
1330,12,0.1,50,8,4,111.33335527735815
1331,12,0.1,50,8,8,125.65012317170232
1332,12,0.1,200,2,2,32.74559929087726
1333,12,0.1,200,2,4,30.631266486088165
1334,12,0.1,200,2,8,27.25875454884987
1335,12,0.1,200,4,2,22.839823707661807
1336,12,0.1,200,4,4,13.720840746640773
1337,12,0.1,200,4,8,15.86868557039863
1338,12,0.1,200,8,2,17.72635590999053
1339,12,0.1,200,8,4,12.548821893237752
1340,12,0.1,200,8,8,14.006601820633282
1341,12,0.1,500,2,2,8.977644600315836
1342,12,0.1,500,2,4,11.069127742927977
1343,12,0.1,500,2,8,12.327326024687808
1344,12,0.1,500,4,2,9.385811840097002
1345,12,0.1,500,4,4,13.15269266271303
1346,12,0.1,500,4,8,15.524930531811668
1347,12,0.1,500,8,2,9.395002668135723
1348,12,0.1,500,8,4,11.657359870659082
1349,12,0.1,500,8,8,13.394721918982313
1350,12,1.0,50,2,2,39.53379641085315
1351,12,1.0,50,2,4,41.13870970791238
1352,12,1.0,50,2,8,44.67133863886971
1353,12,1.0,50,4,2,35.23874776903734
1354,12,1.0,50,4,4,34.1270057172626
1355,12,1.0,50,4,8,32.169771693554644
1356,12,1.0,50,8,2,31.0236791189675
1357,12,1.0,50,8,4,26.465682499393274
1358,12,1.0,50,8,8,20.57656638949034
1359,12,1.0,200,2,2,13.623426434004566
1360,12,1.0,200,2,4,14.144933493098153
1361,12,1.0,200,2,8,14.868265759350477
1362,12,1.0,200,4,2,12.613419008374
1363,12,1.0,200,4,4,14.66798773509091
1364,12,1.0,200,4,8,16.97650340281074
1365,12,1.0,200,8,2,12.547097248089988
1366,12,1.0,200,8,4,14.972394718520405
1367,12,1.0,200,8,8,17.329815739941445
1368,12,1.0,500,2,2,10.334807895744524
1369,12,1.0,500,2,4,12.557569001008432
1370,12,1.0,500,2,8,13.505299693528157
1371,12,1.0,500,4,2,11.047366723497392
1372,12,1.0,500,4,4,14.32835223268389
1373,12,1.0,500,4,8,16.707249074304823
1374,12,1.0,500,8,2,11.315580338561407
1375,12,1.0,500,8,4,14.599567830208448
1376,12,1.0,500,8,8,16.990250989688967
1377,12,10.0,50,2,2,30.138723136418722
1378,12,10.0,50,2,4,26.27433375594608
1379,12,10.0,50,2,8,24.979593493389174
1380,12,10.0,50,4,2,27.044785902064845
1381,12,10.0,50,4,4,21.673682216549512
1382,12,10.0,50,4,8,21.850029257049876
1383,12,10.0,50,8,2,24.845251342705843
1384,12,10.0,50,8,4,20.078542789609987
1385,12,10.0,50,8,8,22.14243892327463
1386,12,10.0,200,2,2,14.485942603488814
1387,12,10.0,200,2,4,15.359508866961773
1388,12,10.0,200,2,8,16.18981410390478
1389,12,10.0,200,4,2,14.264802572687227
1390,12,10.0,200,4,4,16.401144922811113
1391,12,10.0,200,4,8,18.841334654717137
1392,12,10.0,200,8,2,14.342160072387708
1393,12,10.0,200,8,4,17.10082069346067
1394,12,10.0,200,8,8,21.037595791975445
1395,12,10.0,500,2,2,12.918087313061514
1396,12,10.0,500,2,4,14.430509914554058
1397,12,10.0,500,2,8,15.24265299936282
1398,12,10.0,500,4,2,13.402314717798633
1399,12,10.0,500,4,4,16.051540569393296
1400,12,10.0,500,4,8,18.591661762332084
1401,12,10.0,500,8,2,13.647092354425707
1402,12,10.0,500,8,4,16.878731548144145
1403,12,10.0,500,8,8,20.879459841234368
1404,13,0.01,50,2,2,137.01028126751712
1405,13,0.01,50,2,4,154.5268293868939
1406,13,0.01,50,2,8,164.48815882307568
1407,13,0.01,50,4,2,140.92692042394526
1408,13,0.01,50,4,4,156.73368945279398
1409,13,0.01,50,4,8,177.99460684717644
1410,13,0.01,50,8,2,152.0960617940012
1411,13,0.01,50,8,4,179.62416465103132
1412,13,0.01,50,8,8,190.2722967368544
1413,13,0.01,200,2,2,109.60341013246256
1414,13,0.01,200,2,4,133.40063712098024
1415,13,0.01,200,2,8,143.94535539189067
1416,13,0.01,200,4,2,110.09391070442696
1417,13,0.01,200,4,4,110.13963154856016
1418,13,0.01,200,4,8,126.9079416740443
1419,13,0.01,200,8,2,118.70646963445148
1420,13,0.01,200,8,4,131.52834712201462
1421,13,0.01,200,8,8,132.02137606385176
1422,13,0.01,500,2,2,34.43400963128037
1423,13,0.01,500,2,4,33.761023861514246
1424,13,0.01,500,2,8,50.7533028566072
1425,13,0.01,500,4,2,8.366734311664986
1426,13,0.01,500,4,4,11.479397604685321
1427,13,0.01,500,4,8,27.22019483408265
1428,13,0.01,500,8,2,8.053441362898505
1429,13,0.01,500,8,4,9.60315752554592
1430,13,0.01,500,8,8,11.28731806915779
1431,13,0.1,50,2,2,75.33016773200646
1432,13,0.1,50,2,4,86.51034603096875
1433,13,0.1,50,2,8,96.81365483422067
1434,13,0.1,50,4,2,77.32269446866825
1435,13,0.1,50,4,4,96.54372994417827
1436,13,0.1,50,4,8,110.86600845846509
1437,13,0.1,50,8,2,79.29739216753306
1438,13,0.1,50,8,4,109.66436706226743
1439,13,0.1,50,8,8,124.88831175150015
1440,13,0.1,200,2,2,32.066008437202264
1441,13,0.1,200,2,4,28.16662142447124
1442,13,0.1,200,2,8,25.91341206352745
1443,13,0.1,200,4,2,22.56773260839973
1444,13,0.1,200,4,4,13.72027732324169
1445,13,0.1,200,4,8,15.845238971154034
1446,13,0.1,200,8,2,16.10623816244381
1447,13,0.1,200,8,4,12.615177072317216
1448,13,0.1,200,8,8,14.019561044784096
1449,13,0.1,500,2,2,8.933277973553896
1450,13,0.1,500,2,4,11.070113498619355
1451,13,0.1,500,2,8,12.387030870348188
1452,13,0.1,500,4,2,9.386420859167256
1453,13,0.1,500,4,4,13.142834562673187
1454,13,0.1,500,4,8,15.524354198249442
1455,13,0.1,500,8,2,9.379715610902403
1456,13,0.1,500,8,4,11.630482355087931
1457,13,0.1,500,8,8,13.379577566414902
1458,13,1.0,50,2,2,39.15893599057332
1459,13,1.0,50,2,4,42.5761079474926
1460,13,1.0,50,2,8,43.90454106925006
1461,13,1.0,50,4,2,35.404188266128166
1462,13,1.0,50,4,4,36.010727025950196
1463,13,1.0,50,4,8,29.944992051772413
1464,13,1.0,50,8,2,31.294208475864338
1465,13,1.0,50,8,4,25.909047600376855
1466,13,1.0,50,8,8,20.54739093785455
1467,13,1.0,200,2,2,13.504265711741978
1468,13,1.0,200,2,4,13.930491922186086
1469,13,1.0,200,2,8,14.881136101451457
1470,13,1.0,200,4,2,12.581461398778565
1471,13,1.0,200,4,4,14.699202270660773
1472,13,1.0,200,4,8,16.95299269101596
1473,13,1.0,200,8,2,12.5216414222038
1474,13,1.0,200,8,4,14.980994327481707
1475,13,1.0,200,8,8,17.33302572173035
1476,13,1.0,500,2,2,10.34442284000525
1477,13,1.0,500,2,4,12.587334373619411
1478,13,1.0,500,2,8,13.534103973571048
1479,13,1.0,500,4,2,11.040253765949075
1480,13,1.0,500,4,4,14.3381647941962
1481,13,1.0,500,4,8,16.721952156654538
1482,13,1.0,500,8,2,11.300864964691655
1483,13,1.0,500,8,4,14.590074227388062
1484,13,1.0,500,8,8,17.00959305210856
1485,13,10.0,50,2,2,29.722417595083567
1486,13,10.0,50,2,4,26.52031188436229
1487,13,10.0,50,2,8,24.892629462481388
1488,13,10.0,50,4,2,26.156008191739947
1489,13,10.0,50,4,4,21.985999334065514
1490,13,10.0,50,4,8,21.734732607786608
1491,13,10.0,50,8,2,24.518527907572153
1492,13,10.0,50,8,4,20.215864444340085
1493,13,10.0,50,8,8,22.114503428787533
1494,13,10.0,200,2,2,14.551661702598944
1495,13,10.0,200,2,4,15.378034462804699
1496,13,10.0,200,2,8,16.13452659534238
1497,13,10.0,200,4,2,14.280159338908964
1498,13,10.0,200,4,4,16.418698541729768
1499,13,10.0,200,4,8,18.881920360596435
1500,13,10.0,200,8,2,14.359504375352296
1501,13,10.0,200,8,4,17.13451906150967
1502,13,10.0,200,8,8,21.031372523411445
1503,13,10.0,500,2,2,12.924697955086788
1504,13,10.0,500,2,4,14.384132867532546
1505,13,10.0,500,2,8,15.202046151220495
1506,13,10.0,500,4,2,13.371624814853615
1507,13,10.0,500,4,4,16.066855111078844
1508,13,10.0,500,4,8,18.617448440752877
1509,13,10.0,500,8,2,13.653461931139594
1510,13,10.0,500,8,4,16.886348948862626
1511,13,10.0,500,8,8,20.872454093967608
1512,14,0.01,50,2,2,137.1266123868997
1513,14,0.01,50,2,4,153.0838706447175
1514,14,0.01,50,2,8,164.60269142490506
1515,14,0.01,50,4,2,139.95030300356987
1516,14,0.01,50,4,4,156.20854022701818
1517,14,0.01,50,4,8,176.57497995207154
1518,14,0.01,50,8,2,154.00040736701888
1519,14,0.01,50,8,4,180.39235751252264
1520,14,0.01,50,8,8,190.16813976821683
1521,14,0.01,200,2,2,109.51019884105553
1522,14,0.01,200,2,4,132.13157767359007
1523,14,0.01,200,2,8,143.50450847601232
1524,14,0.01,200,4,2,110.68893223185383
1525,14,0.01,200,4,4,111.230201210993
1526,14,0.01,200,4,8,129.69905766105822
1527,14,0.01,200,8,2,118.49196146809349
1528,14,0.01,200,8,4,131.41203680371382
1529,14,0.01,200,8,8,129.81574077353557
1530,14,0.01,500,2,2,35.97252910258912
1531,14,0.01,500,2,4,31.62387185478158
1532,14,0.01,500,2,8,48.104404392153405
1533,14,0.01,500,4,2,8.485104692810173
1534,14,0.01,500,4,4,11.475113187077937
1535,14,0.01,500,4,8,31.414266324277367
1536,14,0.01,500,8,2,8.056079289156953
1537,14,0.01,500,8,4,9.597228572074776
1538,14,0.01,500,8,8,11.301904089190447
1539,14,0.1,50,2,2,72.76141136834802
1540,14,0.1,50,2,4,87.80345740408288
1541,14,0.1,50,2,8,97.34073395442367
1542,14,0.1,50,4,2,78.05932855081262
1543,14,0.1,50,4,4,95.96348767524488
1544,14,0.1,50,4,8,108.97459911842411
1545,14,0.1,50,8,2,77.09195054284835
1546,14,0.1,50,8,4,109.83239336629408
1547,14,0.1,50,8,8,123.92716308208122
1548,14,0.1,200,2,2,32.186419185528734
1549,14,0.1,200,2,4,26.12507468765023
1550,14,0.1,200,2,8,28.48547622301329
1551,14,0.1,200,4,2,22.676511010544107
1552,14,0.1,200,4,4,13.712693947991376
1553,14,0.1,200,4,8,15.81765843863893
1554,14,0.1,200,8,2,16.140271665799208
1555,14,0.1,200,8,4,12.59793786022451
1556,14,0.1,200,8,8,14.031205820808442
1557,14,0.1,500,2,2,8.996252763330869
1558,14,0.1,500,2,4,11.019094367225835
1559,14,0.1,500,2,8,12.35087993745758
1560,14,0.1,500,4,2,9.377790925718294
1561,14,0.1,500,4,4,13.139496853512945
1562,14,0.1,500,4,8,15.513748962141664
1563,14,0.1,500,8,2,9.393920320247256
1564,14,0.1,500,8,4,11.65735856171863
1565,14,0.1,500,8,8,13.40134893431543
1566,14,1.0,50,2,2,38.8723788343687
1567,14,1.0,50,2,4,42.67526427211178
1568,14,1.0,50,2,8,44.357115631235565
1569,14,1.0,50,4,2,35.57681056205104
1570,14,1.0,50,4,4,35.55131099982323
1571,14,1.0,50,4,8,32.37082483182918
1572,14,1.0,50,8,2,31.694462299109723
1573,14,1.0,50,8,4,26.58163272914896
1574,14,1.0,50,8,8,22.108578293535224
1575,14,1.0,200,2,2,13.540995341557721
1576,14,1.0,200,2,4,13.99834173463343
1577,14,1.0,200,2,8,14.798486188845308
1578,14,1.0,200,4,2,12.641914141618843
1579,14,1.0,200,4,4,14.71393106220995
1580,14,1.0,200,4,8,16.96636833773018
1581,14,1.0,200,8,2,12.533677320291497
1582,14,1.0,200,8,4,14.967572191764228
1583,14,1.0,200,8,8,17.38326149349906
1584,14,1.0,500,2,2,10.352361039364666
1585,14,1.0,500,2,4,12.57203987728425
1586,14,1.0,500,2,8,13.491658918831297
1587,14,1.0,500,4,2,11.08211420758957
1588,14,1.0,500,4,4,14.332953618069258
1589,14,1.0,500,4,8,16.70617750660887
1590,14,1.0,500,8,2,11.318698259864142
1591,14,1.0,500,8,4,14.594269769794082
1592,14,1.0,500,8,8,17.044126797838054
1593,14,10.0,50,2,2,30.128492414079794
1594,14,10.0,50,2,4,26.114150938560943
1595,14,10.0,50,2,8,25.214880664186765
1596,14,10.0,50,4,2,26.95079360387939
1597,14,10.0,50,4,4,21.48644121811433
1598,14,10.0,50,4,8,21.809504786994935
1599,14,10.0,50,8,2,24.825432700451536
1600,14,10.0,50,8,4,20.15195285619875
1601,14,10.0,50,8,8,22.11216354847335
1602,14,10.0,200,2,2,14.554256086769183
1603,14,10.0,200,2,4,15.412436212437067
1604,14,10.0,200,2,8,16.180854405311504
1605,14,10.0,200,4,2,14.235315084557863
1606,14,10.0,200,4,4,16.431697154789543
1607,14,10.0,200,4,8,18.843809617993635
1608,14,10.0,200,8,2,14.305715760421384
1609,14,10.0,200,8,4,17.121916221796006
1610,14,10.0,200,8,8,21.038339040778066
1611,14,10.0,500,2,2,12.925064966270932
1612,14,10.0,500,2,4,14.389936830383304
1613,14,10.0,500,2,8,15.264683142883666
1614,14,10.0,500,4,2,13.374791509126325
1615,14,10.0,500,4,4,16.066608541760758
1616,14,10.0,500,4,8,18.58983882512017
1617,14,10.0,500,8,2,13.650797228884871
1618,14,10.0,500,8,4,16.86418822754225
1619,14,10.0,500,8,8,20.85084717124916
1620,15,0.01,50,2,2,137.43409082921167
1621,15,0.01,50,2,4,153.53722065769205
1622,15,0.01,50,2,8,163.48290932133315
1623,15,0.01,50,4,2,140.3002974405759
1624,15,0.01,50,4,4,155.85017963407637
1625,15,0.01,50,4,8,177.57373921138628
1626,15,0.01,50,8,2,153.93630506428852
1627,15,0.01,50,8,4,179.47434718619985
1628,15,0.01,50,8,8,190.3104527455727
1629,15,0.01,200,2,2,109.4065451336094
1630,15,0.01,200,2,4,132.9512156166605
1631,15,0.01,200,2,8,142.6623249878792
1632,15,0.01,200,4,2,110.86540927284797
1633,15,0.01,200,4,4,109.21796499251262
1634,15,0.01,200,4,8,126.89986366222564
1635,15,0.01,200,8,2,117.29519712691977
1636,15,0.01,200,8,4,130.89352503033504
1637,15,0.01,200,8,8,131.11238866621824
1638,15,0.01,500,2,2,35.217677779575915
1639,15,0.01,500,2,4,32.096762392286465
1640,15,0.01,500,2,8,51.763688345715316
1641,15,0.01,500,4,2,8.373638440949435
1642,15,0.01,500,4,4,11.47560633966838
1643,15,0.01,500,4,8,31.747565228678855
1644,15,0.01,500,8,2,8.415081617715451
1645,15,0.01,500,8,4,9.602125854353897
1646,15,0.01,500,8,8,11.296512160007671
1647,15,0.1,50,2,2,74.19088115234169
1648,15,0.1,50,2,4,87.37356358822286
1649,15,0.1,50,2,8,95.81350968258762
1650,15,0.1,50,4,2,77.67299101078994
1651,15,0.1,50,4,4,98.06648554583157
1652,15,0.1,50,4,8,109.21623359368058
1653,15,0.1,50,8,2,78.21717862765637
1654,15,0.1,50,8,4,108.61994204142272
1655,15,0.1,50,8,8,124.30935942689709
1656,15,0.1,200,2,2,32.1726534185591
1657,15,0.1,200,2,4,28.783136461295538
1658,15,0.1,200,2,8,27.208251750486856
1659,15,0.1,200,4,2,22.339751199209406
1660,15,0.1,200,4,4,13.641909544283171
1661,15,0.1,200,4,8,16.237200112102727
1662,15,0.1,200,8,2,15.445500698303343
1663,15,0.1,200,8,4,12.567601776409068
1664,15,0.1,200,8,8,14.039947736593932
1665,15,0.1,500,2,2,8.959971953756853
1666,15,0.1,500,2,4,11.056908525227742
1667,15,0.1,500,2,8,12.344171521679396
1668,15,0.1,500,4,2,9.381040737758596
1669,15,0.1,500,4,4,13.142682035831601
1670,15,0.1,500,4,8,15.514021161520235
1671,15,0.1,500,8,2,9.39153347603543
1672,15,0.1,500,8,4,11.655357347113645
1673,15,0.1,500,8,8,13.404553570596894
1674,15,1.0,50,2,2,38.75124076579577
1675,15,1.0,50,2,4,42.481182016282084
1676,15,1.0,50,2,8,43.968608235101506
1677,15,1.0,50,4,2,34.47231458975519
1678,15,1.0,50,4,4,34.671360694539935
1679,15,1.0,50,4,8,29.414287445707753
1680,15,1.0,50,8,2,31.206215603681695
1681,15,1.0,50,8,4,27.012669239988004
1682,15,1.0,50,8,8,21.939756098098332
1683,15,1.0,200,2,2,13.518833304407357
1684,15,1.0,200,2,4,14.095226540370511
1685,15,1.0,200,2,8,14.83995261356983
1686,15,1.0,200,4,2,12.598326956467305
1687,15,1.0,200,4,4,14.69774669582281
1688,15,1.0,200,4,8,16.98707021544311
1689,15,1.0,200,8,2,12.539567199247093
1690,15,1.0,200,8,4,14.962535738922243
1691,15,1.0,200,8,8,17.39421731291624
1692,15,1.0,500,2,2,10.326214727663116
1693,15,1.0,500,2,4,12.584943318896743
1694,15,1.0,500,2,8,13.506978809582105
1695,15,1.0,500,4,2,11.055959546126953
1696,15,1.0,500,4,4,14.333162410219678
1697,15,1.0,500,4,8,16.705749362646923
1698,15,1.0,500,8,2,11.307677025936865
1699,15,1.0,500,8,4,14.618867550263545
1700,15,1.0,500,8,8,17.028069491408825
1701,15,10.0,50,2,2,30.463011215860565
1702,15,10.0,50,2,4,26.89298955616624
1703,15,10.0,50,2,8,25.0091003639312
1704,15,10.0,50,4,2,26.75644028757923
1705,15,10.0,50,4,4,21.868441748483953
1706,15,10.0,50,4,8,21.72951709419638
1707,15,10.0,50,8,2,24.680667443547478
1708,15,10.0,50,8,4,20.15487538463137
1709,15,10.0,50,8,8,22.168652935476995
1710,15,10.0,200,2,2,14.478833369894614
1711,15,10.0,200,2,4,15.405537122594737
1712,15,10.0,200,2,8,16.10889938051973
1713,15,10.0,200,4,2,14.26225048652665
1714,15,10.0,200,4,4,16.398186727626367
1715,15,10.0,200,4,8,18.869080480541502
1716,15,10.0,200,8,2,14.357350004283793
1717,15,10.0,200,8,4,17.12227391730202
1718,15,10.0,200,8,8,21.00611661206395
1719,15,10.0,500,2,2,12.916754707938779
1720,15,10.0,500,2,4,14.390726261010455
1721,15,10.0,500,2,8,15.247860492648517
1722,15,10.0,500,4,2,13.385746284117433
1723,15,10.0,500,4,4,16.03122073165274
1724,15,10.0,500,4,8,18.591325874345628
1725,15,10.0,500,8,2,13.665122076690336
1726,15,10.0,500,8,4,16.87062185501478
1727,15,10.0,500,8,8,20.860298873501236
1728,16,0.01,50,2,2,136.7261416668151
1729,16,0.01,50,2,4,154.40431146383384
1730,16,0.01,50,2,8,164.5803197940543
1731,16,0.01,50,4,2,141.4121372679195
1732,16,0.01,50,4,4,155.62439986883064
1733,16,0.01,50,4,8,177.55654019616023
1734,16,0.01,50,8,2,153.84929202378373
1735,16,0.01,50,8,4,179.0540332223821
1736,16,0.01,50,8,8,189.64138540087365
1737,16,0.01,200,2,2,109.41166325382883
1738,16,0.01,200,2,4,134.14198565406755
1739,16,0.01,200,2,8,143.7770797698464
1740,16,0.01,200,4,2,109.96901195307386
1741,16,0.01,200,4,4,110.95450355566216
1742,16,0.01,200,4,8,128.3851620404528
1743,16,0.01,200,8,2,118.80917645922469
1744,16,0.01,200,8,4,131.67290635755802
1745,16,0.01,200,8,8,133.22636258313813
1746,16,0.01,500,2,2,35.505818172300614
1747,16,0.01,500,2,4,29.623787319939392
1748,16,0.01,500,2,8,48.44913922658353
1749,16,0.01,500,4,2,8.490333670629385
1750,16,0.01,500,4,4,11.475176349024487
1751,16,0.01,500,4,8,27.775654043605325
1752,16,0.01,500,8,2,8.207258770570087
1753,16,0.01,500,8,4,9.598748610315472
1754,16,0.01,500,8,8,11.29207001325825
1755,16,0.1,50,2,2,72.96896598832963
1756,16,0.1,50,2,4,87.54980814600674
1757,16,0.1,50,2,8,97.65114371415658
1758,16,0.1,50,4,2,78.95498789709595
1759,16,0.1,50,4,4,95.47586807211944
1760,16,0.1,50,4,8,109.26256569324802
1761,16,0.1,50,8,2,78.14654802934412
1762,16,0.1,50,8,4,110.25207771886616
1763,16,0.1,50,8,8,125.12517679451601
1764,16,0.1,200,2,2,32.500857884748655
1765,16,0.1,200,2,4,27.54449663805722
1766,16,0.1,200,2,8,28.22219465993635
1767,16,0.1,200,4,2,21.286094618240323
1768,16,0.1,200,4,4,13.717071778134862
1769,16,0.1,200,4,8,15.881980502679758
1770,16,0.1,200,8,2,16.946445144077863
1771,16,0.1,200,8,4,12.536163356191368
1772,16,0.1,200,8,8,14.01718025551765
1773,16,0.1,500,2,2,8.99728628148
1774,16,0.1,500,2,4,11.053611330954718
1775,16,0.1,500,2,8,12.391492392351973
1776,16,0.1,500,4,2,9.382585635527544
1777,16,0.1,500,4,4,13.143761440821741
1778,16,0.1,500,4,8,15.497741288535781
1779,16,0.1,500,8,2,9.385850857518463
1780,16,0.1,500,8,4,11.647762204813542
1781,16,0.1,500,8,8,13.399858138059416
1782,16,1.0,50,2,2,38.93860767925925
1783,16,1.0,50,2,4,42.49546587824094
1784,16,1.0,50,2,8,44.66419676219544
1785,16,1.0,50,4,2,35.8865046645813
1786,16,1.0,50,4,4,35.75825543886684
1787,16,1.0,50,4,8,30.388137048707275
1788,16,1.0,50,8,2,31.57367941902977
1789,16,1.0,50,8,4,27.09822645683132
1790,16,1.0,50,8,8,21.406294907571507
1791,16,1.0,200,2,2,13.809804800147035
1792,16,1.0,200,2,4,14.066202176517097
1793,16,1.0,200,2,8,14.7562337084385
1794,16,1.0,200,4,2,12.584224458849775
1795,16,1.0,200,4,4,14.679967758808539
1796,16,1.0,200,4,8,16.967193475924734
1797,16,1.0,200,8,2,12.545447471425671
1798,16,1.0,200,8,4,14.964043054391798
1799,16,1.0,200,8,8,17.34439322163813
1800,16,1.0,500,2,2,10.350301736312563
1801,16,1.0,500,2,4,12.561209085667178
1802,16,1.0,500,2,8,13.526730952316145
1803,16,1.0,500,4,2,11.0390604266187
1804,16,1.0,500,4,4,14.336133609438626
1805,16,1.0,500,4,8,16.71508520727095
1806,16,1.0,500,8,2,11.32174170234247
1807,16,1.0,500,8,4,14.592489380067168
1808,16,1.0,500,8,8,16.998539469192444
1809,16,10.0,50,2,2,29.20266186064747
1810,16,10.0,50,2,4,26.41554484908597
1811,16,10.0,50,2,8,24.93887615948041
1812,16,10.0,50,4,2,26.45687178131846
1813,16,10.0,50,4,4,21.61490329245174
1814,16,10.0,50,4,8,21.949877602620465
1815,16,10.0,50,8,2,24.605945554075085
1816,16,10.0,50,8,4,20.097092891764106
1817,16,10.0,50,8,8,22.219527047220165
1818,16,10.0,200,2,2,14.479318273102798
1819,16,10.0,200,2,4,15.43201240890265
1820,16,10.0,200,2,8,16.22900407519528
1821,16,10.0,200,4,2,14.216752869917471
1822,16,10.0,200,4,4,16.434079006421584
1823,16,10.0,200,4,8,18.87876127042537
1824,16,10.0,200,8,2,14.349155313440178
1825,16,10.0,200,8,4,17.11236774624752
1826,16,10.0,200,8,8,21.004775094778488
1827,16,10.0,500,2,2,12.94765320947439
1828,16,10.0,500,2,4,14.395381112547465
1829,16,10.0,500,2,8,15.238602052786645
1830,16,10.0,500,4,2,13.397260448480282
1831,16,10.0,500,4,4,16.051497791790748
1832,16,10.0,500,4,8,18.595001845332785
1833,16,10.0,500,8,2,13.655291141743243
1834,16,10.0,500,8,4,16.884637072963496
1835,16,10.0,500,8,8,20.837386548260344
1836,17,0.01,50,2,2,138.23213354901932
1837,17,0.01,50,2,4,153.7526881285348
1838,17,0.01,50,2,8,164.19188292555796
1839,17,0.01,50,4,2,141.1908134351964
1840,17,0.01,50,4,4,154.80898883704964
1841,17,0.01,50,4,8,176.14116638365695
1842,17,0.01,50,8,2,153.43082012234547
1843,17,0.01,50,8,4,180.21723677262995
1844,17,0.01,50,8,8,190.15442626881017
1845,17,0.01,200,2,2,109.26952287138458
1846,17,0.01,200,2,4,131.48494624140153
1847,17,0.01,200,2,8,142.48880877803578
1848,17,0.01,200,4,2,111.79036995591512
1849,17,0.01,200,4,4,109.59877100554785
1850,17,0.01,200,4,8,126.95143592626368
1851,17,0.01,200,8,2,117.72948403429034
1852,17,0.01,200,8,4,130.56811775769143
1853,17,0.01,200,8,8,130.19581944423882
1854,17,0.01,500,2,2,34.88125805782081
1855,17,0.01,500,2,4,32.36656780234369
1856,17,0.01,500,2,8,46.21547854015532
1857,17,0.01,500,4,2,8.367205052575544
1858,17,0.01,500,4,4,11.460377643747377
1859,17,0.01,500,4,8,29.421456275751993
1860,17,0.01,500,8,2,8.0538584211252
1861,17,0.01,500,8,4,9.603990289774558
1862,17,0.01,500,8,8,11.295510870536845
1863,17,0.1,50,2,2,73.62940932122291
1864,17,0.1,50,2,4,87.4316530597277
1865,17,0.1,50,2,8,97.71508860278138
1866,17,0.1,50,4,2,79.62496782957952
1867,17,0.1,50,4,4,97.4111180244042
1868,17,0.1,50,4,8,109.07749924140761
1869,17,0.1,50,8,2,79.84130332467808
1870,17,0.1,50,8,4,110.389298304572
1871,17,0.1,50,8,8,125.64465173768609
1872,17,0.1,200,2,2,31.854175541845116
1873,17,0.1,200,2,4,26.161735296761048
1874,17,0.1,200,2,8,26.89712139170577
1875,17,0.1,200,4,2,22.521028144363196
1876,17,0.1,200,4,4,13.724765996553684
1877,17,0.1,200,4,8,15.88421027266789
1878,17,0.1,200,8,2,15.784149568285082
1879,17,0.1,200,8,4,12.521894582414655
1880,17,0.1,200,8,8,14.014482636607651
1881,17,0.1,500,2,2,8.9635151861414
1882,17,0.1,500,2,4,11.015176187665475
1883,17,0.1,500,2,8,12.415497300215966
1884,17,0.1,500,4,2,9.370918707983792
1885,17,0.1,500,4,4,13.145647647148781
1886,17,0.1,500,4,8,15.513775641334323
1887,17,0.1,500,8,2,9.394684940595754
1888,17,0.1,500,8,4,11.635733130832081
1889,17,0.1,500,8,8,13.388555627230566
1890,17,1.0,50,2,2,38.7227754016722
1891,17,1.0,50,2,4,41.448361315391
1892,17,1.0,50,2,8,44.109892812048194
1893,17,1.0,50,4,2,35.08946124372325
1894,17,1.0,50,4,4,36.083693440132954
1895,17,1.0,50,4,8,31.733987149413952
1896,17,1.0,50,8,2,31.475771411414264
1897,17,1.0,50,8,4,26.586720058549524
1898,17,1.0,50,8,8,20.915675206895703
1899,17,1.0,200,2,2,13.55145657864246
1900,17,1.0,200,2,4,13.921499741759666
1901,17,1.0,200,2,8,14.920370327646406
1902,17,1.0,200,4,2,12.566896646622995
1903,17,1.0,200,4,4,14.683345645433187
1904,17,1.0,200,4,8,16.98374835334894
1905,17,1.0,200,8,2,12.5597166707343
1906,17,1.0,200,8,4,14.946729928823412
1907,17,1.0,200,8,8,17.38489947531609
1908,17,1.0,500,2,2,10.34746473285631
1909,17,1.0,500,2,4,12.550611497791884
1910,17,1.0,500,2,8,13.504471638755193
1911,17,1.0,500,4,2,11.04620298853263
1912,17,1.0,500,4,4,14.347396220928468
1913,17,1.0,500,4,8,16.709606030224133
1914,17,1.0,500,8,2,11.312629151002232
1915,17,1.0,500,8,4,14.597518009697986
1916,17,1.0,500,8,8,17.06939233879384
1917,17,10.0,50,2,2,30.131426177254568
1918,17,10.0,50,2,4,26.624623828791613
1919,17,10.0,50,2,8,25.267793032754042
1920,17,10.0,50,4,2,26.25351466309849
1921,17,10.0,50,4,4,21.564153016348683
1922,17,10.0,50,4,8,21.610320384321867
1923,17,10.0,50,8,2,24.764047970786482
1924,17,10.0,50,8,4,20.26104962325342
1925,17,10.0,50,8,8,22.143786714088954
1926,17,10.0,200,2,2,14.679271194702316
1927,17,10.0,200,2,4,15.305963109646749
1928,17,10.0,200,2,8,16.14828607777035
1929,17,10.0,200,4,2,14.299831864228853
1930,17,10.0,200,4,4,16.411341402135037
1931,17,10.0,200,4,8,18.87635565935638
1932,17,10.0,200,8,2,14.352049576868273
1933,17,10.0,200,8,4,17.11335681584264
1934,17,10.0,200,8,8,21.02545702933081
1935,17,10.0,500,2,2,12.92291233460971
1936,17,10.0,500,2,4,14.390521352521016
1937,17,10.0,500,2,8,15.240901421548445
1938,17,10.0,500,4,2,13.398353936738323
1939,17,10.0,500,4,4,16.068745271021037
1940,17,10.0,500,4,8,18.601653655180105
1941,17,10.0,500,8,2,13.660299647830053
1942,17,10.0,500,8,4,16.87943825460479
1943,17,10.0,500,8,8,20.853835564067207
1944,18,0.01,50,2,2,137.1676677298064
1945,18,0.01,50,2,4,153.1029824383129
1946,18,0.01,50,2,8,163.24535053636512
1947,18,0.01,50,4,2,139.66665720579226
1948,18,0.01,50,4,4,155.39501341793408
1949,18,0.01,50,4,8,176.59797795435236
1950,18,0.01,50,8,2,153.63408321783317
1951,18,0.01,50,8,4,179.7792376003296
1952,18,0.01,50,8,8,190.0738298325178
1953,18,0.01,200,2,2,109.60852092211687
1954,18,0.01,200,2,4,132.73757949741943
1955,18,0.01,200,2,8,142.80257087765463
1956,18,0.01,200,4,2,109.72884479565064
1957,18,0.01,200,4,4,110.75989178297846
1958,18,0.01,200,4,8,126.95858986134533
1959,18,0.01,200,8,2,118.69282371147906
1960,18,0.01,200,8,4,130.37936900234712
1961,18,0.01,200,8,8,129.7692335569811
1962,18,0.01,500,2,2,36.1636902482394
1963,18,0.01,500,2,4,30.464620613604552
1964,18,0.01,500,2,8,48.36536814293681
1965,18,0.01,500,4,2,8.975366364973524
1966,18,0.01,500,4,4,11.50553843604762
1967,18,0.01,500,4,8,28.530615976063903
1968,18,0.01,500,8,2,8.062979986999345
1969,18,0.01,500,8,4,9.597656448730666
1970,18,0.01,500,8,8,11.29121732110977
1971,18,0.1,50,2,2,73.14645835140789
1972,18,0.1,50,2,4,86.2361541470512
1973,18,0.1,50,2,8,98.38305749334843
1974,18,0.1,50,4,2,77.4288059677489
1975,18,0.1,50,4,4,96.75413380152978
1976,18,0.1,50,4,8,110.45321507193243
1977,18,0.1,50,8,2,79.42231904362946
1978,18,0.1,50,8,4,110.92643566565224
1979,18,0.1,50,8,8,125.00895042418853
1980,18,0.1,200,2,2,32.05961051547271
1981,18,0.1,200,2,4,27.73443634456244
1982,18,0.1,200,2,8,29.276632264432774
1983,18,0.1,200,4,2,23.09614461787328
1984,18,0.1,200,4,4,13.681236192496744
1985,18,0.1,200,4,8,16.27248212378782
1986,18,0.1,200,8,2,17.183051515051
1987,18,0.1,200,8,4,12.534535726402668
1988,18,0.1,200,8,8,14.068013513336764
1989,18,0.1,500,2,2,8.954915611597903
1990,18,0.1,500,2,4,11.021597900022273
1991,18,0.1,500,2,8,12.389179621669792
1992,18,0.1,500,4,2,9.378302640926272
1993,18,0.1,500,4,4,13.134983008191837
1994,18,0.1,500,4,8,15.518930135012543
1995,18,0.1,500,8,2,9.394131480254604
1996,18,0.1,500,8,4,11.65609716565772
1997,18,0.1,500,8,8,13.391326351783118
1998,18,1.0,50,2,2,39.801153892774124
1999,18,1.0,50,2,4,41.94292309144457
2000,18,1.0,50,2,8,44.496517859530705
2001,18,1.0,50,4,2,35.13952993244632
2002,18,1.0,50,4,4,35.51613884087152
2003,18,1.0,50,4,8,28.854801462032796
2004,18,1.0,50,8,2,31.467316459422953
2005,18,1.0,50,8,4,27.005662394979346
2006,18,1.0,50,8,8,20.131537850426245
2007,18,1.0,200,2,2,13.445549403690793
2008,18,1.0,200,2,4,13.936698035188373
2009,18,1.0,200,2,8,14.821890642904657
2010,18,1.0,200,4,2,12.577546176268331
2011,18,1.0,200,4,4,14.678164238133164
2012,18,1.0,200,4,8,16.96157612206713
2013,18,1.0,200,8,2,12.558539682037578
2014,18,1.0,200,8,4,14.933829650692038
2015,18,1.0,200,8,8,17.34927692500632
2016,18,1.0,500,2,2,10.338162575536932
2017,18,1.0,500,2,4,12.590528658311054
2018,18,1.0,500,2,8,13.512275624772256
2019,18,1.0,500,4,2,11.05418833761515
2020,18,1.0,500,4,4,14.319449790528504
2021,18,1.0,500,4,8,16.711033603700397
2022,18,1.0,500,8,2,11.319863636287348
2023,18,1.0,500,8,4,14.60375254756321
2024,18,1.0,500,8,8,17.03382291345296
2025,18,10.0,50,2,2,29.9561308863385
2026,18,10.0,50,2,4,26.639646629647515
2027,18,10.0,50,2,8,25.29604597895073
2028,18,10.0,50,4,2,26.7240486824998
2029,18,10.0,50,4,4,21.655711069598514
2030,18,10.0,50,4,8,21.8158349053711
2031,18,10.0,50,8,2,24.366533109800738
2032,18,10.0,50,8,4,20.05166970623176
2033,18,10.0,50,8,8,22.15982883318406
2034,18,10.0,200,2,2,14.544954134179346
2035,18,10.0,200,2,4,15.374843193433104
2036,18,10.0,200,2,8,16.16007799734045
2037,18,10.0,200,4,2,14.262667864414277
2038,18,10.0,200,4,4,16.414840687057982
2039,18,10.0,200,4,8,18.869983233761275
2040,18,10.0,200,8,2,14.380730987560135
2041,18,10.0,200,8,4,17.113605021653335
2042,18,10.0,200,8,8,21.003950201623162
2043,18,10.0,500,2,2,12.871035659959961
2044,18,10.0,500,2,4,14.385613412729331
2045,18,10.0,500,2,8,15.241381476758212
2046,18,10.0,500,4,2,13.387581442648441
2047,18,10.0,500,4,4,16.061566277464983
2048,18,10.0,500,4,8,18.59221656951568
2049,18,10.0,500,8,2,13.651028191264968
2050,18,10.0,500,8,4,16.87246402476075
2051,18,10.0,500,8,8,20.85719572534598
2052,19,0.01,50,2,2,137.64900181162793
2053,19,0.01,50,2,4,153.44531640306784
2054,19,0.01,50,2,8,164.16087969473622
2055,19,0.01,50,4,2,141.67567675193112
2056,19,0.01,50,4,4,155.3103173085278
2057,19,0.01,50,4,8,178.48948045394985
2058,19,0.01,50,8,2,153.8715500495213
2059,19,0.01,50,8,4,180.58937922157625
2060,19,0.01,50,8,8,190.45914193282655
2061,19,0.01,200,2,2,110.00467909484583
2062,19,0.01,200,2,4,133.48884434470037
2063,19,0.01,200,2,8,144.43515966179115
2064,19,0.01,200,4,2,110.24963307914314
2065,19,0.01,200,4,4,108.37621106941754
2066,19,0.01,200,4,8,127.3077050243835
2067,19,0.01,200,8,2,117.1929524284949
2068,19,0.01,200,8,4,130.37126597600982
2069,19,0.01,200,8,8,130.27443468801724
2070,19,0.01,500,2,2,33.68667935590909
2071,19,0.01,500,2,4,33.19607783669984
2072,19,0.01,500,2,8,52.57961906135501
2073,19,0.01,500,4,2,8.508258846404011
2074,19,0.01,500,4,4,11.630465955510346
2075,19,0.01,500,4,8,27.694196524148595
2076,19,0.01,500,8,2,8.27143387491963
2077,19,0.01,500,8,4,9.60963680251852
2078,19,0.01,500,8,8,11.295677701993558
2079,19,0.1,50,2,2,74.29124481657637
2080,19,0.1,50,2,4,88.06167582660262
2081,19,0.1,50,2,8,98.7834462371519
2082,19,0.1,50,4,2,78.03089644993995
2083,19,0.1,50,4,4,96.45923291000415
2084,19,0.1,50,4,8,108.70944804776
2085,19,0.1,50,8,2,78.71747956683743
2086,19,0.1,50,8,4,109.14133985608879
2087,19,0.1,50,8,8,122.70911037196883
2088,19,0.1,200,2,2,32.79506366847436
2089,19,0.1,200,2,4,28.520930785817708
2090,19,0.1,200,2,8,27.54138800575765
2091,19,0.1,200,4,2,22.46246343322053
2092,19,0.1,200,4,4,13.657567429883208
2093,19,0.1,200,4,8,15.828526754449026
2094,19,0.1,200,8,2,15.779329874292452
2095,19,0.1,200,8,4,12.522072035227234
2096,19,0.1,200,8,8,14.021514709754413
2097,19,0.1,500,2,2,8.937831419021816
2098,19,0.1,500,2,4,11.079182949582622
2099,19,0.1,500,2,8,12.341599984582363
2100,19,0.1,500,4,2,9.376682384851623
2101,19,0.1,500,4,4,13.151414431082534
2102,19,0.1,500,4,8,15.534978591712662
2103,19,0.1,500,8,2,9.383580464642788
2104,19,0.1,500,8,4,11.6739117787073
2105,19,0.1,500,8,8,13.389707375848056
2106,19,1.0,50,2,2,39.94956288963926
2107,19,1.0,50,2,4,42.094382730895546
2108,19,1.0,50,2,8,44.91823991746242
2109,19,1.0,50,4,2,34.53662730331787
2110,19,1.0,50,4,4,35.78154739189664
2111,19,1.0,50,4,8,30.49204782096739
2112,19,1.0,50,8,2,31.50652336512051
2113,19,1.0,50,8,4,26.534758678407798
2114,19,1.0,50,8,8,20.585830856133875
2115,19,1.0,200,2,2,13.403170002857095
2116,19,1.0,200,2,4,14.015759045354327
2117,19,1.0,200,2,8,14.764240954892367
2118,19,1.0,200,4,2,12.62392488944139
2119,19,1.0,200,4,4,14.687434549388744
2120,19,1.0,200,4,8,16.968950302037758
2121,19,1.0,200,8,2,12.530737963938853
2122,19,1.0,200,8,4,14.99904705835312
2123,19,1.0,200,8,8,17.37354453597919
2124,19,1.0,500,2,2,10.356548585426273
2125,19,1.0,500,2,4,12.57103913496658
2126,19,1.0,500,2,8,13.516358248715413
2127,19,1.0,500,4,2,11.042379584179468
2128,19,1.0,500,4,4,14.336780591906905
2129,19,1.0,500,4,8,16.70681627700279
2130,19,1.0,500,8,2,11.3323079561615
2131,19,1.0,500,8,4,14.598178363187563
2132,19,1.0,500,8,8,16.984155564000467
2133,19,10.0,50,2,2,29.811339861611092
2134,19,10.0,50,2,4,25.80201216251402
2135,19,10.0,50,2,8,25.401438127189635
2136,19,10.0,50,4,2,26.51661895165825
2137,19,10.0,50,4,4,21.689012194414996
2138,19,10.0,50,4,8,21.81874331777706
2139,19,10.0,50,8,2,24.883311967612734
2140,19,10.0,50,8,4,20.25669844241922
2141,19,10.0,50,8,8,22.169638651998934
2142,19,10.0,200,2,2,14.508056244166092
2143,19,10.0,200,2,4,15.379768066443262
2144,19,10.0,200,2,8,16.24249199769438
2145,19,10.0,200,4,2,14.272598150052458
2146,19,10.0,200,4,4,16.415227733360446
2147,19,10.0,200,4,8,18.87251780780089
2148,19,10.0,200,8,2,14.363766336017616
2149,19,10.0,200,8,4,17.13168226863654
2150,19,10.0,200,8,8,21.045497744441192
2151,19,10.0,500,2,2,12.917003077566381
2152,19,10.0,500,2,4,14.39769022218949
2153,19,10.0,500,2,8,15.272416820714863
2154,19,10.0,500,4,2,13.365398490151243
2155,19,10.0,500,4,4,16.058266404623975
2156,19,10.0,500,4,8,18.59052080595565
2157,19,10.0,500,8,2,13.663095395306659
2158,19,10.0,500,8,4,16.880920275872153
2159,19,10.0,500,8,8,20.865452210466604
