,rep,alp,num_cell,cell_sz,sparse_freq,error
0,0,0.001,100,2,1,96.00555816226486
1,0,0.001,100,2,2,929.598108306704
2,0,0.001,100,2,5,2114.1222723610945
3,0,0.001,100,5,1,117.60711276743847
4,0,0.001,100,5,2,1630.1649053772062
5,0,0.001,100,5,5,4820.5227635725905
6,0,0.001,100,7,1,110.61857594740448
7,0,0.001,100,7,2,1454.672366298775
8,0,0.001,100,7,5,3030.58683866657
9,0,0.001,200,2,1,94.2842330329418
10,0,0.001,200,2,2,1218.428269408149
11,0,0.001,200,2,5,1420.5917490372567
12,0,0.001,200,5,1,99.2268151701528
13,0,0.001,200,5,2,1886.1459389538747
14,0,0.001,200,5,5,4085.4556340083504
15,0,0.001,200,7,1,108.87297224426531
16,0,0.001,200,7,2,932.2696395629883
17,0,0.001,200,7,5,3055.2800449629635
18,0,0.001,500,2,1,101.34205709529819
19,0,0.001,500,2,2,639.4088638263149
20,0,0.001,500,2,5,1036.2045651752624
21,0,0.001,500,5,1,130.06052487896667
22,0,0.001,500,5,2,1045.6264340496223
23,0,0.001,500,5,5,1454.1904794357297
24,0,0.001,500,7,1,97.54618482207097
25,0,0.001,500,7,2,931.5985240724862
26,0,0.001,500,7,5,2324.5097740002657
27,0,0.01,100,2,1,90.8244441359339
28,0,0.01,100,2,2,183.59748130308705
29,0,0.01,100,2,5,883.2481757041188
30,0,0.01,100,5,1,117.8425360541115
31,0,0.01,100,5,2,224.38737807866923
32,0,0.01,100,5,5,958.0253393233918
33,0,0.01,100,7,1,80.20270200499297
34,0,0.01,100,7,2,460.8945700989705
35,0,0.01,100,7,5,825.5546351928132
36,0,0.01,200,2,1,65.76081234874502
37,0,0.01,200,2,2,338.6849709501991
38,0,0.01,200,2,5,313.7288654879324
39,0,0.01,200,5,1,67.51516980100676
40,0,0.01,200,5,2,177.3593753665892
41,0,0.01,200,5,5,264.35994704082157
42,0,0.01,200,7,1,80.70110021708528
43,0,0.01,200,7,2,378.04967305432467
44,0,0.01,200,7,5,404.97321602558804
45,0,0.01,500,2,1,51.816819185177806
46,0,0.01,500,2,2,21.880995473733094
47,0,0.01,500,2,5,20.38319556835277
48,0,0.01,500,5,1,54.29849744340193
49,0,0.01,500,5,2,15.500331750676795
50,0,0.01,500,5,5,23.99096809882352
51,0,0.01,500,7,1,55.54903885015895
52,0,0.01,500,7,2,15.70245619157367
53,0,0.01,500,7,5,20.68745279508588
54,0,0.1,100,2,1,51.93555152751899
55,0,0.1,100,2,2,52.62518069695276
56,0,0.1,100,2,5,110.76286042748987
57,0,0.1,100,5,1,46.252778802501574
58,0,0.1,100,5,2,49.09891925785526
59,0,0.1,100,5,5,30.305824695711863
60,0,0.1,100,7,1,48.264727283109906
61,0,0.1,100,7,2,47.149152185065944
62,0,0.1,100,7,5,32.803262762809474
63,0,0.1,200,2,1,38.80033897144781
64,0,0.1,200,2,2,31.911693320491157
65,0,0.1,200,2,5,24.229776082158253
66,0,0.1,200,5,1,31.21051202565399
67,0,0.1,200,5,2,24.611477018132792
68,0,0.1,200,5,5,27.537729910891933
69,0,0.1,200,7,1,35.45911680592094
70,0,0.1,200,7,2,28.68378493052885
71,0,0.1,200,7,5,26.082498251802303
72,0,0.1,500,2,1,18.361370366615983
73,0,0.1,500,2,2,16.522860362685698
74,0,0.1,500,2,5,21.94966161153452
75,0,0.1,500,5,1,15.780856042173632
76,0,0.1,500,5,2,18.689084309962936
77,0,0.1,500,5,5,27.256809943514906
78,0,0.1,500,7,1,18.553619797153093
79,0,0.1,500,7,2,18.587813880469618
80,0,0.1,500,7,5,25.058880304386225
81,0,1.0,100,2,1,39.54668315406265
82,0,1.0,100,2,2,32.876239135807424
83,0,1.0,100,2,5,32.527233742272365
84,0,1.0,100,5,1,36.66018877974977
85,0,1.0,100,5,2,31.24656555249999
86,0,1.0,100,5,5,29.610756730604148
87,0,1.0,100,7,1,33.03145788559667
88,0,1.0,100,7,2,30.956548827145117
89,0,1.0,100,7,5,30.127831225690343
90,0,1.0,200,2,1,31.799045009015508
91,0,1.0,200,2,2,24.994955422555133
92,0,1.0,200,2,5,25.745289217772786
93,0,1.0,200,5,1,29.93765578979106
94,0,1.0,200,5,2,25.031047951818444
95,0,1.0,200,5,5,28.95786545103495
96,0,1.0,200,7,1,29.49979948153162
97,0,1.0,200,7,2,24.00681274403779
98,0,1.0,200,7,5,30.033445899254264
99,0,1.0,500,2,1,16.977588128194974
100,0,1.0,500,2,2,19.79246148170295
101,0,1.0,500,2,5,24.19989358862924
102,0,1.0,500,5,1,16.926262912368053
103,0,1.0,500,5,2,21.327756528764418
104,0,1.0,500,5,5,28.909611851316004
105,0,1.0,500,7,1,15.895132410213424
106,0,1.0,500,7,2,21.68759253215718
107,0,1.0,500,7,5,29.468138172819717
108,0,10.0,100,2,1,40.539325898674335
109,0,10.0,100,2,2,32.20568037807868
110,0,10.0,100,2,5,30.625175537182113
111,0,10.0,100,5,1,38.34481515634149
112,0,10.0,100,5,2,31.04318767015123
113,0,10.0,100,5,5,31.005368849006782
114,0,10.0,100,7,1,34.80367193232917
115,0,10.0,100,7,2,31.182020267541137
116,0,10.0,100,7,5,31.841242352957195
117,0,10.0,200,2,1,30.805207288767424
118,0,10.0,200,2,2,26.249459244857544
119,0,10.0,200,2,5,28.64465511135501
120,0,10.0,200,5,1,29.357997974739394
121,0,10.0,200,5,2,25.25539334893646
122,0,10.0,200,5,5,30.719739276673646
123,0,10.0,200,7,1,27.63693907667993
124,0,10.0,200,7,2,26.865854805028068
125,0,10.0,200,7,5,31.34852992575228
126,0,10.0,500,2,1,20.201146969829548
127,0,10.0,500,2,2,22.95097105763794
128,0,10.0,500,2,5,26.559971459933713
129,0,10.0,500,5,1,19.66568714347187
130,0,10.0,500,5,2,24.70606534500976
131,0,10.0,500,5,5,30.38831415475556
132,0,10.0,500,7,1,20.279952704639186
133,0,10.0,500,7,2,24.664319579947588
134,0,10.0,500,7,5,30.934736793845165
135,0,100.0,100,2,1,38.08527971269275
136,0,100.0,100,2,2,31.82836732484491
137,0,100.0,100,2,5,32.00307272506328
138,0,100.0,100,5,1,36.292530125504896
139,0,100.0,100,5,2,31.38349341068062
140,0,100.0,100,5,5,32.89366840080276
141,0,100.0,100,7,1,35.62038686622512
142,0,100.0,100,7,2,31.47135964823907
143,0,100.0,100,7,5,33.00314133377122
144,0,100.0,200,2,1,31.21973997512212
145,0,100.0,200,2,2,31.13647360262346
146,0,100.0,200,2,5,31.371674085098313
147,0,100.0,200,5,1,32.53136969713581
148,0,100.0,200,5,2,29.81217548032747
149,0,100.0,200,5,5,32.391093580273726
150,0,100.0,200,7,1,32.55538601227206
151,0,100.0,200,7,2,29.438027235929496
152,0,100.0,200,7,5,32.90663318424873
153,0,100.0,500,2,1,27.38433164394695
154,0,100.0,500,2,2,28.227332837927428
155,0,100.0,500,2,5,30.449389171105373
156,0,100.0,500,5,1,28.817011233678947
157,0,100.0,500,5,2,29.02439153286899
158,0,100.0,500,5,5,32.21292025745071
159,0,100.0,500,7,1,29.718954406606436
160,0,100.0,500,7,2,29.30319522108017
161,0,100.0,500,7,5,32.406817598872856
162,0,1000.0,100,2,1,43.18077886382489
163,0,1000.0,100,2,2,42.222746944280196
164,0,1000.0,100,2,5,39.460333137546826
165,0,1000.0,100,5,1,45.21828565539453
166,0,1000.0,100,5,2,36.578621933731796
167,0,1000.0,100,5,5,35.87041385570741
168,0,1000.0,100,7,1,45.369159166457266
169,0,1000.0,100,7,2,38.181960722344336
170,0,1000.0,100,7,5,35.51986781417359
171,0,1000.0,200,2,1,45.1827596193515
172,0,1000.0,200,2,2,36.72050267952077
173,0,1000.0,200,2,5,35.167372495878126
174,0,1000.0,200,5,1,46.11719223214019
175,0,1000.0,200,5,2,38.398377227024056
176,0,1000.0,200,5,5,35.441610247180144
177,0,1000.0,200,7,1,44.93786192825555
178,0,1000.0,200,7,2,36.24169137412682
179,0,1000.0,200,7,5,35.7112571866304
180,0,1000.0,500,2,1,40.94630389338879
181,0,1000.0,500,2,2,36.90710340339786
182,0,1000.0,500,2,5,35.383962444423226
183,0,1000.0,500,5,1,43.186483869367684
184,0,1000.0,500,5,2,36.039058287253994
185,0,1000.0,500,5,5,35.181636086812794
186,0,1000.0,500,7,1,43.80686532577382
187,0,1000.0,500,7,2,35.169912982957996
188,0,1000.0,500,7,5,35.39147980686824
189,1,0.001,100,2,1,93.84874464506323
190,1,0.001,100,2,2,810.5366656002204
191,1,0.001,100,2,5,2246.7210297703164
192,1,0.001,100,5,1,126.57286690338177
193,1,0.001,100,5,2,1367.1653634925253
194,1,0.001,100,5,5,4656.104908159189
195,1,0.001,100,7,1,110.70443734336858
196,1,0.001,100,7,2,975.8489203623856
197,1,0.001,100,7,5,2692.3132074938753
198,1,0.001,200,2,1,95.13518687006265
199,1,0.001,200,2,2,1023.2010543483308
200,1,0.001,200,2,5,2092.03334681108
201,1,0.001,200,5,1,124.33121459846872
202,1,0.001,200,5,2,1002.6616933416183
203,1,0.001,200,5,5,2540.084586008794
204,1,0.001,200,7,1,99.94883957465198
205,1,0.001,200,7,2,1099.578772516041
206,1,0.001,200,7,5,3438.9040604384295
207,1,0.001,500,2,1,106.7430227451185
208,1,0.001,500,2,2,695.748028374158
209,1,0.001,500,2,5,1166.4714716924288
210,1,0.001,500,5,1,130.78723432963605
211,1,0.001,500,5,2,577.5536284204711
212,1,0.001,500,5,5,1255.5248664643843
213,1,0.001,500,7,1,122.8856871748405
214,1,0.001,500,7,2,790.0516266233907
215,1,0.001,500,7,5,1721.3478499491548
216,1,0.01,100,2,1,82.2520651889028
217,1,0.01,100,2,2,288.3192479146958
218,1,0.01,100,2,5,433.6527603925863
219,1,0.01,100,5,1,85.19903011087283
220,1,0.01,100,5,2,324.53219908664346
221,1,0.01,100,5,5,701.3172581942822
222,1,0.01,100,7,1,87.58149864458099
223,1,0.01,100,7,2,340.67293157195036
224,1,0.01,100,7,5,1093.6812892062685
225,1,0.01,200,2,1,73.00850795609549
226,1,0.01,200,2,2,261.20461507497487
227,1,0.01,200,2,5,298.8498092863266
228,1,0.01,200,5,1,90.05011456450754
229,1,0.01,200,5,2,267.05116024039665
230,1,0.01,200,5,5,164.04802244957682
231,1,0.01,200,7,1,87.19009773441243
232,1,0.01,200,7,2,281.91130073387234
233,1,0.01,200,7,5,435.56664102618413
234,1,0.01,500,2,1,41.66734217284317
235,1,0.01,500,2,2,35.74343522500376
236,1,0.01,500,2,5,19.621154286628855
237,1,0.01,500,5,1,41.8369639872558
238,1,0.01,500,5,2,15.871049882575322
239,1,0.01,500,5,5,24.181912757823127
240,1,0.01,500,7,1,58.119896445703866
241,1,0.01,500,7,2,16.125728084535623
242,1,0.01,500,7,5,20.747460984390344
243,1,0.1,100,2,1,45.49940265625632
244,1,0.1,100,2,2,55.60851530219908
245,1,0.1,100,2,5,60.46588848342546
246,1,0.1,100,5,1,52.3447135258168
247,1,0.1,100,5,2,47.995559452097396
248,1,0.1,100,5,5,55.6500668204412
249,1,0.1,100,7,1,44.380422121693975
250,1,0.1,100,7,2,67.34421906120566
251,1,0.1,100,7,5,33.94372100003688
252,1,0.1,200,2,1,35.75447207616223
253,1,0.1,200,2,2,36.59764294177141
254,1,0.1,200,2,5,27.193973371777183
255,1,0.1,200,5,1,30.345167840571314
256,1,0.1,200,5,2,36.24574621652768
257,1,0.1,200,5,5,27.560975827517254
258,1,0.1,200,7,1,38.55345125812469
259,1,0.1,200,7,2,27.816343598839413
260,1,0.1,200,7,5,26.71403291528935
261,1,0.1,500,2,1,21.569221762545666
262,1,0.1,500,2,2,17.094281795690403
263,1,0.1,500,2,5,21.92282054779214
264,1,0.1,500,5,1,16.961559408562874
265,1,0.1,500,5,2,18.446094187122295
266,1,0.1,500,5,5,27.132471296375112
267,1,0.1,500,7,1,16.854830356258947
268,1,0.1,500,7,2,19.04325146397537
269,1,0.1,500,7,5,24.291236094714048
270,1,1.0,100,2,1,35.49173992302069
271,1,1.0,100,2,2,34.190088114325576
272,1,1.0,100,2,5,29.912510402636176
273,1,1.0,100,5,1,36.20073004198132
274,1,1.0,100,5,2,32.32125017688559
275,1,1.0,100,5,5,29.528144099296195
276,1,1.0,100,7,1,35.57558748209355
277,1,1.0,100,7,2,29.843743689345317
278,1,1.0,100,7,5,29.79348520574773
279,1,1.0,200,2,1,30.589983879038943
280,1,1.0,200,2,2,25.80956634183409
281,1,1.0,200,2,5,25.560093905104075
282,1,1.0,200,5,1,28.194641463783594
283,1,1.0,200,5,2,23.638229801759607
284,1,1.0,200,5,5,29.319948835196573
285,1,1.0,200,7,1,27.422193524089753
286,1,1.0,200,7,2,23.528408882738724
287,1,1.0,200,7,5,29.67191860195815
288,1,1.0,500,2,1,15.97453395077642
289,1,1.0,500,2,2,20.06475815831198
290,1,1.0,500,2,5,24.373087352752382
291,1,1.0,500,5,1,16.142696150564042
292,1,1.0,500,5,2,21.58346071727134
293,1,1.0,500,5,5,28.885350558813297
294,1,1.0,500,7,1,16.466603259863227
295,1,1.0,500,7,2,21.319125237670157
296,1,1.0,500,7,5,29.37912383230712
297,1,10.0,100,2,1,37.872495366026854
298,1,10.0,100,2,2,31.544832994375508
299,1,10.0,100,2,5,31.72662637466131
300,1,10.0,100,5,1,35.92839981482048
301,1,10.0,100,5,2,32.23519756225215
302,1,10.0,100,5,5,30.91358336604512
303,1,10.0,100,7,1,37.34043923746709
304,1,10.0,100,7,2,31.093512697548956
305,1,10.0,100,7,5,31.346023151492147
306,1,10.0,200,2,1,30.973872907209007
307,1,10.0,200,2,2,26.271737934640516
308,1,10.0,200,2,5,27.47129420192721
309,1,10.0,200,5,1,29.364201129873052
310,1,10.0,200,5,2,26.61503811526523
311,1,10.0,200,5,5,30.69820039433652
312,1,10.0,200,7,1,26.810779990530445
313,1,10.0,200,7,2,25.79664845933217
314,1,10.0,200,7,5,31.174890208256024
315,1,10.0,500,2,1,21.027748260376132
316,1,10.0,500,2,2,22.842172953221887
317,1,10.0,500,2,5,26.52131608464843
318,1,10.0,500,5,1,20.337132454554265
319,1,10.0,500,5,2,24.51265086032362
320,1,10.0,500,5,5,30.259158585553358
321,1,10.0,500,7,1,20.384326802074995
322,1,10.0,500,7,2,24.894467625109495
323,1,10.0,500,7,5,30.990477949992247
324,1,100.0,100,2,1,35.41912409008637
325,1,100.0,100,2,2,36.38177873479146
326,1,100.0,100,2,5,32.58996653327113
327,1,100.0,100,5,1,36.029768100283476
328,1,100.0,100,5,2,31.242343851467478
329,1,100.0,100,5,5,33.311512295141284
330,1,100.0,100,7,1,38.10135544989806
331,1,100.0,100,7,2,32.334449184417515
332,1,100.0,100,7,5,33.940551197955955
333,1,100.0,200,2,1,35.21420466231329
334,1,100.0,200,2,2,30.09857693271733
335,1,100.0,200,2,5,30.902124712053173
336,1,100.0,200,5,1,30.607287398552476
337,1,100.0,200,5,2,30.485228636630644
338,1,100.0,200,5,5,32.23767700606854
339,1,100.0,200,7,1,30.916150483239846
340,1,100.0,200,7,2,30.50242947878104
341,1,100.0,200,7,5,32.94666495390558
342,1,100.0,500,2,1,28.5791025382637
343,1,100.0,500,2,2,28.432010187218477
344,1,100.0,500,2,5,30.491214083577987
345,1,100.0,500,5,1,28.662197064215114
346,1,100.0,500,5,2,28.770164056210294
347,1,100.0,500,5,5,32.25062435733799
348,1,100.0,500,7,1,29.21659623325281
349,1,100.0,500,7,2,29.709797071276306
350,1,100.0,500,7,5,32.47752995650662
351,1,1000.0,100,2,1,44.857628355536264
352,1,1000.0,100,2,2,37.50241775835236
353,1,1000.0,100,2,5,41.11452041616678
354,1,1000.0,100,5,1,40.68365005150192
355,1,1000.0,100,5,2,39.850608705849936
356,1,1000.0,100,5,5,35.59182007521854
357,1,1000.0,100,7,1,45.25975132955194
358,1,1000.0,100,7,2,37.25121268732144
359,1,1000.0,100,7,5,35.50848655327003
360,1,1000.0,200,2,1,41.11073888878493
361,1,1000.0,200,2,2,36.86232859262979
362,1,1000.0,200,2,5,35.388299749347794
363,1,1000.0,200,5,1,44.04820161632886
364,1,1000.0,200,5,2,36.31684529825533
365,1,1000.0,200,5,5,35.31203625215094
366,1,1000.0,200,7,1,44.6062780529274
367,1,1000.0,200,7,2,37.5319563000342
368,1,1000.0,200,7,5,36.187869714689
369,1,1000.0,500,2,1,42.403472460280035
370,1,1000.0,500,2,2,37.006017966144114
371,1,1000.0,500,2,5,34.51417168759397
372,1,1000.0,500,5,1,43.988843725092195
373,1,1000.0,500,5,2,35.82162443989452
374,1,1000.0,500,5,5,35.10827609983466
375,1,1000.0,500,7,1,45.24620887983046
376,1,1000.0,500,7,2,36.349985199885616
377,1,1000.0,500,7,5,35.47870404431509
378,2,0.001,100,2,1,102.68553228775288
379,2,0.001,100,2,2,948.4549592593625
380,2,0.001,100,2,5,1717.3456970695781
381,2,0.001,100,5,1,97.4023304694591
382,2,0.001,100,5,2,1617.9142695184503
383,2,0.001,100,5,5,4918.884909569064
384,2,0.001,100,7,1,111.92145444362356
385,2,0.001,100,7,2,1159.1953769056313
386,2,0.001,100,7,5,4133.561669664266
387,2,0.001,200,2,1,104.40010417241086
388,2,0.001,200,2,2,657.1536835097396
389,2,0.001,200,2,5,1282.122975511383
390,2,0.001,200,5,1,101.74412707109249
391,2,0.001,200,5,2,1361.9429662456735
392,2,0.001,200,5,5,4059.247272690397
393,2,0.001,200,7,1,111.99799476110897
394,2,0.001,200,7,2,1090.043974209265
395,2,0.001,200,7,5,3185.2647760995283
396,2,0.001,500,2,1,127.68776594693462
397,2,0.001,500,2,2,666.6568962634499
398,2,0.001,500,2,5,778.6163600170372
399,2,0.001,500,5,1,124.91761707562826
400,2,0.001,500,5,2,1404.4045313290953
401,2,0.001,500,5,5,1118.912058921879
402,2,0.001,500,7,1,128.0440590909549
403,2,0.001,500,7,2,944.0191392574598
404,2,0.001,500,7,5,2557.7395048505664
405,2,0.01,100,2,1,101.62367117825981
406,2,0.01,100,2,2,321.93197148409143
407,2,0.01,100,2,5,355.2374491642291
408,2,0.01,100,5,1,94.25167386382579
409,2,0.01,100,5,2,212.3357550959812
410,2,0.01,100,5,5,1941.296895449047
411,2,0.01,100,7,1,102.99826215371802
412,2,0.01,100,7,2,395.61598781618324
413,2,0.01,100,7,5,917.9578690200401
414,2,0.01,200,2,1,70.46846836570073
415,2,0.01,200,2,2,169.22499762447927
416,2,0.01,200,2,5,489.58348215974576
417,2,0.01,200,5,1,74.5010275901455
418,2,0.01,200,5,2,166.39001812687732
419,2,0.01,200,5,5,78.82574946455742
420,2,0.01,200,7,1,76.0781334122558
421,2,0.01,200,7,2,377.50743881956777
422,2,0.01,200,7,5,563.1160460127865
423,2,0.01,500,2,1,50.63012079653035
424,2,0.01,500,2,2,23.017293185971017
425,2,0.01,500,2,5,21.56599251610375
426,2,0.01,500,5,1,41.146548333151536
427,2,0.01,500,5,2,15.392554170587793
428,2,0.01,500,5,5,24.153833150096165
429,2,0.01,500,7,1,55.255880461376435
430,2,0.01,500,7,2,15.221320117124485
431,2,0.01,500,7,5,20.60058373773607
432,2,0.1,100,2,1,49.65309468353682
433,2,0.1,100,2,2,54.728963097667624
434,2,0.1,100,2,5,56.56352712847057
435,2,0.1,100,5,1,44.68810134243096
436,2,0.1,100,5,2,56.13233509049539
437,2,0.1,100,5,5,30.944328808440115
438,2,0.1,100,7,1,43.413424759878446
439,2,0.1,100,7,2,43.55217595596959
440,2,0.1,100,7,5,28.33848407229977
441,2,0.1,200,2,1,37.88337584460222
442,2,0.1,200,2,2,30.682961333099303
443,2,0.1,200,2,5,28.602170341789925
444,2,0.1,200,5,1,32.30111881862311
445,2,0.1,200,5,2,28.533631579237223
446,2,0.1,200,5,5,27.456170249363698
447,2,0.1,200,7,1,33.68568967970926
448,2,0.1,200,7,2,30.584750096693405
449,2,0.1,200,7,5,26.226752407324785
450,2,0.1,500,2,1,16.996792066520634
451,2,0.1,500,2,2,16.38535034549721
452,2,0.1,500,2,5,22.260935347516295
453,2,0.1,500,5,1,15.951563228257159
454,2,0.1,500,5,2,18.766331179251303
455,2,0.1,500,5,5,27.252041959160145
456,2,0.1,500,7,1,19.887298184402578
457,2,0.1,500,7,2,19.15013314727521
458,2,0.1,500,7,5,24.733344291239987
459,2,1.0,100,2,1,36.8079077644049
460,2,1.0,100,2,2,36.315674210473325
461,2,1.0,100,2,5,38.29471589418681
462,2,1.0,100,5,1,34.21803501293551
463,2,1.0,100,5,2,29.98545446408846
464,2,1.0,100,5,5,29.827595249868928
465,2,1.0,100,7,1,37.42147682751887
466,2,1.0,100,7,2,31.758162208512392
467,2,1.0,100,7,5,30.10745238689545
468,2,1.0,200,2,1,30.047026939180185
469,2,1.0,200,2,2,25.65353694858872
470,2,1.0,200,2,5,26.41180996271673
471,2,1.0,200,5,1,30.17451247635853
472,2,1.0,200,5,2,24.045391773053897
473,2,1.0,200,5,5,28.721458333333196
474,2,1.0,200,7,1,28.202559411368856
475,2,1.0,200,7,2,23.49653438297373
476,2,1.0,200,7,5,29.55311309148853
477,2,1.0,500,2,1,17.775536071208617
478,2,1.0,500,2,2,19.78602664593802
479,2,1.0,500,2,5,24.399523000710214
480,2,1.0,500,5,1,15.992391650237332
481,2,1.0,500,5,2,21.222687329003225
482,2,1.0,500,5,5,28.737367509675387
483,2,1.0,500,7,1,16.92485459759919
484,2,1.0,500,7,2,21.5619481628686
485,2,1.0,500,7,5,29.11700317500367
486,2,10.0,100,2,1,41.73113925477664
487,2,10.0,100,2,2,31.54806022240209
488,2,10.0,100,2,5,29.760325630801468
489,2,10.0,100,5,1,36.00499907209812
490,2,10.0,100,5,2,30.66067982477869
491,2,10.0,100,5,5,31.494741032094907
492,2,10.0,100,7,1,35.77865029484301
493,2,10.0,100,7,2,29.713612969494598
494,2,10.0,100,7,5,31.40979542720042
495,2,10.0,200,2,1,29.27892878298892
496,2,10.0,200,2,2,25.704001985632033
497,2,10.0,200,2,5,27.474767662283806
498,2,10.0,200,5,1,28.296715128099002
499,2,10.0,200,5,2,26.415349544732937
500,2,10.0,200,5,5,30.826650400254042
501,2,10.0,200,7,1,28.16976490480054
502,2,10.0,200,7,2,25.66551064690837
503,2,10.0,200,7,5,30.983509335012467
504,2,10.0,500,2,1,19.85103715264474
505,2,10.0,500,2,2,22.811944047482232
506,2,10.0,500,2,5,26.347988501650846
507,2,10.0,500,5,1,20.276699572792477
508,2,10.0,500,5,2,24.53821939297165
509,2,10.0,500,5,5,30.326996479143524
510,2,10.0,500,7,1,20.035500676951123
511,2,10.0,500,7,2,24.542915293476373
512,2,10.0,500,7,5,30.933747160616747
513,2,100.0,100,2,1,41.21180574312113
514,2,100.0,100,2,2,32.26188545460222
515,2,100.0,100,2,5,32.77204225434644
516,2,100.0,100,5,1,39.56896742242893
517,2,100.0,100,5,2,33.66366373117991
518,2,100.0,100,5,5,33.407050798191946
519,2,100.0,100,7,1,35.52806042498877
520,2,100.0,100,7,2,32.49764360676714
521,2,100.0,100,7,5,33.36456603351251
522,2,100.0,200,2,1,30.926101823569873
523,2,100.0,200,2,2,29.27518851434818
524,2,100.0,200,2,5,31.22142996753174
525,2,100.0,200,5,1,30.572730158658334
526,2,100.0,200,5,2,30.013950025464858
527,2,100.0,200,5,5,32.52413164298986
528,2,100.0,200,7,1,31.564335833785904
529,2,100.0,200,7,2,30.26561878671198
530,2,100.0,200,7,5,32.954248318679134
531,2,100.0,500,2,1,27.740101835162758
532,2,100.0,500,2,2,27.84973803119902
533,2,100.0,500,2,5,30.74939160470307
534,2,100.0,500,5,1,28.347160236710874
535,2,100.0,500,5,2,28.549383508978128
536,2,100.0,500,5,5,32.30460018232385
537,2,100.0,500,7,1,28.99393890389672
538,2,100.0,500,7,2,29.167457958003865
539,2,100.0,500,7,5,32.92280930038474
540,2,1000.0,100,2,1,47.41567930523393
541,2,1000.0,100,2,2,37.26451996734384
542,2,1000.0,100,2,5,36.64118143086248
543,2,1000.0,100,5,1,43.86559671451406
544,2,1000.0,100,5,2,37.98854386947089
545,2,1000.0,100,5,5,35.800403496808634
546,2,1000.0,100,7,1,44.83616913913527
547,2,1000.0,100,7,2,38.09022909190229
548,2,1000.0,100,7,5,36.46008567399469
549,2,1000.0,200,2,1,44.367853271178326
550,2,1000.0,200,2,2,38.8938976445324
551,2,1000.0,200,2,5,35.07027979806532
552,2,1000.0,200,5,1,42.664456572103276
553,2,1000.0,200,5,2,36.51372365981979
554,2,1000.0,200,5,5,35.282296214206326
555,2,1000.0,200,7,1,44.812559090526825
556,2,1000.0,200,7,2,35.583379381051174
557,2,1000.0,200,7,5,35.21517130538447
558,2,1000.0,500,2,1,41.87496012898717
559,2,1000.0,500,2,2,35.705709899724624
560,2,1000.0,500,2,5,34.65513281726051
561,2,1000.0,500,5,1,41.807883300279705
562,2,1000.0,500,5,2,35.938338024328644
563,2,1000.0,500,5,5,35.587600522243704
564,2,1000.0,500,7,1,44.588225194984695
565,2,1000.0,500,7,2,36.392847125445634
566,2,1000.0,500,7,5,35.607605121314194
567,3,0.001,100,2,1,103.99927578317822
568,3,0.001,100,2,2,678.9029989262349
569,3,0.001,100,2,5,2511.141054853178
570,3,0.001,100,5,1,123.36295394865046
571,3,0.001,100,5,2,1428.2792677895818
572,3,0.001,100,5,5,3698.3566399454194
573,3,0.001,100,7,1,127.46798890003068
574,3,0.001,100,7,2,976.0714867164377
575,3,0.001,100,7,5,2666.5261793784757
576,3,0.001,200,2,1,96.21815192096223
577,3,0.001,200,2,2,945.487599222157
578,3,0.001,200,2,5,1649.6397936988915
579,3,0.001,200,5,1,105.57396354107838
580,3,0.001,200,5,2,973.9127991633519
581,3,0.001,200,5,5,2780.2660009716114
582,3,0.001,200,7,1,107.62617842642432
583,3,0.001,200,7,2,1152.9030237091529
584,3,0.001,200,7,5,2928.4997433823737
585,3,0.001,500,2,1,100.11887637383492
586,3,0.001,500,2,2,568.9154219796206
587,3,0.001,500,2,5,944.061886538383
588,3,0.001,500,5,1,152.867151926178
589,3,0.001,500,5,2,987.8390221451649
590,3,0.001,500,5,5,1359.2376420595501
591,3,0.001,500,7,1,124.06877334646194
592,3,0.001,500,7,2,1183.4574128989
593,3,0.001,500,7,5,2323.1976092225445
594,3,0.01,100,2,1,88.3871774413424
595,3,0.01,100,2,2,259.1434949846612
596,3,0.01,100,2,5,431.36256215547627
597,3,0.01,100,5,1,88.24100604050518
598,3,0.01,100,5,2,320.85752480165536
599,3,0.01,100,5,5,327.44844531133054
600,3,0.01,100,7,1,126.08844596678829
601,3,0.01,100,7,2,400.59884286898546
602,3,0.01,100,7,5,832.3413603941788
603,3,0.01,200,2,1,75.88232999961691
604,3,0.01,200,2,2,207.1294759790361
605,3,0.01,200,2,5,373.0622096808822
606,3,0.01,200,5,1,78.31748367124821
607,3,0.01,200,5,2,206.65910095115143
608,3,0.01,200,5,5,276.7451114401065
609,3,0.01,200,7,1,77.9886921552608
610,3,0.01,200,7,2,295.74229624359936
611,3,0.01,200,7,5,190.2686524863698
612,3,0.01,500,2,1,47.1916617100024
613,3,0.01,500,2,2,23.64779314153849
614,3,0.01,500,2,5,18.805350257278793
615,3,0.01,500,5,1,50.86421919552221
616,3,0.01,500,5,2,15.450666275922108
617,3,0.01,500,5,5,24.49222567145136
618,3,0.01,500,7,1,59.08524497291759
619,3,0.01,500,7,2,15.841566117915807
620,3,0.01,500,7,5,20.2988380967024
621,3,0.1,100,2,1,48.78511697570461
622,3,0.1,100,2,2,52.85601639530111
623,3,0.1,100,2,5,86.45468250121463
624,3,0.1,100,5,1,42.12777620248283
625,3,0.1,100,5,2,71.93876381747148
626,3,0.1,100,5,5,28.507444455385954
627,3,0.1,100,7,1,46.94231630728539
628,3,0.1,100,7,2,40.29437788143754
629,3,0.1,100,7,5,29.715066938905206
630,3,0.1,200,2,1,38.5831907325149
631,3,0.1,200,2,2,38.121983818419245
632,3,0.1,200,2,5,36.89160168377778
633,3,0.1,200,5,1,33.15264332327612
634,3,0.1,200,5,2,27.335085568070966
635,3,0.1,200,5,5,27.539838416485235
636,3,0.1,200,7,1,36.84933224458892
637,3,0.1,200,7,2,27.983943633699983
638,3,0.1,200,7,5,26.471129053008
639,3,0.1,500,2,1,18.625407047406217
640,3,0.1,500,2,2,17.56332649474844
641,3,0.1,500,2,5,22.119341003554453
642,3,0.1,500,5,1,16.1266458015592
643,3,0.1,500,5,2,18.774639657866416
644,3,0.1,500,5,5,27.2722566986069
645,3,0.1,500,7,1,17.307895728008443
646,3,0.1,500,7,2,18.96665867076481
647,3,0.1,500,7,5,24.955377414716317
648,3,1.0,100,2,1,41.68284794609599
649,3,1.0,100,2,2,34.33163206087933
650,3,1.0,100,2,5,31.244468931381046
651,3,1.0,100,5,1,36.34741752210029
652,3,1.0,100,5,2,31.953823255819387
653,3,1.0,100,5,5,29.450043092515386
654,3,1.0,100,7,1,35.45084606886521
655,3,1.0,100,7,2,31.404776313833892
656,3,1.0,100,7,5,30.282307838631205
657,3,1.0,200,2,1,29.882523832558935
658,3,1.0,200,2,2,25.463850389853643
659,3,1.0,200,2,5,25.87960287348334
660,3,1.0,200,5,1,29.580667379645636
661,3,1.0,200,5,2,23.86096456244867
662,3,1.0,200,5,5,29.280168679308176
663,3,1.0,200,7,1,29.05819462429362
664,3,1.0,200,7,2,24.41234529003453
665,3,1.0,200,7,5,29.372938773265922
666,3,1.0,500,2,1,17.441481744259775
667,3,1.0,500,2,2,20.108690400968282
668,3,1.0,500,2,5,24.21949639440677
669,3,1.0,500,5,1,15.764080521916481
670,3,1.0,500,5,2,21.11541924476883
671,3,1.0,500,5,5,29.07786933277158
672,3,1.0,500,7,1,16.23180650104183
673,3,1.0,500,7,2,21.59174366718843
674,3,1.0,500,7,5,29.30767970605001
675,3,10.0,100,2,1,37.2407412995663
676,3,10.0,100,2,2,34.16132280909259
677,3,10.0,100,2,5,30.95255401769307
678,3,10.0,100,5,1,33.25859407998936
679,3,10.0,100,5,2,31.451928559905404
680,3,10.0,100,5,5,31.09560268190728
681,3,10.0,100,7,1,37.57810731257214
682,3,10.0,100,7,2,31.595958437317886
683,3,10.0,100,7,5,31.352518952553005
684,3,10.0,200,2,1,28.75874778943988
685,3,10.0,200,2,2,25.917548857324878
686,3,10.0,200,2,5,27.488117761612973
687,3,10.0,200,5,1,28.160729815163972
688,3,10.0,200,5,2,26.64035065350636
689,3,10.0,200,5,5,30.657864491525952
690,3,10.0,200,7,1,27.978247562481126
691,3,10.0,200,7,2,25.780605732303545
692,3,10.0,200,7,5,31.227555774411435
693,3,10.0,500,2,1,19.812015347376718
694,3,10.0,500,2,2,23.111855216632197
695,3,10.0,500,2,5,26.000717709635435
696,3,10.0,500,5,1,19.77147929054899
697,3,10.0,500,5,2,24.937837833266105
698,3,10.0,500,5,5,30.46900734014377
699,3,10.0,500,7,1,21.20703617733067
700,3,10.0,500,7,2,25.10322128929592
701,3,10.0,500,7,5,31.00967970111021
702,3,100.0,100,2,1,32.80842169542824
703,3,100.0,100,2,2,31.48462090573248
704,3,100.0,100,2,5,32.48799669553553
705,3,100.0,100,5,1,36.86961371790942
706,3,100.0,100,5,2,32.61401031577493
707,3,100.0,100,5,5,32.18271509055076
708,3,100.0,100,7,1,36.00107253703246
709,3,100.0,100,7,2,31.605918325348664
710,3,100.0,100,7,5,32.87469230946468
711,3,100.0,200,2,1,32.18717549424188
712,3,100.0,200,2,2,29.190203196745657
713,3,100.0,200,2,5,31.3805988535991
714,3,100.0,200,5,1,29.683116875390354
715,3,100.0,200,5,2,29.50771305340903
716,3,100.0,200,5,5,32.873231011407874
717,3,100.0,200,7,1,30.995034379344876
718,3,100.0,200,7,2,30.62260162162135
719,3,100.0,200,7,5,32.73041019977019
720,3,100.0,500,2,1,27.977362020901605
721,3,100.0,500,2,2,28.362513631590893
722,3,100.0,500,2,5,30.35688099215706
723,3,100.0,500,5,1,29.086876509312056
724,3,100.0,500,5,2,29.446734932659368
725,3,100.0,500,5,5,32.266237989877794
726,3,100.0,500,7,1,29.008176905403463
727,3,100.0,500,7,2,29.98819511373583
728,3,100.0,500,7,5,32.72164404023012
729,3,1000.0,100,2,1,42.56742412351561
730,3,1000.0,100,2,2,38.6600162767247
731,3,1000.0,100,2,5,38.16076862905706
732,3,1000.0,100,5,1,44.58526853857911
733,3,1000.0,100,5,2,38.16289385535354
734,3,1000.0,100,5,5,35.97517178575506
735,3,1000.0,100,7,1,45.691521968768896
736,3,1000.0,100,7,2,37.152041443011825
737,3,1000.0,100,7,5,36.72234888004975
738,3,1000.0,200,2,1,45.39937175331238
739,3,1000.0,200,2,2,38.52134125623973
740,3,1000.0,200,2,5,35.934807219259014
741,3,1000.0,200,5,1,44.79015520512796
742,3,1000.0,200,5,2,35.69234597020566
743,3,1000.0,200,5,5,35.432590214972954
744,3,1000.0,200,7,1,42.78047608015696
745,3,1000.0,200,7,2,37.44891040804278
746,3,1000.0,200,7,5,35.76613578360438
747,3,1000.0,500,2,1,42.22391988339239
748,3,1000.0,500,2,2,35.859377390571744
749,3,1000.0,500,2,5,34.795847743170285
750,3,1000.0,500,5,1,43.367072318219805
751,3,1000.0,500,5,2,36.44578862576425
752,3,1000.0,500,5,5,35.317270771219526
753,3,1000.0,500,7,1,43.764245255884546
754,3,1000.0,500,7,2,36.34486339019606
755,3,1000.0,500,7,5,35.29417219450455
756,4,0.001,100,2,1,84.58403166684054
757,4,0.001,100,2,2,849.9693265913106
758,4,0.001,100,2,5,2080.691934850438
759,4,0.001,100,5,1,82.8943262803628
760,4,0.001,100,5,2,1065.0744597701585
761,4,0.001,100,5,5,4430.892546434927
762,4,0.001,100,7,1,88.66377440150647
763,4,0.001,100,7,2,1391.4552784768064
764,4,0.001,100,7,5,2882.6724928617487
765,4,0.001,200,2,1,120.4716495239539
766,4,0.001,200,2,2,557.9779113206415
767,4,0.001,200,2,5,1956.955304059003
768,4,0.001,200,5,1,111.11035776555657
769,4,0.001,200,5,2,1751.4300468173485
770,4,0.001,200,5,5,4198.41187440984
771,4,0.001,200,7,1,105.74110916504863
772,4,0.001,200,7,2,1043.779125491444
773,4,0.001,200,7,5,2609.633759789166
774,4,0.001,500,2,1,110.12419058647524
775,4,0.001,500,2,2,714.9312210796885
776,4,0.001,500,2,5,1276.5761372207182
777,4,0.001,500,5,1,128.59774362860446
778,4,0.001,500,5,2,991.2419715367384
779,4,0.001,500,5,5,2742.8230691946783
780,4,0.001,500,7,1,146.76810215873044
781,4,0.001,500,7,2,878.0172695742461
782,4,0.001,500,7,5,2585.564774336112
783,4,0.01,100,2,1,96.1391549174222
784,4,0.01,100,2,2,319.37733667141185
785,4,0.01,100,2,5,395.8051795305386
786,4,0.01,100,5,1,93.37540563720607
787,4,0.01,100,5,2,259.76345699590195
788,4,0.01,100,5,5,824.2242135760778
789,4,0.01,100,7,1,111.95037533829297
790,4,0.01,100,7,2,419.45056777817894
791,4,0.01,100,7,5,971.4536969072216
792,4,0.01,200,2,1,73.80713274723226
793,4,0.01,200,2,2,227.95973081384037
794,4,0.01,200,2,5,247.94286705302156
795,4,0.01,200,5,1,89.86836730052165
796,4,0.01,200,5,2,188.6790088844098
797,4,0.01,200,5,5,219.35842677691545
798,4,0.01,200,7,1,91.88658792546657
799,4,0.01,200,7,2,201.11201925192935
800,4,0.01,200,7,5,334.7082814794578
801,4,0.01,500,2,1,48.451537268999225
802,4,0.01,500,2,2,20.761950365616617
803,4,0.01,500,2,5,156.46344973137053
804,4,0.01,500,5,1,55.35044284290224
805,4,0.01,500,5,2,16.112431027133088
806,4,0.01,500,5,5,24.204874952224127
807,4,0.01,500,7,1,44.456756022248435
808,4,0.01,500,7,2,16.054241399830662
809,4,0.01,500,7,5,20.494218337886135
810,4,0.1,100,2,1,46.46849311682525
811,4,0.1,100,2,2,55.75072465843573
812,4,0.1,100,2,5,83.45345120056128
813,4,0.1,100,5,1,42.57025321108597
814,4,0.1,100,5,2,63.11397736679492
815,4,0.1,100,5,5,30.917115705216176
816,4,0.1,100,7,1,50.29686480764789
817,4,0.1,100,7,2,64.5400868914126
818,4,0.1,100,7,5,30.58949779661689
819,4,0.1,200,2,1,38.54538952249663
820,4,0.1,200,2,2,30.72540494359498
821,4,0.1,200,2,5,28.810997692883163
822,4,0.1,200,5,1,30.297112019181597
823,4,0.1,200,5,2,29.828340310147322
824,4,0.1,200,5,5,27.671952883887286
825,4,0.1,200,7,1,33.25906299922884
826,4,0.1,200,7,2,25.159752196015805
827,4,0.1,200,7,5,26.23170952638269
828,4,0.1,500,2,1,18.76940438018304
829,4,0.1,500,2,2,16.038643773423928
830,4,0.1,500,2,5,21.876035706049265
831,4,0.1,500,5,1,21.04353497792335
832,4,0.1,500,5,2,18.33965571274542
833,4,0.1,500,5,5,27.38877246808006
834,4,0.1,500,7,1,16.989734803886908
835,4,0.1,500,7,2,19.121401126002244
836,4,0.1,500,7,5,24.130217219905827
837,4,1.0,100,2,1,35.14258815818497
838,4,1.0,100,2,2,37.94046395586107
839,4,1.0,100,2,5,30.641730874421246
840,4,1.0,100,5,1,32.969125811114004
841,4,1.0,100,5,2,30.962705525959233
842,4,1.0,100,5,5,29.973846681596843
843,4,1.0,100,7,1,34.581125189576284
844,4,1.0,100,7,2,31.795502258872265
845,4,1.0,100,7,5,30.413413121374045
846,4,1.0,200,2,1,29.184785090411435
847,4,1.0,200,2,2,25.314901267889148
848,4,1.0,200,2,5,26.67020966419316
849,4,1.0,200,5,1,28.607687984425294
850,4,1.0,200,5,2,23.792092462244895
851,4,1.0,200,5,5,29.346308874781577
852,4,1.0,200,7,1,30.21332107306107
853,4,1.0,200,7,2,23.836739511065414
854,4,1.0,200,7,5,29.696454686335198
855,4,1.0,500,2,1,16.737589750418337
856,4,1.0,500,2,2,19.859629314147814
857,4,1.0,500,2,5,24.36981092813792
858,4,1.0,500,5,1,17.388606983733997
859,4,1.0,500,5,2,21.102307617935725
860,4,1.0,500,5,5,28.993210989730436
861,4,1.0,500,7,1,16.61168510411931
862,4,1.0,500,7,2,21.895538491786873
863,4,1.0,500,7,5,29.37468601135131
864,4,10.0,100,2,1,37.25212306512279
865,4,10.0,100,2,2,33.512379115649765
866,4,10.0,100,2,5,31.672441274873005
867,4,10.0,100,5,1,37.622314094059824
868,4,10.0,100,5,2,31.06745436536537
869,4,10.0,100,5,5,31.286205560793753
870,4,10.0,100,7,1,37.06645461463798
871,4,10.0,100,7,2,29.627462746801758
872,4,10.0,100,7,5,31.35958885737869
873,4,10.0,200,2,1,28.985957311831235
874,4,10.0,200,2,2,27.228702977061523
875,4,10.0,200,2,5,27.57748715603663
876,4,10.0,200,5,1,27.000618365089778
877,4,10.0,200,5,2,26.280959365632906
878,4,10.0,200,5,5,30.748456285840323
879,4,10.0,200,7,1,28.365935736335015
880,4,10.0,200,7,2,26.06917095847339
881,4,10.0,200,7,5,30.990844849410955
882,4,10.0,500,2,1,20.80493648605647
883,4,10.0,500,2,2,22.946110555997564
884,4,10.0,500,2,5,26.0482586910873
885,4,10.0,500,5,1,19.69171546178186
886,4,10.0,500,5,2,24.82287751378844
887,4,10.0,500,5,5,30.45854794584371
888,4,10.0,500,7,1,20.819919418300124
889,4,10.0,500,7,2,24.885656840877257
890,4,10.0,500,7,5,31.041640368465433
891,4,100.0,100,2,1,35.701725261691855
892,4,100.0,100,2,2,32.18880084953601
893,4,100.0,100,2,5,34.2071738583451
894,4,100.0,100,5,1,36.30998094470408
895,4,100.0,100,5,2,31.874262025625548
896,4,100.0,100,5,5,32.6002201805295
897,4,100.0,100,7,1,36.81725063305091
898,4,100.0,100,7,2,31.83818739106724
899,4,100.0,100,7,5,33.12386310739215
900,4,100.0,200,2,1,33.19299483507941
901,4,100.0,200,2,2,30.10636987231123
902,4,100.0,200,2,5,31.547319301875767
903,4,100.0,200,5,1,31.00876424757877
904,4,100.0,200,5,2,30.27773822295917
905,4,100.0,200,5,5,32.34459926049321
906,4,100.0,200,7,1,31.565915770222897
907,4,100.0,200,7,2,30.32410474608785
908,4,100.0,200,7,5,32.685242062206356
909,4,100.0,500,2,1,28.469131490662967
910,4,100.0,500,2,2,27.971588489501816
911,4,100.0,500,2,5,30.351536059373803
912,4,100.0,500,5,1,28.669198107883606
913,4,100.0,500,5,2,29.468930138479593
914,4,100.0,500,5,5,32.334594921797546
915,4,100.0,500,7,1,29.432674058525265
916,4,100.0,500,7,2,29.55466801884353
917,4,100.0,500,7,5,32.7521941085653
918,4,1000.0,100,2,1,43.908484842383395
919,4,1000.0,100,2,2,38.73128623884208
920,4,1000.0,100,2,5,37.91741498337053
921,4,1000.0,100,5,1,42.88360743792122
922,4,1000.0,100,5,2,35.97533756501066
923,4,1000.0,100,5,5,35.17292237110366
924,4,1000.0,100,7,1,43.95780982200467
925,4,1000.0,100,7,2,35.81486035533588
926,4,1000.0,100,7,5,36.02182157765517
927,4,1000.0,200,2,1,43.39969183900529
928,4,1000.0,200,2,2,37.239881130387
929,4,1000.0,200,2,5,35.04433091055974
930,4,1000.0,200,5,1,41.35082372869466
931,4,1000.0,200,5,2,35.353667622926196
932,4,1000.0,200,5,5,35.49097210882469
933,4,1000.0,200,7,1,45.69359962658272
934,4,1000.0,200,7,2,37.35343009155973
935,4,1000.0,200,7,5,35.20669331114871
936,4,1000.0,500,2,1,42.360659902357256
937,4,1000.0,500,2,2,35.90810972797615
938,4,1000.0,500,2,5,35.595185722884864
939,4,1000.0,500,5,1,42.81504450562362
940,4,1000.0,500,5,2,35.751217045309794
941,4,1000.0,500,5,5,35.43376489876725
942,4,1000.0,500,7,1,46.367415567330745
943,4,1000.0,500,7,2,35.744820510985576
944,4,1000.0,500,7,5,35.41546182656461
945,5,0.001,100,2,1,86.50556389345847
946,5,0.001,100,2,2,1247.2568549471741
947,5,0.001,100,2,5,2137.690211098773
948,5,0.001,100,5,1,118.81444134310037
949,5,0.001,100,5,2,892.1170011680299
950,5,0.001,100,5,5,3654.653072872803
951,5,0.001,100,7,1,113.52567375727837
952,5,0.001,100,7,2,842.3329391884783
953,5,0.001,100,7,5,2990.712554622921
954,5,0.001,200,2,1,106.30634846767629
955,5,0.001,200,2,2,738.8069570319356
956,5,0.001,200,2,5,2240.2904514495776
957,5,0.001,200,5,1,107.22031810658127
958,5,0.001,200,5,2,1286.802515463931
959,5,0.001,200,5,5,3299.0079235956828
960,5,0.001,200,7,1,114.29243881356167
961,5,0.001,200,7,2,1101.183638440951
962,5,0.001,200,7,5,2643.8606064528162
963,5,0.001,500,2,1,107.75083289419035
964,5,0.001,500,2,2,575.0739555306917
965,5,0.001,500,2,5,1005.1785388189134
966,5,0.001,500,5,1,125.60696199510244
967,5,0.001,500,5,2,1292.6478158416785
968,5,0.001,500,5,5,1468.6105232361233
969,5,0.001,500,7,1,138.23084899127898
970,5,0.001,500,7,2,893.913150559129
971,5,0.001,500,7,5,3632.1578761020514
972,5,0.01,100,2,1,89.303476313429
973,5,0.01,100,2,2,270.22345537017867
974,5,0.01,100,2,5,695.9488731444053
975,5,0.01,100,5,1,76.07961696827358
976,5,0.01,100,5,2,311.395568348582
977,5,0.01,100,5,5,845.5142157307928
978,5,0.01,100,7,1,90.75810293888662
979,5,0.01,100,7,2,268.333322931537
980,5,0.01,100,7,5,864.2254497030414
981,5,0.01,200,2,1,68.15923080468484
982,5,0.01,200,2,2,430.45857602445983
983,5,0.01,200,2,5,385.39986883130575
984,5,0.01,200,5,1,90.21305853504433
985,5,0.01,200,5,2,268.00431171976635
986,5,0.01,200,5,5,192.1983844679221
987,5,0.01,200,7,1,70.8348983896229
988,5,0.01,200,7,2,418.9542446601981
989,5,0.01,200,7,5,128.31933046994092
990,5,0.01,500,2,1,63.70429061077394
991,5,0.01,500,2,2,14.89880236484683
992,5,0.01,500,2,5,19.27021040622736
993,5,0.01,500,5,1,44.57485325134291
994,5,0.01,500,5,2,15.424283637629076
995,5,0.01,500,5,5,24.173350728495222
996,5,0.01,500,7,1,49.36586046531761
997,5,0.01,500,7,2,15.236216532171564
998,5,0.01,500,7,5,20.642607166326282
999,5,0.1,100,2,1,48.18032664146105
1000,5,0.1,100,2,2,66.99546064544188
1001,5,0.1,100,2,5,101.24872694665876
1002,5,0.1,100,5,1,43.66810985824546
1003,5,0.1,100,5,2,43.45477822669898
1004,5,0.1,100,5,5,136.94446743330457
1005,5,0.1,100,7,1,44.59637164405719
1006,5,0.1,100,7,2,55.251620127321026
1007,5,0.1,100,7,5,29.491284694184518
1008,5,0.1,200,2,1,38.581486870710016
1009,5,0.1,200,2,2,30.522093192092385
1010,5,0.1,200,2,5,25.81899867550696
1011,5,0.1,200,5,1,33.65904792086852
1012,5,0.1,200,5,2,28.988030515404166
1013,5,0.1,200,5,5,27.82910860970619
1014,5,0.1,200,7,1,38.66205445023679
1015,5,0.1,200,7,2,25.283403583701958
1016,5,0.1,200,7,5,26.181926812111296
1017,5,0.1,500,2,1,19.931637998165055
1018,5,0.1,500,2,2,16.46711330903981
1019,5,0.1,500,2,5,21.664583698733978
1020,5,0.1,500,5,1,18.49884547552206
1021,5,0.1,500,5,2,18.595559010947333
1022,5,0.1,500,5,5,27.39478696396225
1023,5,0.1,500,7,1,17.285214564052133
1024,5,0.1,500,7,2,19.131433680833293
1025,5,0.1,500,7,5,24.12379221399915
1026,5,1.0,100,2,1,37.318658759023684
1027,5,1.0,100,2,2,37.129187009236404
1028,5,1.0,100,2,5,34.97471084511404
1029,5,1.0,100,5,1,36.603384898856255
1030,5,1.0,100,5,2,32.50408652277948
1031,5,1.0,100,5,5,29.657439747573424
1032,5,1.0,100,7,1,33.62367970754781
1033,5,1.0,100,7,2,35.08999723795932
1034,5,1.0,100,7,5,30.376905003540443
1035,5,1.0,200,2,1,30.103349731338707
1036,5,1.0,200,2,2,26.851933399507505
1037,5,1.0,200,2,5,28.427539917746074
1038,5,1.0,200,5,1,29.603868719779193
1039,5,1.0,200,5,2,24.516925597945473
1040,5,1.0,200,5,5,29.051161464328963
1041,5,1.0,200,7,1,28.04592721404271
1042,5,1.0,200,7,2,23.849515085735895
1043,5,1.0,200,7,5,29.825585783973736
1044,5,1.0,500,2,1,16.418841186427205
1045,5,1.0,500,2,2,19.839533705811057
1046,5,1.0,500,2,5,24.587904018912543
1047,5,1.0,500,5,1,15.992510813217772
1048,5,1.0,500,5,2,21.501541681823024
1049,5,1.0,500,5,5,28.862406987039893
1050,5,1.0,500,7,1,15.658040584335321
1051,5,1.0,500,7,2,21.566891551446663
1052,5,1.0,500,7,5,29.333554944530906
1053,5,10.0,100,2,1,34.225684219584984
1054,5,10.0,100,2,2,31.78071501252225
1055,5,10.0,100,2,5,30.544922024354015
1056,5,10.0,100,5,1,36.117672573742944
1057,5,10.0,100,5,2,31.728198964800754
1058,5,10.0,100,5,5,31.27261365531505
1059,5,10.0,100,7,1,35.94290036794759
1060,5,10.0,100,7,2,30.28305224902243
1061,5,10.0,100,7,5,32.00816150605237
1062,5,10.0,200,2,1,29.481011234264873
1063,5,10.0,200,2,2,26.622505563550124
1064,5,10.0,200,2,5,27.721201171317944
1065,5,10.0,200,5,1,28.33414108459398
1066,5,10.0,200,5,2,26.181946612243813
1067,5,10.0,200,5,5,30.536318718072415
1068,5,10.0,200,7,1,28.839643634047274
1069,5,10.0,200,7,2,25.404826640226457
1070,5,10.0,200,7,5,31.028437354566382
1071,5,10.0,500,2,1,20.11530298846327
1072,5,10.0,500,2,2,23.04371668938545
1073,5,10.0,500,2,5,26.220603442506818
1074,5,10.0,500,5,1,20.659359157639003
1075,5,10.0,500,5,2,24.574053030697826
1076,5,10.0,500,5,5,30.28246932348605
1077,5,10.0,500,7,1,20.745386141609252
1078,5,10.0,500,7,2,25.042700365670818
1079,5,10.0,500,7,5,30.91083730859408
1080,5,100.0,100,2,1,40.035693293168826
1081,5,100.0,100,2,2,37.662700520450585
1082,5,100.0,100,2,5,32.91187314038233
1083,5,100.0,100,5,1,35.0538113138654
1084,5,100.0,100,5,2,32.463836812205905
1085,5,100.0,100,5,5,32.348615361474586
1086,5,100.0,100,7,1,35.45116821716348
1087,5,100.0,100,7,2,30.89160022014528
1088,5,100.0,100,7,5,32.95668456640696
1089,5,100.0,200,2,1,31.235315928067347
1090,5,100.0,200,2,2,29.817699370088693
1091,5,100.0,200,2,5,31.489660943897885
1092,5,100.0,200,5,1,29.022731303273947
1093,5,100.0,200,5,2,31.404130311876322
1094,5,100.0,200,5,5,32.27140867145379
1095,5,100.0,200,7,1,30.6401304172444
1096,5,100.0,200,7,2,31.426249010432873
1097,5,100.0,200,7,5,32.83308235685812
1098,5,100.0,500,2,1,27.971864774560945
1099,5,100.0,500,2,2,27.552801492167642
1100,5,100.0,500,2,5,30.341896568214377
1101,5,100.0,500,5,1,28.75197016340911
1102,5,100.0,500,5,2,29.180868257146184
1103,5,100.0,500,5,5,32.23534222078742
1104,5,100.0,500,7,1,28.999993265841862
1105,5,100.0,500,7,2,29.43793778784085
1106,5,100.0,500,7,5,32.74139626912138
1107,5,1000.0,100,2,1,46.90765290740233
1108,5,1000.0,100,2,2,39.639854810169716
1109,5,1000.0,100,2,5,37.087016741061
1110,5,1000.0,100,5,1,42.81764600647431
1111,5,1000.0,100,5,2,36.00646830531549
1112,5,1000.0,100,5,5,35.98308981860008
1113,5,1000.0,100,7,1,45.2202646974013
1114,5,1000.0,100,7,2,36.79775090037737
1115,5,1000.0,100,7,5,36.06031921972348
1116,5,1000.0,200,2,1,41.41848548389315
1117,5,1000.0,200,2,2,35.88591226216052
1118,5,1000.0,200,2,5,35.17628833124197
1119,5,1000.0,200,5,1,46.12372150903318
1120,5,1000.0,200,5,2,36.37728003383936
1121,5,1000.0,200,5,5,35.746530642721495
1122,5,1000.0,200,7,1,44.84771596866187
1123,5,1000.0,200,7,2,38.72042752213227
1124,5,1000.0,200,7,5,35.95379151535769
1125,5,1000.0,500,2,1,42.689189554710886
1126,5,1000.0,500,2,2,36.079394026102044
1127,5,1000.0,500,2,5,34.71692140545488
1128,5,1000.0,500,5,1,44.221780509418984
1129,5,1000.0,500,5,2,35.39211798540562
1130,5,1000.0,500,5,5,35.67160037136848
1131,5,1000.0,500,7,1,43.85076936591133
1132,5,1000.0,500,7,2,36.64773361653986
1133,5,1000.0,500,7,5,35.46522925251479
1134,6,0.001,100,2,1,99.51422739678674
1135,6,0.001,100,2,2,1367.9815346106286
1136,6,0.001,100,2,5,1659.419343131781
1137,6,0.001,100,5,1,114.72553192649796
1138,6,0.001,100,5,2,1968.178175595201
1139,6,0.001,100,5,5,4378.884597010824
1140,6,0.001,100,7,1,104.98467406565334
1141,6,0.001,100,7,2,1059.1763470783796
1142,6,0.001,100,7,5,2739.2676475475905
1143,6,0.001,200,2,1,100.4649502787686
1144,6,0.001,200,2,2,831.4616944249105
1145,6,0.001,200,2,5,1157.4492504747554
1146,6,0.001,200,5,1,108.07784738495322
1147,6,0.001,200,5,2,1784.6531191159224
1148,6,0.001,200,5,5,1907.597818315336
1149,6,0.001,200,7,1,103.39913906430732
1150,6,0.001,200,7,2,870.556130162534
1151,6,0.001,200,7,5,4034.6979789800453
1152,6,0.001,500,2,1,126.61281667197831
1153,6,0.001,500,2,2,716.6011794980581
1154,6,0.001,500,2,5,992.7853911509125
1155,6,0.001,500,5,1,111.63385202176997
1156,6,0.001,500,5,2,974.9397774408285
1157,6,0.001,500,5,5,1167.0268662466233
1158,6,0.001,500,7,1,139.35675592579668
1159,6,0.001,500,7,2,734.1868774360848
1160,6,0.001,500,7,5,2462.34173577889
1161,6,0.01,100,2,1,92.01522258682687
1162,6,0.01,100,2,2,211.28467085696357
1163,6,0.01,100,2,5,278.38437979453596
1164,6,0.01,100,5,1,89.53844307972237
1165,6,0.01,100,5,2,251.79908774916706
1166,6,0.01,100,5,5,1006.7518735187185
1167,6,0.01,100,7,1,88.03971198339292
1168,6,0.01,100,7,2,272.46203898582615
1169,6,0.01,100,7,5,808.9159095667875
1170,6,0.01,200,2,1,86.26192586639665
1171,6,0.01,200,2,2,172.50438925096884
1172,6,0.01,200,2,5,357.04160696204394
1173,6,0.01,200,5,1,73.92581434935475
1174,6,0.01,200,5,2,142.0839442263077
1175,6,0.01,200,5,5,28.244900257858014
1176,6,0.01,200,7,1,74.32725794072668
1177,6,0.01,200,7,2,188.807554739693
1178,6,0.01,200,7,5,321.4414314481263
1179,6,0.01,500,2,1,48.41680042540009
1180,6,0.01,500,2,2,38.81177714222727
1181,6,0.01,500,2,5,19.226340856955307
1182,6,0.01,500,5,1,45.72566111859638
1183,6,0.01,500,5,2,15.765260832850322
1184,6,0.01,500,5,5,24.000771515485187
1185,6,0.01,500,7,1,59.621165154904595
1186,6,0.01,500,7,2,15.434490265286685
1187,6,0.01,500,7,5,20.85966097794469
1188,6,0.1,100,2,1,53.547915128479595
1189,6,0.1,100,2,2,85.31086129564338
1190,6,0.1,100,2,5,134.06165004556257
1191,6,0.1,100,5,1,47.08409163886957
1192,6,0.1,100,5,2,56.11580937900738
1193,6,0.1,100,5,5,35.29570348937718
1194,6,0.1,100,7,1,44.887218975911836
1195,6,0.1,100,7,2,47.55235164117408
1196,6,0.1,100,7,5,29.953476306087406
1197,6,0.1,200,2,1,40.461052738949014
1198,6,0.1,200,2,2,51.60518305043724
1199,6,0.1,200,2,5,25.161712520081206
1200,6,0.1,200,5,1,35.60141634304516
1201,6,0.1,200,5,2,29.226760027929238
1202,6,0.1,200,5,5,27.682717061498224
1203,6,0.1,200,7,1,35.70352273007896
1204,6,0.1,200,7,2,32.04632973367261
1205,6,0.1,200,7,5,25.63118303177837
1206,6,0.1,500,2,1,19.057475452689957
1207,6,0.1,500,2,2,16.27572421248315
1208,6,0.1,500,2,5,22.276988855582708
1209,6,0.1,500,5,1,16.544944285750685
1210,6,0.1,500,5,2,18.814559485902524
1211,6,0.1,500,5,5,27.269319730507156
1212,6,0.1,500,7,1,16.344230979632894
1213,6,0.1,500,7,2,18.890420256210927
1214,6,0.1,500,7,5,24.64219901768627
1215,6,1.0,100,2,1,39.60854287986941
1216,6,1.0,100,2,2,32.62553516480895
1217,6,1.0,100,2,5,31.74324054522356
1218,6,1.0,100,5,1,35.704386102224355
1219,6,1.0,100,5,2,31.066175578921424
1220,6,1.0,100,5,5,29.801518159512987
1221,6,1.0,100,7,1,34.51784495740601
1222,6,1.0,100,7,2,29.485305719320692
1223,6,1.0,100,7,5,29.987414953625443
1224,6,1.0,200,2,1,31.02041279294635
1225,6,1.0,200,2,2,28.64706681288811
1226,6,1.0,200,2,5,26.603693773737138
1227,6,1.0,200,5,1,28.922969898178525
1228,6,1.0,200,5,2,24.879543249252755
1229,6,1.0,200,5,5,29.319646389205484
1230,6,1.0,200,7,1,28.459215779618447
1231,6,1.0,200,7,2,25.187362532725498
1232,6,1.0,200,7,5,29.761860507513646
1233,6,1.0,500,2,1,18.42318053122182
1234,6,1.0,500,2,2,19.83946530866996
1235,6,1.0,500,2,5,24.93117055896364
1236,6,1.0,500,5,1,15.196454203691632
1237,6,1.0,500,5,2,21.506465285937292
1238,6,1.0,500,5,5,28.874838551853745
1239,6,1.0,500,7,1,17.23641108445936
1240,6,1.0,500,7,2,21.52529284039335
1241,6,1.0,500,7,5,29.193586348205923
1242,6,10.0,100,2,1,34.04158123539633
1243,6,10.0,100,2,2,32.03718823365665
1244,6,10.0,100,2,5,31.665712926674537
1245,6,10.0,100,5,1,34.59860452041716
1246,6,10.0,100,5,2,29.94777745545038
1247,6,10.0,100,5,5,31.040282421673034
1248,6,10.0,100,7,1,34.69165460978196
1249,6,10.0,100,7,2,30.12968737985811
1250,6,10.0,100,7,5,31.204373815980087
1251,6,10.0,200,2,1,29.470926885970062
1252,6,10.0,200,2,2,25.907522152331477
1253,6,10.0,200,2,5,27.479446542670182
1254,6,10.0,200,5,1,29.07500178049559
1255,6,10.0,200,5,2,25.664106002784617
1256,6,10.0,200,5,5,30.532069808208487
1257,6,10.0,200,7,1,29.471015737923576
1258,6,10.0,200,7,2,25.889285832007257
1259,6,10.0,200,7,5,31.152649140936852
1260,6,10.0,500,2,1,19.707846773007283
1261,6,10.0,500,2,2,22.750140345108306
1262,6,10.0,500,2,5,26.251318044557465
1263,6,10.0,500,5,1,20.908718790676698
1264,6,10.0,500,5,2,24.337758137160268
1265,6,10.0,500,5,5,30.29277138431162
1266,6,10.0,500,7,1,20.768564317881374
1267,6,10.0,500,7,2,24.715380301763112
1268,6,10.0,500,7,5,31.016898305594104
1269,6,100.0,100,2,1,38.64495682564324
1270,6,100.0,100,2,2,34.985663268998316
1271,6,100.0,100,2,5,32.1267622976131
1272,6,100.0,100,5,1,35.31452886659029
1273,6,100.0,100,5,2,31.379277246962285
1274,6,100.0,100,5,5,32.214694861463045
1275,6,100.0,100,7,1,36.53699104556618
1276,6,100.0,100,7,2,33.01344947737223
1277,6,100.0,100,7,5,33.056492060344425
1278,6,100.0,200,2,1,32.582819582430425
1279,6,100.0,200,2,2,30.40373449854973
1280,6,100.0,200,2,5,30.606119804603676
1281,6,100.0,200,5,1,29.658891571353003
1282,6,100.0,200,5,2,30.354414024065793
1283,6,100.0,200,5,5,32.14844513579015
1284,6,100.0,200,7,1,31.881783900774977
1285,6,100.0,200,7,2,30.364767882268858
1286,6,100.0,200,7,5,32.352890942802915
1287,6,100.0,500,2,1,28.14801533106338
1288,6,100.0,500,2,2,27.596320187617444
1289,6,100.0,500,2,5,30.724124816720046
1290,6,100.0,500,5,1,29.632139092296924
1291,6,100.0,500,5,2,28.944663316225547
1292,6,100.0,500,5,5,32.416852488845684
1293,6,100.0,500,7,1,28.986129495686654
1294,6,100.0,500,7,2,29.219491643642048
1295,6,100.0,500,7,5,32.45221868773285
1296,6,1000.0,100,2,1,45.017065246695914
1297,6,1000.0,100,2,2,38.902627277143104
1298,6,1000.0,100,2,5,35.18229650022862
1299,6,1000.0,100,5,1,45.796135971429344
1300,6,1000.0,100,5,2,36.20807605232778
1301,6,1000.0,100,5,5,36.24116611140221
1302,6,1000.0,100,7,1,41.843078063389186
1303,6,1000.0,100,7,2,36.09883180041698
1304,6,1000.0,100,7,5,35.857988279651025
1305,6,1000.0,200,2,1,45.760987036129805
1306,6,1000.0,200,2,2,38.88484417186615
1307,6,1000.0,200,2,5,33.808595924389984
1308,6,1000.0,200,5,1,41.56807966775999
1309,6,1000.0,200,5,2,36.977390747097814
1310,6,1000.0,200,5,5,35.505055310759126
1311,6,1000.0,200,7,1,42.82579158953033
1312,6,1000.0,200,7,2,35.62258286021808
1313,6,1000.0,200,7,5,35.75284565769678
1314,6,1000.0,500,2,1,42.792085713465205
1315,6,1000.0,500,2,2,35.88387630408275
1316,6,1000.0,500,2,5,34.67786508686818
1317,6,1000.0,500,5,1,43.132045538862094
1318,6,1000.0,500,5,2,36.66956553881815
1319,6,1000.0,500,5,5,35.52740761950939
1320,6,1000.0,500,7,1,44.211916324800754
1321,6,1000.0,500,7,2,35.86643350002838
1322,6,1000.0,500,7,5,35.74552470186991
1323,7,0.001,100,2,1,97.97766610514803
1324,7,0.001,100,2,2,1342.1166402334381
1325,7,0.001,100,2,5,1397.5234044926763
1326,7,0.001,100,5,1,94.29369704791951
1327,7,0.001,100,5,2,1113.649349429283
1328,7,0.001,100,5,5,2876.4909880191617
1329,7,0.001,100,7,1,106.71077103952234
1330,7,0.001,100,7,2,952.5290339748113
1331,7,0.001,100,7,5,3770.2237410561675
1332,7,0.001,200,2,1,103.85484722567831
1333,7,0.001,200,2,2,796.2759007466694
1334,7,0.001,200,2,5,1804.7323786064926
1335,7,0.001,200,5,1,115.78690010417098
1336,7,0.001,200,5,2,1195.8877099877102
1337,7,0.001,200,5,5,4667.663926239065
1338,7,0.001,200,7,1,99.93363938096964
1339,7,0.001,200,7,2,1135.9855521515526
1340,7,0.001,200,7,5,4142.626076826081
1341,7,0.001,500,2,1,115.27669805201471
1342,7,0.001,500,2,2,717.118729925592
1343,7,0.001,500,2,5,1273.7814432859425
1344,7,0.001,500,5,1,126.79555933729515
1345,7,0.001,500,5,2,876.8061963496932
1346,7,0.001,500,5,5,2094.4002539856797
1347,7,0.001,500,7,1,140.63678846342512
1348,7,0.001,500,7,2,860.8214993737924
1349,7,0.001,500,7,5,3379.790986693429
1350,7,0.01,100,2,1,80.65541338523241
1351,7,0.01,100,2,2,191.73653655244203
1352,7,0.01,100,2,5,876.2594309456664
1353,7,0.01,100,5,1,96.88271856911517
1354,7,0.01,100,5,2,294.8851206009062
1355,7,0.01,100,5,5,453.85136917445595
1356,7,0.01,100,7,1,76.34699707149672
1357,7,0.01,100,7,2,495.541648651213
1358,7,0.01,100,7,5,915.1814079297733
1359,7,0.01,200,2,1,67.37311715272638
1360,7,0.01,200,2,2,200.30563608894215
1361,7,0.01,200,2,5,410.3387013872085
1362,7,0.01,200,5,1,77.85413722352138
1363,7,0.01,200,5,2,192.05813148290918
1364,7,0.01,200,5,5,367.22241637134334
1365,7,0.01,200,7,1,74.75539544078305
1366,7,0.01,200,7,2,360.43930782813857
1367,7,0.01,200,7,5,653.6185067825049
1368,7,0.01,500,2,1,54.89814166444422
1369,7,0.01,500,2,2,21.395503827612277
1370,7,0.01,500,2,5,19.036225454412477
1371,7,0.01,500,5,1,43.46637792455046
1372,7,0.01,500,5,2,15.946360464121309
1373,7,0.01,500,5,5,24.493847873236554
1374,7,0.01,500,7,1,45.34913286267032
1375,7,0.01,500,7,2,15.320772190031715
1376,7,0.01,500,7,5,20.96601871742433
1377,7,0.1,100,2,1,55.50637093612269
1378,7,0.1,100,2,2,41.90677750928627
1379,7,0.1,100,2,5,75.8034866054455
1380,7,0.1,100,5,1,39.69827742550494
1381,7,0.1,100,5,2,57.00063747945403
1382,7,0.1,100,5,5,61.73622459198029
1383,7,0.1,100,7,1,48.23153772505983
1384,7,0.1,100,7,2,58.15149793332019
1385,7,0.1,100,7,5,28.00037234529765
1386,7,0.1,200,2,1,42.071935261107015
1387,7,0.1,200,2,2,41.422036788038206
1388,7,0.1,200,2,5,30.77156657622326
1389,7,0.1,200,5,1,35.64360363366605
1390,7,0.1,200,5,2,25.27082037212453
1391,7,0.1,200,5,5,27.580463048690273
1392,7,0.1,200,7,1,30.378021717945174
1393,7,0.1,200,7,2,26.069181738745158
1394,7,0.1,200,7,5,26.442424079961558
1395,7,0.1,500,2,1,20.092670135018178
1396,7,0.1,500,2,2,18.00245291505729
1397,7,0.1,500,2,5,21.93311466631438
1398,7,0.1,500,5,1,17.239564605332507
1399,7,0.1,500,5,2,18.740719923854268
1400,7,0.1,500,5,5,27.13421977729286
1401,7,0.1,500,7,1,16.799171390011033
1402,7,0.1,500,7,2,18.78510187414729
1403,7,0.1,500,7,5,24.645700467374986
1404,7,1.0,100,2,1,37.56231659763805
1405,7,1.0,100,2,2,32.5697092568279
1406,7,1.0,100,2,5,31.955866537518713
1407,7,1.0,100,5,1,37.13312614421326
1408,7,1.0,100,5,2,33.458262919862804
1409,7,1.0,100,5,5,29.992204797120927
1410,7,1.0,100,7,1,35.515560500590325
1411,7,1.0,100,7,2,30.146735815279165
1412,7,1.0,100,7,5,30.088588681750288
1413,7,1.0,200,2,1,31.359135431565434
1414,7,1.0,200,2,2,28.569592626147653
1415,7,1.0,200,2,5,26.095389813041795
1416,7,1.0,200,5,1,27.960012309791466
1417,7,1.0,200,5,2,23.810421976658766
1418,7,1.0,200,5,5,29.342922240131326
1419,7,1.0,200,7,1,26.821188489681617
1420,7,1.0,200,7,2,23.859125857204447
1421,7,1.0,200,7,5,29.418494820202262
1422,7,1.0,500,2,1,16.87583922098164
1423,7,1.0,500,2,2,19.802344057307483
1424,7,1.0,500,2,5,24.567516622606316
1425,7,1.0,500,5,1,16.22840942000697
1426,7,1.0,500,5,2,21.27510886098038
1427,7,1.0,500,5,5,29.15239192983065
1428,7,1.0,500,7,1,15.605371987502105
1429,7,1.0,500,7,2,21.55763405335159
1430,7,1.0,500,7,5,29.483533393218433
1431,7,10.0,100,2,1,37.87119099270343
1432,7,10.0,100,2,2,33.57522601656863
1433,7,10.0,100,2,5,32.688320553553645
1434,7,10.0,100,5,1,33.577195081468034
1435,7,10.0,100,5,2,31.14867019906627
1436,7,10.0,100,5,5,31.102607700447177
1437,7,10.0,100,7,1,33.70336651680628
1438,7,10.0,100,7,2,29.96549359878239
1439,7,10.0,100,7,5,31.39818503742328
1440,7,10.0,200,2,1,30.757762780638803
1441,7,10.0,200,2,2,25.85809035615751
1442,7,10.0,200,2,5,27.477261505270935
1443,7,10.0,200,5,1,29.03245768031433
1444,7,10.0,200,5,2,25.671722638678247
1445,7,10.0,200,5,5,30.606734919838416
1446,7,10.0,200,7,1,27.543726345235658
1447,7,10.0,200,7,2,25.891472356735626
1448,7,10.0,200,7,5,31.258358689779776
1449,7,10.0,500,2,1,19.85797809321071
1450,7,10.0,500,2,2,23.12131195086079
1451,7,10.0,500,2,5,26.635567690770394
1452,7,10.0,500,5,1,21.01748924155064
1453,7,10.0,500,5,2,24.765159511002377
1454,7,10.0,500,5,5,30.44045210508715
1455,7,10.0,500,7,1,20.381078904110982
1456,7,10.0,500,7,2,24.712047181853702
1457,7,10.0,500,7,5,30.90432082381656
1458,7,100.0,100,2,1,42.87969779133828
1459,7,100.0,100,2,2,37.80164333893784
1460,7,100.0,100,2,5,32.8870304890293
1461,7,100.0,100,5,1,38.99307141547999
1462,7,100.0,100,5,2,31.224464630844448
1463,7,100.0,100,5,5,32.784859906641245
1464,7,100.0,100,7,1,37.503596997482255
1465,7,100.0,100,7,2,31.252242876462198
1466,7,100.0,100,7,5,32.866794098439584
1467,7,100.0,200,2,1,30.720908089098376
1468,7,100.0,200,2,2,29.521467439531175
1469,7,100.0,200,2,5,31.401847023009815
1470,7,100.0,200,5,1,31.566845100962464
1471,7,100.0,200,5,2,30.19330662435197
1472,7,100.0,200,5,5,32.545934964721745
1473,7,100.0,200,7,1,31.396832470971972
1474,7,100.0,200,7,2,29.942658572352055
1475,7,100.0,200,7,5,32.79098011250002
1476,7,100.0,500,2,1,27.714700771774666
1477,7,100.0,500,2,2,28.742327288141208
1478,7,100.0,500,2,5,30.264121000301184
1479,7,100.0,500,5,1,28.393365244436986
1480,7,100.0,500,5,2,29.567231728578975
1481,7,100.0,500,5,5,32.15895703551575
1482,7,100.0,500,7,1,29.267476919641158
1483,7,100.0,500,7,2,29.143037202369236
1484,7,100.0,500,7,5,32.69179001354773
1485,7,1000.0,100,2,1,44.089006199066
1486,7,1000.0,100,2,2,37.63930546982322
1487,7,1000.0,100,2,5,36.06773070055863
1488,7,1000.0,100,5,1,46.55742436982481
1489,7,1000.0,100,5,2,36.7910627426164
1490,7,1000.0,100,5,5,35.61055911840442
1491,7,1000.0,100,7,1,44.39437117468328
1492,7,1000.0,100,7,2,38.16930194992664
1493,7,1000.0,100,7,5,36.051186538182044
1494,7,1000.0,200,2,1,41.76485373649185
1495,7,1000.0,200,2,2,35.418079410176205
1496,7,1000.0,200,2,5,35.6627519808192
1497,7,1000.0,200,5,1,44.16763930050659
1498,7,1000.0,200,5,2,36.47688647662702
1499,7,1000.0,200,5,5,35.36646788636586
1500,7,1000.0,200,7,1,44.85764583197581
1501,7,1000.0,200,7,2,36.35847554576097
1502,7,1000.0,200,7,5,35.77333292072332
1503,7,1000.0,500,2,1,44.40371067174813
1504,7,1000.0,500,2,2,36.764492003997596
1505,7,1000.0,500,2,5,35.33988062943882
1506,7,1000.0,500,5,1,42.700843197858084
1507,7,1000.0,500,5,2,35.2608457359092
1508,7,1000.0,500,5,5,35.14698413510603
1509,7,1000.0,500,7,1,43.05408173082893
1510,7,1000.0,500,7,2,37.162993387996806
1511,7,1000.0,500,7,5,35.3649030666263
1512,8,0.001,100,2,1,97.47162432148819
1513,8,0.001,100,2,2,813.6930703184984
1514,8,0.001,100,2,5,2217.068771559822
1515,8,0.001,100,5,1,99.56680434459265
1516,8,0.001,100,5,2,801.0640695826828
1517,8,0.001,100,5,5,4858.517314122875
1518,8,0.001,100,7,1,100.72927884264216
1519,8,0.001,100,7,2,1369.8522395487644
1520,8,0.001,100,7,5,3638.8458049392743
1521,8,0.001,200,2,1,102.7332281926061
1522,8,0.001,200,2,2,1109.6647458183731
1523,8,0.001,200,2,5,1824.8790902502917
1524,8,0.001,200,5,1,112.88411718139893
1525,8,0.001,200,5,2,1077.8874151031625
1526,8,0.001,200,5,5,2787.391412837233
1527,8,0.001,200,7,1,136.56954201503387
1528,8,0.001,200,7,2,961.9627020566282
1529,8,0.001,200,7,5,3290.1220306777395
1530,8,0.001,500,2,1,117.2889457710459
1531,8,0.001,500,2,2,802.396761565996
1532,8,0.001,500,2,5,869.4896913969413
1533,8,0.001,500,5,1,101.83797197736703
1534,8,0.001,500,5,2,883.5889549947691
1535,8,0.001,500,5,5,1650.949604478603
1536,8,0.001,500,7,1,149.2463671469517
1537,8,0.001,500,7,2,993.1369598166654
1538,8,0.001,500,7,5,1905.0892748330466
1539,8,0.01,100,2,1,92.68141456534607
1540,8,0.01,100,2,2,330.47796219134847
1541,8,0.01,100,2,5,385.03720089267114
1542,8,0.01,100,5,1,103.65756281100792
1543,8,0.01,100,5,2,249.05071957326138
1544,8,0.01,100,5,5,975.4208381831953
1545,8,0.01,100,7,1,110.77410963125759
1546,8,0.01,100,7,2,366.4655474945967
1547,8,0.01,100,7,5,653.6576475724895
1548,8,0.01,200,2,1,67.00712970994405
1549,8,0.01,200,2,2,130.98722789587663
1550,8,0.01,200,2,5,405.28303440300715
1551,8,0.01,200,5,1,72.73467684021388
1552,8,0.01,200,5,2,246.00809387082236
1553,8,0.01,200,5,5,113.9363664139023
1554,8,0.01,200,7,1,68.49455771698757
1555,8,0.01,200,7,2,252.5218163244814
1556,8,0.01,200,7,5,134.01343480190812
1557,8,0.01,500,2,1,47.07620967832035
1558,8,0.01,500,2,2,31.652673849615372
1559,8,0.01,500,2,5,33.244412766885
1560,8,0.01,500,5,1,60.20984879196428
1561,8,0.01,500,5,2,15.756128933989993
1562,8,0.01,500,5,5,24.123484098382413
1563,8,0.01,500,7,1,46.34218942251963
1564,8,0.01,500,7,2,15.354171245542835
1565,8,0.01,500,7,5,20.294840282303472
1566,8,0.1,100,2,1,45.87745860750729
1567,8,0.1,100,2,2,55.52095125514628
1568,8,0.1,100,2,5,78.56920873993845
1569,8,0.1,100,5,1,47.901684847741336
1570,8,0.1,100,5,2,47.03168633459867
1571,8,0.1,100,5,5,30.38293059604039
1572,8,0.1,100,7,1,40.08169708024989
1573,8,0.1,100,7,2,75.70791476154334
1574,8,0.1,100,7,5,28.927159546470953
1575,8,0.1,200,2,1,36.7461553956175
1576,8,0.1,200,2,2,32.65414036549899
1577,8,0.1,200,2,5,26.806855096555964
1578,8,0.1,200,5,1,28.24333254438184
1579,8,0.1,200,5,2,28.207064430663742
1580,8,0.1,200,5,5,27.918382370913907
1581,8,0.1,200,7,1,32.51751405649569
1582,8,0.1,200,7,2,26.2834437569617
1583,8,0.1,200,7,5,26.245944522420114
1584,8,0.1,500,2,1,16.627702901205993
1585,8,0.1,500,2,2,15.997424373893358
1586,8,0.1,500,2,5,22.046835964931827
1587,8,0.1,500,5,1,18.224553429798522
1588,8,0.1,500,5,2,18.91761909917287
1589,8,0.1,500,5,5,27.289684576300328
1590,8,0.1,500,7,1,18.37959404503094
1591,8,0.1,500,7,2,18.98141267304872
1592,8,0.1,500,7,5,24.481879698763613
1593,8,1.0,100,2,1,36.1314245744267
1594,8,1.0,100,2,2,31.92117741222521
1595,8,1.0,100,2,5,28.95306620864262
1596,8,1.0,100,5,1,35.47577859910189
1597,8,1.0,100,5,2,31.276991517628502
1598,8,1.0,100,5,5,29.920564595592236
1599,8,1.0,100,7,1,37.796154217004336
1600,8,1.0,100,7,2,31.475331384715457
1601,8,1.0,100,7,5,29.937237916457573
1602,8,1.0,200,2,1,28.38413253043931
1603,8,1.0,200,2,2,26.401431038237398
1604,8,1.0,200,2,5,26.363144754632025
1605,8,1.0,200,5,1,27.932114425900895
1606,8,1.0,200,5,2,23.96384792781758
1607,8,1.0,200,5,5,29.51473291499974
1608,8,1.0,200,7,1,27.695452152559447
1609,8,1.0,200,7,2,24.37577756552253
1610,8,1.0,200,7,5,29.72584586335872
1611,8,1.0,500,2,1,17.287779435295587
1612,8,1.0,500,2,2,19.736967309608975
1613,8,1.0,500,2,5,24.093915885540433
1614,8,1.0,500,5,1,17.2809911126911
1615,8,1.0,500,5,2,21.231914455896096
1616,8,1.0,500,5,5,29.114635572965554
1617,8,1.0,500,7,1,17.100259184140537
1618,8,1.0,500,7,2,21.43407881760278
1619,8,1.0,500,7,5,29.30108015642724
1620,8,10.0,100,2,1,38.55872550970902
1621,8,10.0,100,2,2,34.00541815273688
1622,8,10.0,100,2,5,32.28846413444576
1623,8,10.0,100,5,1,35.04714527335364
1624,8,10.0,100,5,2,30.138706627360776
1625,8,10.0,100,5,5,30.871765749645757
1626,8,10.0,100,7,1,37.0904667196774
1627,8,10.0,100,7,2,29.550393014854155
1628,8,10.0,100,7,5,31.114973646491226
1629,8,10.0,200,2,1,28.15738215646727
1630,8,10.0,200,2,2,27.322451447989504
1631,8,10.0,200,2,5,27.790580211558854
1632,8,10.0,200,5,1,27.281328051551043
1633,8,10.0,200,5,2,25.665648414623885
1634,8,10.0,200,5,5,30.601316608360083
1635,8,10.0,200,7,1,29.606975334634324
1636,8,10.0,200,7,2,26.545084143134037
1637,8,10.0,200,7,5,30.918802864279584
1638,8,10.0,500,2,1,19.429184752628807
1639,8,10.0,500,2,2,23.085342987648733
1640,8,10.0,500,2,5,26.75117684103287
1641,8,10.0,500,5,1,20.261855919639956
1642,8,10.0,500,5,2,24.655817670844435
1643,8,10.0,500,5,5,30.488135305474806
1644,8,10.0,500,7,1,19.778201392736445
1645,8,10.0,500,7,2,24.64150230045286
1646,8,10.0,500,7,5,30.8128985614796
1647,8,100.0,100,2,1,39.934198377304156
1648,8,100.0,100,2,2,34.35388179785761
1649,8,100.0,100,2,5,35.194400261122055
1650,8,100.0,100,5,1,34.20580407415728
1651,8,100.0,100,5,2,32.10918500697318
1652,8,100.0,100,5,5,33.05674183819046
1653,8,100.0,100,7,1,36.45523467359938
1654,8,100.0,100,7,2,31.651123929661775
1655,8,100.0,100,7,5,33.186496093612725
1656,8,100.0,200,2,1,29.470588806129868
1657,8,100.0,200,2,2,29.81583118571594
1658,8,100.0,200,2,5,30.760290042374905
1659,8,100.0,200,5,1,30.84135840135914
1660,8,100.0,200,5,2,29.946358822854588
1661,8,100.0,200,5,5,32.43835972725123
1662,8,100.0,200,7,1,30.99928608183379
1663,8,100.0,200,7,2,29.894741379092373
1664,8,100.0,200,7,5,32.70214215343313
1665,8,100.0,500,2,1,28.168618840252325
1666,8,100.0,500,2,2,27.586565336298225
1667,8,100.0,500,2,5,30.271045874331275
1668,8,100.0,500,5,1,28.892186048269014
1669,8,100.0,500,5,2,28.66352930926167
1670,8,100.0,500,5,5,32.24605027204714
1671,8,100.0,500,7,1,27.988441090236435
1672,8,100.0,500,7,2,29.21414315598854
1673,8,100.0,500,7,5,32.49969304936191
1674,8,1000.0,100,2,1,43.7095162696681
1675,8,1000.0,100,2,2,38.91030210694817
1676,8,1000.0,100,2,5,36.357371647353744
1677,8,1000.0,100,5,1,44.59571942876703
1678,8,1000.0,100,5,2,35.245601616766834
1679,8,1000.0,100,5,5,35.414313183797915
1680,8,1000.0,100,7,1,43.98697011133596
1681,8,1000.0,100,7,2,36.501427459963224
1682,8,1000.0,100,7,5,35.82448737953746
1683,8,1000.0,200,2,1,41.56432942363472
1684,8,1000.0,200,2,2,39.53652845863315
1685,8,1000.0,200,2,5,34.58585024788511
1686,8,1000.0,200,5,1,42.727720572777265
1687,8,1000.0,200,5,2,35.63201578321798
1688,8,1000.0,200,5,5,35.9908754186531
1689,8,1000.0,200,7,1,43.572677483612075
1690,8,1000.0,200,7,2,36.997631308554006
1691,8,1000.0,200,7,5,35.459397941092035
1692,8,1000.0,500,2,1,43.50924549649968
1693,8,1000.0,500,2,2,36.50773950525983
1694,8,1000.0,500,2,5,33.791879972080416
1695,8,1000.0,500,5,1,41.2231462415335
1696,8,1000.0,500,5,2,35.377906366241206
1697,8,1000.0,500,5,5,35.422405088003046
1698,8,1000.0,500,7,1,45.17938343984767
1699,8,1000.0,500,7,2,36.551857708384105
1700,8,1000.0,500,7,5,35.44835898350223
1701,9,0.001,100,2,1,96.6706640570458
1702,9,0.001,100,2,2,879.9026868403855
1703,9,0.001,100,2,5,1277.3449024966524
1704,9,0.001,100,5,1,111.65958680241937
1705,9,0.001,100,5,2,1665.1078765624297
1706,9,0.001,100,5,5,3900.622200154504
1707,9,0.001,100,7,1,106.44123937239455
1708,9,0.001,100,7,2,986.8350519767006
1709,9,0.001,100,7,5,2988.378214712422
1710,9,0.001,200,2,1,100.11564277034492
1711,9,0.001,200,2,2,862.99614202466
1712,9,0.001,200,2,5,1292.7098107782308
1713,9,0.001,200,5,1,119.36853756054366
1714,9,0.001,200,5,2,1256.9132217965514
1715,9,0.001,200,5,5,3195.175161926192
1716,9,0.001,200,7,1,96.94031864329806
1717,9,0.001,200,7,2,835.9758269241801
1718,9,0.001,200,7,5,3478.126939980993
1719,9,0.001,500,2,1,107.51803537603139
1720,9,0.001,500,2,2,665.4668470024876
1721,9,0.001,500,2,5,998.6596116165288
1722,9,0.001,500,5,1,124.0995072614298
1723,9,0.001,500,5,2,1020.5421894708454
1724,9,0.001,500,5,5,2438.178539422244
1725,9,0.001,500,7,1,129.62639553076835
1726,9,0.001,500,7,2,817.6286881133068
1727,9,0.001,500,7,5,2467.8071400022454
1728,9,0.01,100,2,1,94.94162588634683
1729,9,0.01,100,2,2,283.45096980346636
1730,9,0.01,100,2,5,402.0574054066093
1731,9,0.01,100,5,1,96.07829566957474
1732,9,0.01,100,5,2,242.81115766005283
1733,9,0.01,100,5,5,1148.8417521018318
1734,9,0.01,100,7,1,109.91996748313936
1735,9,0.01,100,7,2,315.5332600958945
1736,9,0.01,100,7,5,738.0955266271814
1737,9,0.01,200,2,1,85.76424733543385
1738,9,0.01,200,2,2,186.02528716499998
1739,9,0.01,200,2,5,336.6356217532488
1740,9,0.01,200,5,1,77.91029136684107
1741,9,0.01,200,5,2,139.22020861733137
1742,9,0.01,200,5,5,234.59213407122272
1743,9,0.01,200,7,1,82.24195813079491
1744,9,0.01,200,7,2,216.68521191802702
1745,9,0.01,200,7,5,116.31591271978911
1746,9,0.01,500,2,1,49.4154950553966
1747,9,0.01,500,2,2,17.247954835497417
1748,9,0.01,500,2,5,18.426778419579957
1749,9,0.01,500,5,1,45.68557447876087
1750,9,0.01,500,5,2,15.810612613726603
1751,9,0.01,500,5,5,24.13304244547215
1752,9,0.01,500,7,1,54.81486334774816
1753,9,0.01,500,7,2,14.746864090750314
1754,9,0.01,500,7,5,20.597509414679912
1755,9,0.1,100,2,1,49.464681411736784
1756,9,0.1,100,2,2,52.88877614058409
1757,9,0.1,100,2,5,141.17798043816418
1758,9,0.1,100,5,1,42.16322697196577
1759,9,0.1,100,5,2,48.89622783010974
1760,9,0.1,100,5,5,29.7541826429034
1761,9,0.1,100,7,1,43.901633267975946
1762,9,0.1,100,7,2,58.87165324742252
1763,9,0.1,100,7,5,40.06502835029317
1764,9,0.1,200,2,1,37.72873997570947
1765,9,0.1,200,2,2,34.08921828222293
1766,9,0.1,200,2,5,30.006262825808978
1767,9,0.1,200,5,1,33.40255736096426
1768,9,0.1,200,5,2,25.416581076382023
1769,9,0.1,200,5,5,27.642843586072836
1770,9,0.1,200,7,1,36.34838196237058
1771,9,0.1,200,7,2,27.370970194171687
1772,9,0.1,200,7,5,26.53980195456963
1773,9,0.1,500,2,1,17.582914345558937
1774,9,0.1,500,2,2,16.547431890628737
1775,9,0.1,500,2,5,21.942317483296915
1776,9,0.1,500,5,1,18.017216217264913
1777,9,0.1,500,5,2,18.858336815547172
1778,9,0.1,500,5,5,27.20333269202005
1779,9,0.1,500,7,1,17.276824101039832
1780,9,0.1,500,7,2,19.32103146238936
1781,9,0.1,500,7,5,24.61702370430889
1782,9,1.0,100,2,1,38.277695208238356
1783,9,1.0,100,2,2,31.803912140513443
1784,9,1.0,100,2,5,31.592698763195486
1785,9,1.0,100,5,1,37.206043958158
1786,9,1.0,100,5,2,31.398100369467482
1787,9,1.0,100,5,5,30.22499812156766
1788,9,1.0,100,7,1,35.91570884932424
1789,9,1.0,100,7,2,31.918975463979333
1790,9,1.0,100,7,5,30.231250066130322
1791,9,1.0,200,2,1,28.881608162084888
1792,9,1.0,200,2,2,25.789878375320452
1793,9,1.0,200,2,5,25.822739541562974
1794,9,1.0,200,5,1,29.49464066008636
1795,9,1.0,200,5,2,24.273745406032514
1796,9,1.0,200,5,5,29.309433526268954
1797,9,1.0,200,7,1,29.264158974069513
1798,9,1.0,200,7,2,24.502198509226048
1799,9,1.0,200,7,5,29.1678242337468
1800,9,1.0,500,2,1,17.1104610873501
1801,9,1.0,500,2,2,19.58893643518246
1802,9,1.0,500,2,5,24.258129127346656
1803,9,1.0,500,5,1,15.972539948607361
1804,9,1.0,500,5,2,21.56172114201676
1805,9,1.0,500,5,5,29.037296586102798
1806,9,1.0,500,7,1,16.114599290210215
1807,9,1.0,500,7,2,21.686272366708486
1808,9,1.0,500,7,5,29.408369627954034
1809,9,10.0,100,2,1,37.565657564459016
1810,9,10.0,100,2,2,32.17394067726601
1811,9,10.0,100,2,5,30.912453164227113
1812,9,10.0,100,5,1,34.72095886152012
1813,9,10.0,100,5,2,30.324317107814927
1814,9,10.0,100,5,5,32.08524038753608
1815,9,10.0,100,7,1,38.13707633543434
1816,9,10.0,100,7,2,30.212210952781092
1817,9,10.0,100,7,5,31.36636598560112
1818,9,10.0,200,2,1,29.15667568167279
1819,9,10.0,200,2,2,25.420123285569083
1820,9,10.0,200,2,5,27.59211359675076
1821,9,10.0,200,5,1,28.079406554030367
1822,9,10.0,200,5,2,26.225530294649204
1823,9,10.0,200,5,5,30.39000852549141
1824,9,10.0,200,7,1,28.997095604996833
1825,9,10.0,200,7,2,25.597713759311343
1826,9,10.0,200,7,5,30.935773708239626
1827,9,10.0,500,2,1,20.588595584850967
1828,9,10.0,500,2,2,23.170666601102955
1829,9,10.0,500,2,5,26.15728288170403
1830,9,10.0,500,5,1,19.759078960509086
1831,9,10.0,500,5,2,24.571009820621704
1832,9,10.0,500,5,5,30.2380614729357
1833,9,10.0,500,7,1,20.408616812862753
1834,9,10.0,500,7,2,24.813306722874586
1835,9,10.0,500,7,5,30.970537587514716
1836,9,100.0,100,2,1,39.53997230402089
1837,9,100.0,100,2,2,39.20691166854581
1838,9,100.0,100,2,5,32.64404665126388
1839,9,100.0,100,5,1,38.7379270535093
1840,9,100.0,100,5,2,32.02595215140764
1841,9,100.0,100,5,5,32.755765672608355
1842,9,100.0,100,7,1,32.72711765776865
1843,9,100.0,100,7,2,32.609524950763486
1844,9,100.0,100,7,5,33.19589945028845
1845,9,100.0,200,2,1,31.660189520644625
1846,9,100.0,200,2,2,30.394821559307545
1847,9,100.0,200,2,5,30.89964643410119
1848,9,100.0,200,5,1,30.216795468483966
1849,9,100.0,200,5,2,30.307011369825844
1850,9,100.0,200,5,5,32.40082666655581
1851,9,100.0,200,7,1,31.41034587471502
1852,9,100.0,200,7,2,31.04941408565612
1853,9,100.0,200,7,5,32.68926654599332
1854,9,100.0,500,2,1,28.055215803728704
1855,9,100.0,500,2,2,28.050957745490727
1856,9,100.0,500,2,5,30.72888439056493
1857,9,100.0,500,5,1,27.91787134474735
1858,9,100.0,500,5,2,28.561482250956015
1859,9,100.0,500,5,5,32.31686568643534
1860,9,100.0,500,7,1,28.83010908061624
1861,9,100.0,500,7,2,29.862228841161816
1862,9,100.0,500,7,5,32.45046066032788
1863,9,1000.0,100,2,1,44.80857928064995
1864,9,1000.0,100,2,2,41.765231751301414
1865,9,1000.0,100,2,5,39.32928976376094
1866,9,1000.0,100,5,1,46.73199132627526
1867,9,1000.0,100,5,2,37.39311129039553
1868,9,1000.0,100,5,5,35.444334696802336
1869,9,1000.0,100,7,1,44.13713072567005
1870,9,1000.0,100,7,2,36.89504754582049
1871,9,1000.0,100,7,5,36.769545824335296
1872,9,1000.0,200,2,1,46.072348617384456
1873,9,1000.0,200,2,2,37.119714768742746
1874,9,1000.0,200,2,5,34.72199853251019
1875,9,1000.0,200,5,1,43.03349071468834
1876,9,1000.0,200,5,2,34.63900570375941
1877,9,1000.0,200,5,5,35.47831188941096
1878,9,1000.0,200,7,1,46.234940714973554
1879,9,1000.0,200,7,2,36.66485069248383
1880,9,1000.0,200,7,5,35.61955316062262
1881,9,1000.0,500,2,1,43.42215729308154
1882,9,1000.0,500,2,2,36.60551041275199
1883,9,1000.0,500,2,5,34.230867187276225
1884,9,1000.0,500,5,1,44.26940742773091
1885,9,1000.0,500,5,2,36.32218312659619
1886,9,1000.0,500,5,5,35.2057402354265
1887,9,1000.0,500,7,1,45.412659956428804
1888,9,1000.0,500,7,2,36.35416833929579
1889,9,1000.0,500,7,5,35.4441883480752
