,rep,lv,alp,num_cell,cell_size,sparse_freq,error
0,0,1,0.001,100,1,1,2559.741326121101
1,0,1,0.001,100,1,3,2580.602191151983
2,0,1,0.001,100,2,1,577.9934594731487
3,0,1,0.001,100,2,3,2883.8599045846113
4,0,1,0.001,100,4,1,314.02900201448745
5,0,1,0.001,100,4,3,4745.062281526279
6,0,1,0.001,300,1,1,485.50716281733935
7,0,1,0.001,300,1,3,1089.062476283728
8,0,1,0.001,300,2,1,264.2992894152031
9,0,1,0.001,300,2,3,1696.1394664815757
10,0,1,0.001,300,4,1,281.5300083562754
11,0,1,0.001,300,4,3,2644.9491173387755
12,0,1,0.001,500,1,1,202.31034576122101
13,0,1,0.001,500,1,3,531.6789271305128
14,0,1,0.001,500,2,1,216.415329215162
15,0,1,0.001,500,2,3,1130.2776846019065
16,0,1,0.001,500,4,1,184.1102587023732
17,0,1,0.001,500,4,3,2031.4945527332031
18,0,1,0.01,100,1,1,1353.5611911145502
19,0,1,0.01,100,1,3,2581.162298600683
20,0,1,0.01,100,2,1,392.41529110856993
21,0,1,0.01,100,2,3,2787.34349393142
22,0,1,0.01,100,4,1,278.52423593424083
23,0,1,0.01,100,4,3,3155.051503049603
24,0,1,0.01,300,1,1,197.65596914476828
25,0,1,0.01,300,1,3,501.2087780592189
26,0,1,0.01,300,2,1,233.77428196399268
27,0,1,0.01,300,2,3,1203.0289153246906
28,0,1,0.01,300,4,1,216.07700820168077
29,0,1,0.01,300,4,3,2036.879115547817
30,0,1,0.01,500,1,1,150.7077379404273
31,0,1,0.01,500,1,3,422.394675680946
32,0,1,0.01,500,2,1,167.07729095918955
33,0,1,0.01,500,2,3,864.3691907219265
34,0,1,0.01,500,4,1,200.38024905617732
35,0,1,0.01,500,4,3,1489.1429996226111
36,0,2,0.001,100,1,1,472.59866105800586
37,0,2,0.001,100,1,3,512.5170144515433
38,0,2,0.001,100,2,1,228.10621843888333
39,0,2,0.001,100,2,3,1023.0594434679456
40,0,2,0.001,100,4,1,208.65419692946656
41,0,2,0.001,100,4,3,1156.1020417163338
42,0,2,0.001,300,1,1,111.73220339849735
43,0,2,0.001,300,1,3,335.8937067242744
44,0,2,0.001,300,2,1,124.71440280768745
45,0,2,0.001,300,2,3,870.8265815541024
46,0,2,0.001,300,4,1,134.66465682609729
47,0,2,0.001,300,4,3,1718.9066597045623
48,0,2,0.001,500,1,1,64.66910975460186
49,0,2,0.001,500,1,3,242.54590681988458
50,0,2,0.001,500,2,1,100.82182038139281
51,0,2,0.001,500,2,3,608.3795475968511
52,0,2,0.001,500,4,1,101.12094756689011
53,0,2,0.001,500,4,3,1209.494874380571
54,0,2,0.01,100,1,1,322.97893979919417
55,0,2,0.01,100,1,3,712.5009034220766
56,0,2,0.01,100,2,1,207.12428992074535
57,0,2,0.01,100,2,3,553.458343744557
58,0,2,0.01,100,4,1,149.4712035824601
59,0,2,0.01,100,4,3,1001.5993525389054
60,0,2,0.01,300,1,1,90.55165515392953
61,0,2,0.01,300,1,3,193.73889243962307
62,0,2,0.01,300,2,1,126.61324950643424
63,0,2,0.01,300,2,3,694.940507290011
64,0,2,0.01,300,4,1,128.4538178471558
65,0,2,0.01,300,4,3,1157.5259436812341
66,0,2,0.01,500,1,1,71.71749271877843
67,0,2,0.01,500,1,3,158.41824003881845
68,0,2,0.01,500,2,1,69.77284677514828
69,0,2,0.01,500,2,3,482.2184378285175
70,0,2,0.01,500,4,1,81.70278826987791
71,0,2,0.01,500,4,3,982.2938940777838
72,0,4,0.001,100,1,1,126.52988188769983
73,0,4,0.001,100,1,3,116.24608165302519
74,0,4,0.001,100,2,1,67.90749586170324
75,0,4,0.001,100,2,3,145.33937638870236
76,0,4,0.001,100,4,1,52.690495144775504
77,0,4,0.001,100,4,3,294.0105624986937
78,0,4,0.001,300,1,1,127.12573073225371
79,0,4,0.001,300,1,3,122.1442390849932
80,0,4,0.001,300,2,1,56.971642932094205
81,0,4,0.001,300,2,3,170.85808823627042
82,0,4,0.001,300,4,1,55.5254755779607
83,0,4,0.001,300,4,3,266.6883815915336
84,0,4,0.001,500,1,1,50.21457826041629
85,0,4,0.001,500,1,3,110.06693061633092
86,0,4,0.001,500,2,1,46.4646613353386
87,0,4,0.001,500,2,3,192.52622683459148
88,0,4,0.001,500,4,1,45.45762484429045
89,0,4,0.001,500,4,3,227.21467775212744
90,0,4,0.01,100,1,1,64.84850040211033
91,0,4,0.01,100,1,3,79.94115576239432
92,0,4,0.01,100,2,1,70.63895608725544
93,0,4,0.01,100,2,3,82.19711214969014
94,0,4,0.01,100,4,1,48.70376839514964
95,0,4,0.01,100,4,3,156.70983496612934
96,0,4,0.01,300,1,1,52.51979197054158
97,0,4,0.01,300,1,3,68.42475752448722
98,0,4,0.01,300,2,1,51.25952062392097
99,0,4,0.01,300,2,3,77.69950691986095
100,0,4,0.01,300,4,1,35.40148645272495
101,0,4,0.01,300,4,3,110.13564803973091
102,0,4,0.01,500,1,1,38.666694209430034
103,0,4,0.01,500,1,3,51.61063449616453
104,0,4,0.01,500,2,1,47.119496794524004
105,0,4,0.01,500,2,3,79.6321250382235
106,0,4,0.01,500,4,1,41.03760546065312
107,0,4,0.01,500,4,3,157.25428187785556
108,1,1,0.001,100,1,1,2215.517718771702
109,1,1,0.001,100,1,3,3803.74571032133
110,1,1,0.001,100,2,1,684.7134308329546
111,1,1,0.001,100,2,3,7265.957130325554
112,1,1,0.001,100,4,1,433.0337536696923
113,1,1,0.001,100,4,3,5219.888792302284
114,1,1,0.001,300,1,1,347.3523569515786
115,1,1,0.001,300,1,3,1004.3612947777889
116,1,1,0.001,300,2,1,242.68327062801347
117,1,1,0.001,300,2,3,1678.49110778431
118,1,1,0.001,300,4,1,283.6379253097531
119,1,1,0.001,300,4,3,2866.774262733823
120,1,1,0.001,500,1,1,177.76880138566537
121,1,1,0.001,500,1,3,459.2837421018333
122,1,1,0.001,500,2,1,192.37492665007946
123,1,1,0.001,500,2,3,1294.7834235083558
124,1,1,0.001,500,4,1,187.89235464999777
125,1,1,0.001,500,4,3,1681.6280597042985
126,1,1,0.01,100,1,1,1467.3560908120796
127,1,1,0.01,100,1,3,1666.5526926927826
128,1,1,0.01,100,2,1,467.4075242075889
129,1,1,0.01,100,2,3,1849.93335104367
130,1,1,0.01,100,4,1,393.99472807058606
131,1,1,0.01,100,4,3,3236.96842896814
132,1,1,0.01,300,1,1,347.73400667016284
133,1,1,0.01,300,1,3,554.8378168962383
134,1,1,0.01,300,2,1,267.0718803317014
135,1,1,0.01,300,2,3,1277.0267805670383
136,1,1,0.01,300,4,1,224.7592361748653
137,1,1,0.01,300,4,3,1994.7668227271529
138,1,1,0.01,500,1,1,164.76406506031677
139,1,1,0.01,500,1,3,459.4475382365374
140,1,1,0.01,500,2,1,166.0020964868608
141,1,1,0.01,500,2,3,929.2300222754751
142,1,1,0.01,500,4,1,183.5765194437248
143,1,1,0.01,500,4,3,1403.9782394736758
144,1,2,0.001,100,1,1,488.61457259257793
145,1,2,0.001,100,1,3,1523.7313736923998
146,1,2,0.001,100,2,1,201.77274851748788
147,1,2,0.001,100,2,3,903.7388851589761
148,1,2,0.001,100,4,1,265.5978626546136
149,1,2,0.001,100,4,3,1529.329575728613
150,1,2,0.001,300,1,1,121.13534535430044
151,1,2,0.001,300,1,3,387.0885673868271
152,1,2,0.001,300,2,1,123.03640487971174
153,1,2,0.001,300,2,3,828.5039101241637
154,1,2,0.001,300,4,1,137.62794653454642
155,1,2,0.001,300,4,3,1880.7655720998482
156,1,2,0.001,500,1,1,63.560921832946676
157,1,2,0.001,500,1,3,224.1112005827129
158,1,2,0.001,500,2,1,98.08785914443315
159,1,2,0.001,500,2,3,704.0165043865181
160,1,2,0.001,500,4,1,123.14408502554177
161,1,2,0.001,500,4,3,1157.2489867982342
162,1,2,0.01,100,1,1,373.4659052459437
163,1,2,0.01,100,1,3,382.9424419458873
164,1,2,0.01,100,2,1,277.38689716543365
165,1,2,0.01,100,2,3,624.8508248750337
166,1,2,0.01,100,4,1,118.94070191560319
167,1,2,0.01,100,4,3,1152.9578964939387
168,1,2,0.01,300,1,1,71.89980645046187
169,1,2,0.01,300,1,3,229.54566917868686
170,1,2,0.01,300,2,1,115.5533846650418
171,1,2,0.01,300,2,3,730.4214416324969
172,1,2,0.01,300,4,1,108.2259738452947
173,1,2,0.01,300,4,3,1113.2902940828217
174,1,2,0.01,500,1,1,62.161406140086875
175,1,2,0.01,500,1,3,173.3279472008564
176,1,2,0.01,500,2,1,100.97667140476626
177,1,2,0.01,500,2,3,468.6901135818385
178,1,2,0.01,500,4,1,99.77784320501154
179,1,2,0.01,500,4,3,1110.0323663887943
180,1,4,0.001,100,1,1,174.03455816097437
181,1,4,0.001,100,1,3,114.66597315807039
182,1,4,0.001,100,2,1,58.05814073179179
183,1,4,0.001,100,2,3,183.0315964162823
184,1,4,0.001,100,4,1,58.5571974747605
185,1,4,0.001,100,4,3,267.20930033390255
186,1,4,0.001,300,1,1,46.660431500939445
187,1,4,0.001,300,1,3,118.70161137006083
188,1,4,0.001,300,2,1,59.28271298820046
189,1,4,0.001,300,2,3,274.084730123014
190,1,4,0.001,300,4,1,46.507838407702856
191,1,4,0.001,300,4,3,219.65462469721245
192,1,4,0.001,500,1,1,46.06466286350469
193,1,4,0.001,500,1,3,108.33391803027651
194,1,4,0.001,500,2,1,43.94272167180304
195,1,4,0.001,500,2,3,203.95282843997919
196,1,4,0.001,500,4,1,40.79908774268878
197,1,4,0.001,500,4,3,214.747835099127
198,1,4,0.01,100,1,1,52.63617357165942
199,1,4,0.01,100,1,3,77.69827343233263
200,1,4,0.01,100,2,1,51.25430595223893
201,1,4,0.01,100,2,3,72.58166604350394
202,1,4,0.01,100,4,1,59.87997604027148
203,1,4,0.01,100,4,3,141.28832199502196
204,1,4,0.01,300,1,1,39.160639477105114
205,1,4,0.01,300,1,3,55.53616599196322
206,1,4,0.01,300,2,1,44.52789731370332
207,1,4,0.01,300,2,3,129.74038733717603
208,1,4,0.01,300,4,1,40.42272981156775
209,1,4,0.01,300,4,3,99.54054367906728
210,1,4,0.01,500,1,1,36.64273496160435
211,1,4,0.01,500,1,3,76.04404655712068
212,1,4,0.01,500,2,1,45.83242343035529
213,1,4,0.01,500,2,3,92.25643133724375
214,1,4,0.01,500,4,1,36.05141189602712
215,1,4,0.01,500,4,3,126.00310689298156
216,2,1,0.001,100,1,1,2219.305178889184
217,2,1,0.001,100,1,3,2394.277263437377
218,2,1,0.001,100,2,1,506.27002125369853
219,2,1,0.001,100,2,3,2812.2706809103092
220,2,1,0.001,100,4,1,302.3967606155328
221,2,1,0.001,100,4,3,4823.720283585682
222,2,1,0.001,300,1,1,409.95956253793923
223,2,1,0.001,300,1,3,711.2327969329655
224,2,1,0.001,300,2,1,273.7875531216501
225,2,1,0.001,300,2,3,1580.3441361746848
226,2,1,0.001,300,4,1,269.17567649938053
227,2,1,0.001,300,4,3,2681.366297330987
228,2,1,0.001,500,1,1,232.0197908878676
229,2,1,0.001,500,1,3,402.21949784452306
230,2,1,0.001,500,2,1,205.38411946829856
231,2,1,0.001,500,2,3,977.8978461904055
232,2,1,0.001,500,4,1,208.81377818093782
233,2,1,0.001,500,4,3,1750.8556271905368
234,2,1,0.01,100,1,1,1370.564738684932
235,2,1,0.01,100,1,3,3891.017907402501
236,2,1,0.01,100,2,1,609.7370231404519
237,2,1,0.01,100,2,3,1512.5688019329189
238,2,1,0.01,100,4,1,218.25815353961838
239,2,1,0.01,100,4,3,2521.2301411074027
240,2,1,0.01,300,1,1,305.45233778037044
241,2,1,0.01,300,1,3,545.7418501976456
242,2,1,0.01,300,2,1,231.86959263973998
243,2,1,0.01,300,2,3,1363.8733999508331
244,2,1,0.01,300,4,1,227.21686099254578
245,2,1,0.01,300,4,3,2213.715575244222
246,2,1,0.01,500,1,1,154.8119291638203
247,2,1,0.01,500,1,3,371.22942394602336
248,2,1,0.01,500,2,1,171.63089731375095
249,2,1,0.01,500,2,3,884.9108065008761
250,2,1,0.01,500,4,1,190.44938547339845
251,2,1,0.01,500,4,3,1152.2254982106354
252,2,2,0.001,100,1,1,497.6292214456264
253,2,2,0.001,100,1,3,724.8559814669549
254,2,2,0.001,100,2,1,227.189991544285
255,2,2,0.001,100,2,3,840.4130203927388
256,2,2,0.001,100,4,1,157.1313112549998
257,2,2,0.001,100,4,3,1951.4233612471116
258,2,2,0.001,300,1,1,113.73135336791984
259,2,2,0.001,300,1,3,357.6168879285596
260,2,2,0.001,300,2,1,159.76394193783574
261,2,2,0.001,300,2,3,940.0832248550088
262,2,2,0.001,300,4,1,134.02406922196812
263,2,2,0.001,300,4,3,1518.040246145498
264,2,2,0.001,500,1,1,99.87878242945551
265,2,2,0.001,500,1,3,275.13606300527744
266,2,2,0.001,500,2,1,73.88819570629852
267,2,2,0.001,500,2,3,824.4563650263422
268,2,2,0.001,500,4,1,113.4942851007061
269,2,2,0.001,500,4,3,1479.1299232076344
270,2,2,0.01,100,1,1,376.8703136444396
271,2,2,0.01,100,1,3,784.6717988939006
272,2,2,0.01,100,2,1,258.5153778180395
273,2,2,0.01,100,2,3,787.8924294939461
274,2,2,0.01,100,4,1,194.84751411010998
275,2,2,0.01,100,4,3,1024.8360913003912
276,2,2,0.01,300,1,1,75.64645605675938
277,2,2,0.01,300,1,3,213.30170326647945
278,2,2,0.01,300,2,1,136.25297383215383
279,2,2,0.01,300,2,3,819.0838240495083
280,2,2,0.01,300,4,1,103.13572139507171
281,2,2,0.01,300,4,3,908.2016097517256
282,2,2,0.01,500,1,1,44.90281231574077
283,2,2,0.01,500,1,3,284.3908196797803
284,2,2,0.01,500,2,1,85.2557381892695
285,2,2,0.01,500,2,3,555.9126545368126
286,2,2,0.01,500,4,1,89.0560407182092
287,2,2,0.01,500,4,3,868.2604057274852
288,2,4,0.001,100,1,1,124.67424423978035
289,2,4,0.001,100,1,3,107.54665867731639
290,2,4,0.001,100,2,1,63.50892504555543
291,2,4,0.001,100,2,3,114.98917876033553
292,2,4,0.001,100,4,1,51.93404197136356
293,2,4,0.001,100,4,3,137.97774823622223
294,2,4,0.001,300,1,1,53.74628045980402
295,2,4,0.001,300,1,3,104.93890484666136
296,2,4,0.001,300,2,1,55.446732257165806
297,2,4,0.001,300,2,3,177.86275362304497
298,2,4,0.001,300,4,1,54.59147370430782
299,2,4,0.001,300,4,3,211.34510628028963
300,2,4,0.001,500,1,1,43.4594102311984
301,2,4,0.001,500,1,3,84.78741395545718
302,2,4,0.001,500,2,1,40.54012900558826
303,2,4,0.001,500,2,3,148.55870573533352
304,2,4,0.001,500,4,1,48.5472208179686
305,2,4,0.001,500,4,3,255.2693576499133
306,2,4,0.01,100,1,1,60.826571529122624
307,2,4,0.01,100,1,3,87.76245668579959
308,2,4,0.01,100,2,1,65.98822522645165
309,2,4,0.01,100,2,3,98.1987562921096
310,2,4,0.01,100,4,1,54.47378645346309
311,2,4,0.01,100,4,3,120.2543234141856
312,2,4,0.01,300,1,1,40.84739927296343
313,2,4,0.01,300,1,3,99.26956883267448
314,2,4,0.01,300,2,1,43.32081072822085
315,2,4,0.01,300,2,3,93.72496142235124
316,2,4,0.01,300,4,1,50.37257790542227
317,2,4,0.01,300,4,3,124.18267148844681
318,2,4,0.01,500,1,1,40.24900385834124
319,2,4,0.01,500,1,3,59.894184332082474
320,2,4,0.01,500,2,1,40.24861944792813
321,2,4,0.01,500,2,3,79.48459591461035
322,2,4,0.01,500,4,1,43.88977189419084
323,2,4,0.01,500,4,3,94.72219403348302
324,3,1,0.001,100,1,1,973.2436640400055
325,3,1,0.001,100,1,3,5142.569926790571
326,3,1,0.001,100,2,1,433.17678515687567
327,3,1,0.001,100,2,3,2778.2708015006256
328,3,1,0.001,100,4,1,306.9582310582743
329,3,1,0.001,100,4,3,3814.54386153237
330,3,1,0.001,300,1,1,312.76646085508514
331,3,1,0.001,300,1,3,720.2947125881096
332,3,1,0.001,300,2,1,336.8327917578329
333,3,1,0.001,300,2,3,1646.685984004024
334,3,1,0.001,300,4,1,297.3081185042845
335,3,1,0.001,300,4,3,2629.274187394028
336,3,1,0.001,500,1,1,211.36480606940233
337,3,1,0.001,500,1,3,488.2568803152755
338,3,1,0.001,500,2,1,229.06055132988462
339,3,1,0.001,500,2,3,986.1166135292601
340,3,1,0.001,500,4,1,196.17920300119496
341,3,1,0.001,500,4,3,2091.961156644226
342,3,1,0.01,100,1,1,1794.6771733716994
343,3,1,0.01,100,1,3,1401.59630164219
344,3,1,0.01,100,2,1,362.36063370108246
345,3,1,0.01,100,2,3,1982.139901759091
346,3,1,0.01,100,4,1,346.71518641940446
347,3,1,0.01,100,4,3,3494.994924988564
348,3,1,0.01,300,1,1,240.92435705782236
349,3,1,0.01,300,1,3,551.8609513238092
350,3,1,0.01,300,2,1,257.57379367043836
351,3,1,0.01,300,2,3,1611.4432263267586
352,3,1,0.01,300,4,1,237.82129191664288
353,3,1,0.01,300,4,3,2367.43861245961
354,3,1,0.01,500,1,1,184.8788983084496
355,3,1,0.01,500,1,3,465.67831099732746
356,3,1,0.01,500,2,1,171.9252235800256
357,3,1,0.01,500,2,3,978.8892243892714
358,3,1,0.01,500,4,1,189.66975478711356
359,3,1,0.01,500,4,3,1311.2914448693684
360,3,2,0.001,100,1,1,535.2061412119932
361,3,2,0.001,100,1,3,766.615227779133
362,3,2,0.001,100,2,1,346.0845765783502
363,3,2,0.001,100,2,3,824.0966237974814
364,3,2,0.001,100,4,1,146.69470716811117
365,3,2,0.001,100,4,3,1610.1917305968602
366,3,2,0.001,300,1,1,95.15426998387021
367,3,2,0.001,300,1,3,281.08575824868683
368,3,2,0.001,300,2,1,128.98010970058863
369,3,2,0.001,300,2,3,981.6891929824855
370,3,2,0.001,300,4,1,139.23478393770577
371,3,2,0.001,300,4,3,2215.2374802786912
372,3,2,0.001,500,1,1,105.16456018207158
373,3,2,0.001,500,1,3,260.75613911571605
374,3,2,0.001,500,2,1,95.29838844320415
375,3,2,0.001,500,2,3,605.2294363477771
376,3,2,0.001,500,4,1,123.69751074345474
377,3,2,0.001,500,4,3,1168.7604221551578
378,3,2,0.01,100,1,1,196.40873505190322
379,3,2,0.01,100,1,3,502.55706453200224
380,3,2,0.01,100,2,1,197.45471195845866
381,3,2,0.01,100,2,3,493.1466941323706
382,3,2,0.01,100,4,1,153.99545267940005
383,3,2,0.01,100,4,3,1425.0677612626448
384,3,2,0.01,300,1,1,93.41334285086532
385,3,2,0.01,300,1,3,240.59268219480018
386,3,2,0.01,300,2,1,96.7529597119869
387,3,2,0.01,300,2,3,972.5873963969696
388,3,2,0.01,300,4,1,113.93363264327654
389,3,2,0.01,300,4,3,1174.0270089130247
390,3,2,0.01,500,1,1,65.80493402480694
391,3,2,0.01,500,1,3,190.19301891434722
392,3,2,0.01,500,2,1,74.85184160318425
393,3,2,0.01,500,2,3,500.52727138200936
394,3,2,0.01,500,4,1,89.24350370496786
395,3,2,0.01,500,4,3,990.4364521795763
396,3,4,0.001,100,1,1,130.88974968711054
397,3,4,0.001,100,1,3,160.30289365431273
398,3,4,0.001,100,2,1,68.27784390472439
399,3,4,0.001,100,2,3,159.58035778820678
400,3,4,0.001,100,4,1,56.562471728225155
401,3,4,0.001,100,4,3,293.94806377698245
402,3,4,0.001,300,1,1,55.18986783161528
403,3,4,0.001,300,1,3,103.7089877729617
404,3,4,0.001,300,2,1,46.5164742172988
405,3,4,0.001,300,2,3,170.75185072658437
406,3,4,0.001,300,4,1,48.32297094194919
407,3,4,0.001,300,4,3,202.6414579823351
408,3,4,0.001,500,1,1,47.68548134488655
409,3,4,0.001,500,1,3,113.23791588928965
410,3,4,0.001,500,2,1,42.244691069674964
411,3,4,0.001,500,2,3,172.47968146324268
412,3,4,0.001,500,4,1,46.82575220007782
413,3,4,0.001,500,4,3,208.7873957735601
414,3,4,0.01,100,1,1,47.22759140992075
415,3,4,0.01,100,1,3,152.8902564779317
416,3,4,0.01,100,2,1,92.72631576361754
417,3,4,0.01,100,2,3,91.2967081672352
418,3,4,0.01,100,4,1,68.72500679059631
419,3,4,0.01,100,4,3,150.23795451270865
420,3,4,0.01,300,1,1,47.81138048388989
421,3,4,0.01,300,1,3,79.55924596033141
422,3,4,0.01,300,2,1,45.69813033350639
423,3,4,0.01,300,2,3,91.14814121089378
424,3,4,0.01,300,4,1,52.91529475907909
425,3,4,0.01,300,4,3,140.949295739901
426,3,4,0.01,500,1,1,47.146414394603795
427,3,4,0.01,500,1,3,54.74138912455022
428,3,4,0.01,500,2,1,31.260006244766412
429,3,4,0.01,500,2,3,99.84223732461578
430,3,4,0.01,500,4,1,46.26489567953612
431,3,4,0.01,500,4,3,136.50358302930155
432,4,1,0.001,100,1,1,1444.8145700925068
433,4,1,0.001,100,1,3,1863.6714809985142
434,4,1,0.001,100,2,1,587.0423881311507
435,4,1,0.001,100,2,3,2127.5819944923965
436,4,1,0.001,100,4,1,353.0994130782856
437,4,1,0.001,100,4,3,4884.475830435954
438,4,1,0.001,300,1,1,285.6891955431135
439,4,1,0.001,300,1,3,780.03878747588
440,4,1,0.001,300,2,1,242.1358446398564
441,4,1,0.001,300,2,3,1461.316892023788
442,4,1,0.001,300,4,1,245.37617158787214
443,4,1,0.001,300,4,3,2894.2462961886504
444,4,1,0.001,500,1,1,181.4972872310283
445,4,1,0.001,500,1,3,457.44478171737137
446,4,1,0.001,500,2,1,226.36567298850963
447,4,1,0.001,500,2,3,1090.229230196369
448,4,1,0.001,500,4,1,221.9727967774485
449,4,1,0.001,500,4,3,1944.2408775426863
450,4,1,0.01,100,1,1,1603.8402520261077
451,4,1,0.01,100,1,3,2495.9443239499296
452,4,1,0.01,100,2,1,431.36063708921023
453,4,1,0.01,100,2,3,2048.984693737572
454,4,1,0.01,100,4,1,304.8883699382862
455,4,1,0.01,100,4,3,4301.261913827659
456,4,1,0.01,300,1,1,317.15167860402374
457,4,1,0.01,300,1,3,494.77440916620833
458,4,1,0.01,300,2,1,257.00048965425464
459,4,1,0.01,300,2,3,1236.3243970472765
460,4,1,0.01,300,4,1,220.15219104073006
461,4,1,0.01,300,4,3,1456.6151808144143
462,4,1,0.01,500,1,1,161.56640839617447
463,4,1,0.01,500,1,3,390.23507302161846
464,4,1,0.01,500,2,1,211.30257049966525
465,4,1,0.01,500,2,3,826.5829679790189
466,4,1,0.01,500,4,1,175.9792287187506
467,4,1,0.01,500,4,3,1266.88936250753
468,4,2,0.001,100,1,1,364.8507495595825
469,4,2,0.001,100,1,3,849.8385353162679
470,4,2,0.001,100,2,1,340.46507782503346
471,4,2,0.001,100,2,3,1338.4425846566435
472,4,2,0.001,100,4,1,153.00839075579327
473,4,2,0.001,100,4,3,1202.2585310465336
474,4,2,0.001,300,1,1,87.16375305023857
475,4,2,0.001,300,1,3,241.98822825947263
476,4,2,0.001,300,2,1,115.53150875948874
477,4,2,0.001,300,2,3,927.6451012807603
478,4,2,0.001,300,4,1,159.65483134510626
479,4,2,0.001,300,4,3,1466.792313747305
480,4,2,0.001,500,1,1,72.52124325003459
481,4,2,0.001,500,1,3,257.2651549281607
482,4,2,0.001,500,2,1,108.50625140874875
483,4,2,0.001,500,2,3,692.3903054291392
484,4,2,0.001,500,4,1,110.03495500377207
485,4,2,0.001,500,4,3,1218.8959713561367
486,4,2,0.01,100,1,1,141.42418105279208
487,4,2,0.01,100,1,3,527.2261035424996
488,4,2,0.01,100,2,1,178.13326420179277
489,4,2,0.01,100,2,3,614.663272379799
490,4,2,0.01,100,4,1,167.61391953329698
491,4,2,0.01,100,4,3,1381.0394691523984
492,4,2,0.01,300,1,1,89.17343620551704
493,4,2,0.01,300,1,3,274.14539052493507
494,4,2,0.01,300,2,1,99.58222833229753
495,4,2,0.01,300,2,3,601.2379444926022
496,4,2,0.01,300,4,1,126.85896537828727
497,4,2,0.01,300,4,3,1377.9988259237905
498,4,2,0.01,500,1,1,43.28043245076021
499,4,2,0.01,500,1,3,176.0348946174764
500,4,2,0.01,500,2,1,81.02167880367388
501,4,2,0.01,500,2,3,444.32005019882223
502,4,2,0.01,500,4,1,93.78395645223556
503,4,2,0.01,500,4,3,901.5713090793463
504,4,4,0.001,100,1,1,117.84058504816643
505,4,4,0.001,100,1,3,135.53926533593008
506,4,4,0.001,100,2,1,59.79191630237121
507,4,4,0.001,100,2,3,236.6983574364174
508,4,4,0.001,100,4,1,61.362131248433336
509,4,4,0.001,100,4,3,259.0072253608047
510,4,4,0.001,300,1,1,64.71003547043587
511,4,4,0.001,300,1,3,93.66644260693604
512,4,4,0.001,300,2,1,48.123763205208675
513,4,4,0.001,300,2,3,156.71051431236532
514,4,4,0.001,300,4,1,50.70355489177807
515,4,4,0.001,300,4,3,285.65152552273025
516,4,4,0.001,500,1,1,57.62099414565637
517,4,4,0.001,500,1,3,103.2326139678012
518,4,4,0.001,500,2,1,34.44451891007133
519,4,4,0.001,500,2,3,171.03705482645975
520,4,4,0.001,500,4,1,37.65482548986689
521,4,4,0.001,500,4,3,224.77621312181427
522,4,4,0.01,100,1,1,57.017025934634454
523,4,4,0.01,100,1,3,84.86165350951033
524,4,4,0.01,100,2,1,57.71901974648386
525,4,4,0.01,100,2,3,122.02107586988524
526,4,4,0.01,100,4,1,57.32114934147382
527,4,4,0.01,100,4,3,253.04295386878215
528,4,4,0.01,300,1,1,39.35829131160072
529,4,4,0.01,300,1,3,71.95205327860145
530,4,4,0.01,300,2,1,48.51947932188112
531,4,4,0.01,300,2,3,97.95366607252278
532,4,4,0.01,300,4,1,43.416321487707634
533,4,4,0.01,300,4,3,108.53155259990837
534,4,4,0.01,500,1,1,32.05978005141454
535,4,4,0.01,500,1,3,55.51784425026363
536,4,4,0.01,500,2,1,41.82364625310488
537,4,4,0.01,500,2,3,71.67095671458445
538,4,4,0.01,500,4,1,35.50796596939612
539,4,4,0.01,500,4,3,107.494285354564
540,5,1,0.001,100,1,1,2318.8413787304935
541,5,1,0.001,100,1,3,3883.77971881445
542,5,1,0.001,100,2,1,473.4687127889645
543,5,1,0.001,100,2,3,2592.427210114884
544,5,1,0.001,100,4,1,335.86393578396866
545,5,1,0.001,100,4,3,4166.124221304734
546,5,1,0.001,300,1,1,388.40021030243577
547,5,1,0.001,300,1,3,777.6473307181276
548,5,1,0.001,300,2,1,279.19959356807937
549,5,1,0.001,300,2,3,2056.453481335288
550,5,1,0.001,300,4,1,233.15976731413713
551,5,1,0.001,300,4,3,3361.315383902452
552,5,1,0.001,500,1,1,188.9804806178521
553,5,1,0.001,500,1,3,489.91711669428895
554,5,1,0.001,500,2,1,214.20208400058436
555,5,1,0.001,500,2,3,1073.7929820864802
556,5,1,0.001,500,4,1,214.93400415313195
557,5,1,0.001,500,4,3,1760.4880778892982
558,5,1,0.01,100,1,1,1274.7904609917896
559,5,1,0.01,100,1,3,2127.0548108645617
560,5,1,0.01,100,2,1,325.3727531770062
561,5,1,0.01,100,2,3,1536.4552747370358
562,5,1,0.01,100,4,1,298.6225379568331
563,5,1,0.01,100,4,3,3195.3635309878414
564,5,1,0.01,300,1,1,432.5323299400925
565,5,1,0.01,300,1,3,704.8541520514468
566,5,1,0.01,300,2,1,234.1808954866925
567,5,1,0.01,300,2,3,1230.923385511517
568,5,1,0.01,300,4,1,248.69636203172374
569,5,1,0.01,300,4,3,2057.435763674455
570,5,1,0.01,500,1,1,136.5974532706929
571,5,1,0.01,500,1,3,387.8937543592369
572,5,1,0.01,500,2,1,186.91723697325864
573,5,1,0.01,500,2,3,854.0699171418232
574,5,1,0.01,500,4,1,202.26644170172602
575,5,1,0.01,500,4,3,1641.0004148035018
576,5,2,0.001,100,1,1,1247.6460739425918
577,5,2,0.001,100,1,3,672.5360290018093
578,5,2,0.001,100,2,1,150.59491797976517
579,5,2,0.001,100,2,3,1496.9013807834483
580,5,2,0.001,100,4,1,157.83055486509548
581,5,2,0.001,100,4,3,1584.6695278480709
582,5,2,0.001,300,1,1,93.27330287099308
583,5,2,0.001,300,1,3,359.8246373624903
584,5,2,0.001,300,2,1,109.02166477638274
585,5,2,0.001,300,2,3,1113.5193338417246
586,5,2,0.001,300,4,1,100.70779924345857
587,5,2,0.001,300,4,3,1341.7229218579143
588,5,2,0.001,500,1,1,94.71394077646931
589,5,2,0.001,500,1,3,227.84629130635733
590,5,2,0.001,500,2,1,83.2805418605849
591,5,2,0.001,500,2,3,819.8612394821448
592,5,2,0.001,500,4,1,97.75138249660819
593,5,2,0.001,500,4,3,999.445738326636
594,5,2,0.01,100,1,1,263.72522583106075
595,5,2,0.01,100,1,3,981.0669519452164
596,5,2,0.01,100,2,1,189.60847008886563
597,5,2,0.01,100,2,3,553.2929198055092
598,5,2,0.01,100,4,1,184.127928779903
599,5,2,0.01,100,4,3,967.2074342797442
600,5,2,0.01,300,1,1,80.54540900931961
601,5,2,0.01,300,1,3,228.77910077085068
602,5,2,0.01,300,2,1,95.0182423350947
603,5,2,0.01,300,2,3,752.0878414684496
604,5,2,0.01,300,4,1,121.24764986779194
605,5,2,0.01,300,4,3,941.9764705704398
606,5,2,0.01,500,1,1,58.40279374230422
607,5,2,0.01,500,1,3,177.013320660518
608,5,2,0.01,500,2,1,93.38367105997264
609,5,2,0.01,500,2,3,430.19726358275096
610,5,2,0.01,500,4,1,84.50455415491156
611,5,2,0.01,500,4,3,814.1921534059085
612,5,4,0.001,100,1,1,180.3118390039513
613,5,4,0.001,100,1,3,140.76900168441162
614,5,4,0.001,100,2,1,50.49270205126471
615,5,4,0.001,100,2,3,238.59462437603
616,5,4,0.001,100,4,1,54.53710128846804
617,5,4,0.001,100,4,3,221.18512265956733
618,5,4,0.001,300,1,1,54.5104969284107
619,5,4,0.001,300,1,3,129.29922790449757
620,5,4,0.001,300,2,1,60.42435938942718
621,5,4,0.001,300,2,3,162.878882276172
622,5,4,0.001,300,4,1,51.602068274122026
623,5,4,0.001,300,4,3,311.0750459059291
624,5,4,0.001,500,1,1,49.181026475738385
625,5,4,0.001,500,1,3,89.6657530953573
626,5,4,0.001,500,2,1,49.870086318528315
627,5,4,0.001,500,2,3,141.25339169563838
628,5,4,0.001,500,4,1,44.21312076350429
629,5,4,0.001,500,4,3,236.0522754192836
630,5,4,0.01,100,1,1,48.35975142883498
631,5,4,0.01,100,1,3,63.211468047760505
632,5,4,0.01,100,2,1,52.62214847059749
633,5,4,0.01,100,2,3,125.57726133217297
634,5,4,0.01,100,4,1,55.340836907739295
635,5,4,0.01,100,4,3,141.15836474811556
636,5,4,0.01,300,1,1,38.88127860603192
637,5,4,0.01,300,1,3,63.070414180833076
638,5,4,0.01,300,2,1,48.30978339963224
639,5,4,0.01,300,2,3,151.3454235518498
640,5,4,0.01,300,4,1,53.975732233030826
641,5,4,0.01,300,4,3,134.92107170809768
642,5,4,0.01,500,1,1,30.225190994533396
643,5,4,0.01,500,1,3,50.423647696608924
644,5,4,0.01,500,2,1,42.09744881327194
645,5,4,0.01,500,2,3,87.18245068137996
646,5,4,0.01,500,4,1,33.37350931610091
647,5,4,0.01,500,4,3,94.55879459475325
648,6,1,0.001,100,1,1,3024.975031174767
649,6,1,0.001,100,1,3,2129.0816499037855
650,6,1,0.001,100,2,1,508.46916987306315
651,6,1,0.001,100,2,3,2332.3235326050703
652,6,1,0.001,100,4,1,340.2150790581929
653,6,1,0.001,100,4,3,4083.1553731072313
654,6,1,0.001,300,1,1,406.3999199296047
655,6,1,0.001,300,1,3,648.5390280375702
656,6,1,0.001,300,2,1,247.839512068298
657,6,1,0.001,300,2,3,1519.318141661213
658,6,1,0.001,300,4,1,237.77579629162858
659,6,1,0.001,300,4,3,3364.6497311202884
660,6,1,0.001,500,1,1,187.41170374675215
661,6,1,0.001,500,1,3,452.95375289056193
662,6,1,0.001,500,2,1,218.3446818450714
663,6,1,0.001,500,2,3,1070.4210596202106
664,6,1,0.001,500,4,1,188.2471264100219
665,6,1,0.001,500,4,3,1751.2816828479715
666,6,1,0.01,100,1,1,1047.4793723597813
667,6,1,0.01,100,1,3,4961.885842022502
668,6,1,0.01,100,2,1,415.2683472289972
669,6,1,0.01,100,2,3,1593.4714035373686
670,6,1,0.01,100,4,1,296.16788468793146
671,6,1,0.01,100,4,3,2703.160005901829
672,6,1,0.01,300,1,1,200.9901466816836
673,6,1,0.01,300,1,3,640.8768771870883
674,6,1,0.01,300,2,1,223.61754062192026
675,6,1,0.01,300,2,3,1214.3493465739493
676,6,1,0.01,300,4,1,280.5595196257348
677,6,1,0.01,300,4,3,2496.4296109788097
678,6,1,0.01,500,1,1,160.81371144500824
679,6,1,0.01,500,1,3,413.0847594679197
680,6,1,0.01,500,2,1,177.02064016654285
681,6,1,0.01,500,2,3,1027.0930714045294
682,6,1,0.01,500,4,1,186.86243082981665
683,6,1,0.01,500,4,3,1487.3065676008287
684,6,2,0.001,100,1,1,359.7688999117401
685,6,2,0.001,100,1,3,929.0378782008113
686,6,2,0.001,100,2,1,351.86763645842154
687,6,2,0.001,100,2,3,751.6780319992973
688,6,2,0.001,100,4,1,167.00232577180302
689,6,2,0.001,100,4,3,1603.796718061598
690,6,2,0.001,300,1,1,109.65058717740527
691,6,2,0.001,300,1,3,302.26897604950653
692,6,2,0.001,300,2,1,133.2414587738241
693,6,2,0.001,300,2,3,1074.800359243411
694,6,2,0.001,300,4,1,131.34158571614685
695,6,2,0.001,300,4,3,1592.6188798713567
696,6,2,0.001,500,1,1,103.58085813624025
697,6,2,0.001,500,1,3,317.57563796399074
698,6,2,0.001,500,2,1,93.20752960940702
699,6,2,0.001,500,2,3,692.4931428392317
700,6,2,0.001,500,4,1,122.73791139049399
701,6,2,0.001,500,4,3,1117.9392466985857
702,6,2,0.01,100,1,1,417.19222276701737
703,6,2,0.01,100,1,3,387.0066080167152
704,6,2,0.01,100,2,1,182.2773161196146
705,6,2,0.01,100,2,3,700.6343992633491
706,6,2,0.01,100,4,1,136.34583940764668
707,6,2,0.01,100,4,3,1097.134867662971
708,6,2,0.01,300,1,1,74.08197437604221
709,6,2,0.01,300,1,3,233.00329646781103
710,6,2,0.01,300,2,1,127.21390323045463
711,6,2,0.01,300,2,3,714.3981094567808
712,6,2,0.01,300,4,1,111.97754191777676
713,6,2,0.01,300,4,3,1398.0440066140075
714,6,2,0.01,500,1,1,61.874524927781366
715,6,2,0.01,500,1,3,184.74394380566943
716,6,2,0.01,500,2,1,100.19249156934221
717,6,2,0.01,500,2,3,620.2461588692145
718,6,2,0.01,500,4,1,108.01188346585181
719,6,2,0.01,500,4,3,782.8102848411648
720,6,4,0.001,100,1,1,151.1373150268899
721,6,4,0.001,100,1,3,88.61456138094258
722,6,4,0.001,100,2,1,62.358544236056034
723,6,4,0.001,100,2,3,183.8354313498257
724,6,4,0.001,100,4,1,51.852967150499666
725,6,4,0.001,100,4,3,250.7969697319704
726,6,4,0.001,300,1,1,49.06013124941591
727,6,4,0.001,300,1,3,92.09032177467718
728,6,4,0.001,300,2,1,47.04713449031632
729,6,4,0.001,300,2,3,285.1434633422126
730,6,4,0.001,300,4,1,51.197528379906345
731,6,4,0.001,300,4,3,334.2703813731634
732,6,4,0.001,500,1,1,39.13111139931362
733,6,4,0.001,500,1,3,88.72503554700975
734,6,4,0.001,500,2,1,56.26288712202479
735,6,4,0.001,500,2,3,201.30990508639616
736,6,4,0.001,500,4,1,47.97672451483426
737,6,4,0.001,500,4,3,247.32316309732147
738,6,4,0.01,100,1,1,78.20541121206415
739,6,4,0.01,100,1,3,117.33783115050774
740,6,4,0.01,100,2,1,54.5257303020917
741,6,4,0.01,100,2,3,65.19392964570812
742,6,4,0.01,100,4,1,52.77150848057424
743,6,4,0.01,100,4,3,88.98599047171842
744,6,4,0.01,300,1,1,40.922394459588986
745,6,4,0.01,300,1,3,59.4064563423407
746,6,4,0.01,300,2,1,46.24196717866543
747,6,4,0.01,300,2,3,117.52452477129563
748,6,4,0.01,300,4,1,40.35718717443908
749,6,4,0.01,300,4,3,108.82290141021075
750,6,4,0.01,500,1,1,29.061445092894242
751,6,4,0.01,500,1,3,57.13817070573209
752,6,4,0.01,500,2,1,31.206410509165927
753,6,4,0.01,500,2,3,83.32806101577054
754,6,4,0.01,500,4,1,41.1348682962601
755,6,4,0.01,500,4,3,147.39418335774835
756,7,1,0.001,100,1,1,2323.0761488410094
757,7,1,0.001,100,1,3,4176.140158056173
758,7,1,0.001,100,2,1,604.3643770416451
759,7,1,0.001,100,2,3,2206.4278041038797
760,7,1,0.001,100,4,1,319.16974223893243
761,7,1,0.001,100,4,3,5746.598096379645
762,7,1,0.001,300,1,1,424.3641458774758
763,7,1,0.001,300,1,3,738.5668007327885
764,7,1,0.001,300,2,1,296.2708774985807
765,7,1,0.001,300,2,3,1542.256869054099
766,7,1,0.001,300,4,1,238.25551420379807
767,7,1,0.001,300,4,3,2517.842573004362
768,7,1,0.001,500,1,1,208.56511171763114
769,7,1,0.001,500,1,3,442.3121243950482
770,7,1,0.001,500,2,1,228.55457386125266
771,7,1,0.001,500,2,3,1163.8129471141463
772,7,1,0.001,500,4,1,227.63932041363387
773,7,1,0.001,500,4,3,1758.3237237634687
774,7,1,0.01,100,1,1,1929.6829259375374
775,7,1,0.01,100,1,3,3086.9596336459904
776,7,1,0.01,100,2,1,344.22409466751304
777,7,1,0.01,100,2,3,1426.922252966931
778,7,1,0.01,100,4,1,283.16247356737455
779,7,1,0.01,100,4,3,3785.3702541919183
780,7,1,0.01,300,1,1,283.3274714327557
781,7,1,0.01,300,1,3,594.7753506822369
782,7,1,0.01,300,2,1,240.0516515584776
783,7,1,0.01,300,2,3,1386.3366796995736
784,7,1,0.01,300,4,1,278.76459152462456
785,7,1,0.01,300,4,3,1800.5792956067196
786,7,1,0.01,500,1,1,154.43065539566456
787,7,1,0.01,500,1,3,344.36197820212533
788,7,1,0.01,500,2,1,195.57972040171623
789,7,1,0.01,500,2,3,1071.8356823597996
790,7,1,0.01,500,4,1,178.00492978121054
791,7,1,0.01,500,4,3,1465.2836754831355
792,7,2,0.001,100,1,1,463.8605741493503
793,7,2,0.001,100,1,3,797.903113067456
794,7,2,0.001,100,2,1,238.72184507740405
795,7,2,0.001,100,2,3,947.692428676773
796,7,2,0.001,100,4,1,166.25988551894224
797,7,2,0.001,100,4,3,2113.828652602258
798,7,2,0.001,300,1,1,117.85684775443792
799,7,2,0.001,300,1,3,269.37432995112675
800,7,2,0.001,300,2,1,109.1034533275917
801,7,2,0.001,300,2,3,928.0373489916481
802,7,2,0.001,300,4,1,121.71564372374876
803,7,2,0.001,300,4,3,1988.1455550001945
804,7,2,0.001,500,1,1,76.83313894822268
805,7,2,0.001,500,1,3,223.1645068228251
806,7,2,0.001,500,2,1,83.7102441515492
807,7,2,0.001,500,2,3,827.6284733829863
808,7,2,0.001,500,4,1,104.14514106157223
809,7,2,0.001,500,4,3,1235.1428825815397
810,7,2,0.01,100,1,1,189.87995707466655
811,7,2,0.01,100,1,3,575.6741372830248
812,7,2,0.01,100,2,1,312.3383577348213
813,7,2,0.01,100,2,3,560.6179741644468
814,7,2,0.01,100,4,1,170.8973267095515
815,7,2,0.01,100,4,3,1808.085242462916
816,7,2,0.01,300,1,1,104.8929942583248
817,7,2,0.01,300,1,3,211.94077997583514
818,7,2,0.01,300,2,1,93.68428616766779
819,7,2,0.01,300,2,3,986.2974777467134
820,7,2,0.01,300,4,1,116.22406383636762
821,7,2,0.01,300,4,3,1209.9381450221001
822,7,2,0.01,500,1,1,62.22816497623454
823,7,2,0.01,500,1,3,178.19449486084082
824,7,2,0.01,500,2,1,71.16303272754418
825,7,2,0.01,500,2,3,505.7109607353003
826,7,2,0.01,500,4,1,92.48197929486801
827,7,2,0.01,500,4,3,803.4048156877349
828,7,4,0.001,100,1,1,85.86959917417786
829,7,4,0.001,100,1,3,139.6090711100728
830,7,4,0.001,100,2,1,59.54473378258736
831,7,4,0.001,100,2,3,147.67436485494713
832,7,4,0.001,100,4,1,58.74404278218558
833,7,4,0.001,100,4,3,357.0882414695423
834,7,4,0.001,300,1,1,49.81939962223192
835,7,4,0.001,300,1,3,113.5379621910097
836,7,4,0.001,300,2,1,54.40454129060908
837,7,4,0.001,300,2,3,222.13750943901098
838,7,4,0.001,300,4,1,46.76145652347101
839,7,4,0.001,300,4,3,263.64266763065245
840,7,4,0.001,500,1,1,50.27810679260164
841,7,4,0.001,500,1,3,78.8777038537714
842,7,4,0.001,500,2,1,47.7035625495632
843,7,4,0.001,500,2,3,132.45728611972234
844,7,4,0.001,500,4,1,45.279180995771995
845,7,4,0.001,500,4,3,212.73927838880655
846,7,4,0.01,100,1,1,45.53288710532544
847,7,4,0.01,100,1,3,51.316452263737965
848,7,4,0.01,100,2,1,56.443947036347375
849,7,4,0.01,100,2,3,92.50535339424856
850,7,4,0.01,100,4,1,51.2284279317395
851,7,4,0.01,100,4,3,143.06772336532515
852,7,4,0.01,300,1,1,46.04579441840395
853,7,4,0.01,300,1,3,72.72010003413426
854,7,4,0.01,300,2,1,41.615276977987925
855,7,4,0.01,300,2,3,122.6775823670877
856,7,4,0.01,300,4,1,40.5186158913043
857,7,4,0.01,300,4,3,152.35834472993665
858,7,4,0.01,500,1,1,29.2200606356706
859,7,4,0.01,500,1,3,66.31856619829712
860,7,4,0.01,500,2,1,38.59395079637476
861,7,4,0.01,500,2,3,100.0578272226025
862,7,4,0.01,500,4,1,40.85808097063922
863,7,4,0.01,500,4,3,135.12262798517122
864,8,1,0.001,100,1,1,1310.2575594681816
865,8,1,0.001,100,1,3,1507.339493373217
866,8,1,0.001,100,2,1,464.3226636796493
867,8,1,0.001,100,2,3,4228.312172566906
868,8,1,0.001,100,4,1,295.98541910535573
869,8,1,0.001,100,4,3,3869.4744553835385
870,8,1,0.001,300,1,1,379.3451889911448
871,8,1,0.001,300,1,3,733.599279287798
872,8,1,0.001,300,2,1,320.8930137417528
873,8,1,0.001,300,2,3,1790.617271418105
874,8,1,0.001,300,4,1,264.82056098017586
875,8,1,0.001,300,4,3,3408.209765731089
876,8,1,0.001,500,1,1,178.67358142872587
877,8,1,0.001,500,1,3,491.7618374444292
878,8,1,0.001,500,2,1,213.27318151578484
879,8,1,0.001,500,2,3,910.8684022217975
880,8,1,0.001,500,4,1,202.63531515964144
881,8,1,0.001,500,4,3,1939.8407682485256
882,8,1,0.01,100,1,1,1205.621830623107
883,8,1,0.01,100,1,3,3616.6590786786555
884,8,1,0.01,100,2,1,539.525894042976
885,8,1,0.01,100,2,3,2673.139151164722
886,8,1,0.01,100,4,1,260.23052095392853
887,8,1,0.01,100,4,3,2771.9744809500266
888,8,1,0.01,300,1,1,238.74422620291432
889,8,1,0.01,300,1,3,581.7951682328544
890,8,1,0.01,300,2,1,231.05585067830543
891,8,1,0.01,300,2,3,1269.8848345346782
892,8,1,0.01,300,4,1,260.7363183728796
893,8,1,0.01,300,4,3,2261.3953540147863
894,8,1,0.01,500,1,1,129.86034125053806
895,8,1,0.01,500,1,3,421.44815992451987
896,8,1,0.01,500,2,1,174.54194511660117
897,8,1,0.01,500,2,3,841.241662806336
898,8,1,0.01,500,4,1,176.4629336229235
899,8,1,0.01,500,4,3,1476.9477088771753
900,8,2,0.001,100,1,1,465.4515717000782
901,8,2,0.001,100,1,3,447.4111044471523
902,8,2,0.001,100,2,1,227.69056527120878
903,8,2,0.001,100,2,3,933.2201251138629
904,8,2,0.001,100,4,1,173.20845694156526
905,8,2,0.001,100,4,3,1930.9154093889035
906,8,2,0.001,300,1,1,108.81755707708946
907,8,2,0.001,300,1,3,472.74617149666483
908,8,2,0.001,300,2,1,105.13338133876262
909,8,2,0.001,300,2,3,1003.578395897803
910,8,2,0.001,300,4,1,140.74578213399448
911,8,2,0.001,300,4,3,1770.8401439209044
912,8,2,0.001,500,1,1,101.53851422695945
913,8,2,0.001,500,1,3,224.99520562841374
914,8,2,0.001,500,2,1,107.59858880095499
915,8,2,0.001,500,2,3,700.5659501633023
916,8,2,0.001,500,4,1,96.91173358782028
917,8,2,0.001,500,4,3,1116.8745200468084
918,8,2,0.01,100,1,1,185.29376707355314
919,8,2,0.01,100,1,3,482.74743374859065
920,8,2,0.01,100,2,1,140.39039101775157
921,8,2,0.01,100,2,3,481.69037446649753
922,8,2,0.01,100,4,1,132.12868416593113
923,8,2,0.01,100,4,3,1172.3792739567668
924,8,2,0.01,300,1,1,64.10196722531678
925,8,2,0.01,300,1,3,253.22382345120818
926,8,2,0.01,300,2,1,84.45767126548505
927,8,2,0.01,300,2,3,637.2408531603786
928,8,2,0.01,300,4,1,135.98737618433523
929,8,2,0.01,300,4,3,1119.3066588622269
930,8,2,0.01,500,1,1,66.81759734343356
931,8,2,0.01,500,1,3,178.05480371094328
932,8,2,0.01,500,2,1,72.29222117177365
933,8,2,0.01,500,2,3,565.092659916656
934,8,2,0.01,500,4,1,97.04777205236405
935,8,2,0.01,500,4,3,840.2761357437715
936,8,4,0.001,100,1,1,98.43047916090033
937,8,4,0.001,100,1,3,96.98398275978525
938,8,4,0.001,100,2,1,68.32337996072992
939,8,4,0.001,100,2,3,149.9780745939962
940,8,4,0.001,100,4,1,52.35915952045601
941,8,4,0.001,100,4,3,242.52141960028382
942,8,4,0.001,300,1,1,65.3100059767182
943,8,4,0.001,300,1,3,106.40886937135133
944,8,4,0.001,300,2,1,54.3841822345255
945,8,4,0.001,300,2,3,225.8138586129861
946,8,4,0.001,300,4,1,48.29191232096966
947,8,4,0.001,300,4,3,230.16150453489115
948,8,4,0.001,500,1,1,48.90028891253796
949,8,4,0.001,500,1,3,88.25911094210859
950,8,4,0.001,500,2,1,47.857003579283564
951,8,4,0.001,500,2,3,184.1330841785767
952,8,4,0.001,500,4,1,42.7380936417431
953,8,4,0.001,500,4,3,246.12628338387017
954,8,4,0.01,100,1,1,53.71839408376413
955,8,4,0.01,100,1,3,69.84868810217658
956,8,4,0.01,100,2,1,56.73821256785552
957,8,4,0.01,100,2,3,103.67238972247901
958,8,4,0.01,100,4,1,56.33360699858846
959,8,4,0.01,100,4,3,84.99879423077307
960,8,4,0.01,300,1,1,47.53138791368302
961,8,4,0.01,300,1,3,72.71609757401148
962,8,4,0.01,300,2,1,42.891092129700986
963,8,4,0.01,300,2,3,112.89970830153769
964,8,4,0.01,300,4,1,45.66572247541456
965,8,4,0.01,300,4,3,124.77600645973992
966,8,4,0.01,500,1,1,28.88273284112846
967,8,4,0.01,500,1,3,56.297739362993184
968,8,4,0.01,500,2,1,43.8346123813287
969,8,4,0.01,500,2,3,75.68167352155295
970,8,4,0.01,500,4,1,42.31695403071355
971,8,4,0.01,500,4,3,143.46532003647346
972,9,1,0.001,100,1,1,1996.76170121873
973,9,1,0.001,100,1,3,2699.9799951585173
974,9,1,0.001,100,2,1,410.76399104139244
975,9,1,0.001,100,2,3,2178.3719308707255
976,9,1,0.001,100,4,1,270.3499429643524
977,9,1,0.001,100,4,3,3867.0672323487784
978,9,1,0.001,300,1,1,342.72342938328904
979,9,1,0.001,300,1,3,760.4746415891532
980,9,1,0.001,300,2,1,289.0190770166404
981,9,1,0.001,300,2,3,1589.3367516067096
982,9,1,0.001,300,4,1,264.771475860694
983,9,1,0.001,300,4,3,2668.1153332439144
984,9,1,0.001,500,1,1,157.13002864638403
985,9,1,0.001,500,1,3,442.86047908333813
986,9,1,0.001,500,2,1,194.82785893763486
987,9,1,0.001,500,2,3,1145.3382940874633
988,9,1,0.001,500,4,1,219.69675074859245
989,9,1,0.001,500,4,3,2005.411568422818
990,9,1,0.01,100,1,1,1313.2991404386469
991,9,1,0.01,100,1,3,4271.608959315419
992,9,1,0.01,100,2,1,721.5222124444693
993,9,1,0.01,100,2,3,2012.1844520425511
994,9,1,0.01,100,4,1,289.016533772909
995,9,1,0.01,100,4,3,2978.114474993114
996,9,1,0.01,300,1,1,291.6037020939522
997,9,1,0.01,300,1,3,682.3379023990723
998,9,1,0.01,300,2,1,245.5194737000205
999,9,1,0.01,300,2,3,1575.5334363528548
1000,9,1,0.01,300,4,1,273.57140959189104
1001,9,1,0.01,300,4,3,2253.997826119624
1002,9,1,0.01,500,1,1,162.6715680670184
1003,9,1,0.01,500,1,3,413.3807727199168
1004,9,1,0.01,500,2,1,170.2423637118992
1005,9,1,0.01,500,2,3,767.438278409708
1006,9,1,0.01,500,4,1,170.0877280693338
1007,9,1,0.01,500,4,3,1411.4003020792609
1008,9,2,0.001,100,1,1,599.17999314409
1009,9,2,0.001,100,1,3,657.7536953330267
1010,9,2,0.001,100,2,1,314.11738487461304
1011,9,2,0.001,100,2,3,841.166347698119
1012,9,2,0.001,100,4,1,140.0631601193287
1013,9,2,0.001,100,4,3,2188.3201851648455
1014,9,2,0.001,300,1,1,87.94882824715992
1015,9,2,0.001,300,1,3,338.4746590266476
1016,9,2,0.001,300,2,1,111.48122492843234
1017,9,2,0.001,300,2,3,986.209253120003
1018,9,2,0.001,300,4,1,152.76519631774414
1019,9,2,0.001,300,4,3,1816.8962361934641
1020,9,2,0.001,500,1,1,88.50747967203931
1021,9,2,0.001,500,1,3,222.8452222193802
1022,9,2,0.001,500,2,1,94.06882980233632
1023,9,2,0.001,500,2,3,647.164044519527
1024,9,2,0.001,500,4,1,103.02949091144615
1025,9,2,0.001,500,4,3,1336.63969418708
1026,9,2,0.01,100,1,1,326.79999890389666
1027,9,2,0.01,100,1,3,371.46739824824874
1028,9,2,0.01,100,2,1,237.69135296376905
1029,9,2,0.01,100,2,3,584.7543575656582
1030,9,2,0.01,100,4,1,162.60897451619334
1031,9,2,0.01,100,4,3,1024.6456127092968
1032,9,2,0.01,300,1,1,111.68235829332535
1033,9,2,0.01,300,1,3,209.44744321694563
1034,9,2,0.01,300,2,1,129.41838953196586
1035,9,2,0.01,300,2,3,715.4356340664108
1036,9,2,0.01,300,4,1,101.02158738252284
1037,9,2,0.01,300,4,3,1246.047666909323
1038,9,2,0.01,500,1,1,67.30261826315362
1039,9,2,0.01,500,1,3,151.91724947288307
1040,9,2,0.01,500,2,1,77.10115037528638
1041,9,2,0.01,500,2,3,619.6475304843981
1042,9,2,0.01,500,4,1,73.82919560389453
1043,9,2,0.01,500,4,3,927.6565968311014
1044,9,4,0.001,100,1,1,86.98135716132518
1045,9,4,0.001,100,1,3,131.73794181887732
1046,9,4,0.001,100,2,1,102.7452184284316
1047,9,4,0.001,100,2,3,111.5825473550141
1048,9,4,0.001,100,4,1,69.38114779101903
1049,9,4,0.001,100,4,3,296.37395016812843
1050,9,4,0.001,300,1,1,54.77548598305635
1051,9,4,0.001,300,1,3,116.17317765379329
1052,9,4,0.001,300,2,1,50.63080739644361
1053,9,4,0.001,300,2,3,202.91728021490968
1054,9,4,0.001,300,4,1,48.13695853678986
1055,9,4,0.001,300,4,3,199.527306776733
1056,9,4,0.001,500,1,1,49.55187016772766
1057,9,4,0.001,500,1,3,108.02665091689408
1058,9,4,0.001,500,2,1,45.374101173718394
1059,9,4,0.001,500,2,3,200.15289744874016
1060,9,4,0.001,500,4,1,46.43489004745366
1061,9,4,0.001,500,4,3,258.3904184552471
1062,9,4,0.01,100,1,1,49.45684594785446
1063,9,4,0.01,100,1,3,58.47604630000647
1064,9,4,0.01,100,2,1,52.76353040769884
1065,9,4,0.01,100,2,3,118.16376683817249
1066,9,4,0.01,100,4,1,56.27485016742419
1067,9,4,0.01,100,4,3,195.0803575708195
1068,9,4,0.01,300,1,1,47.44935588738289
1069,9,4,0.01,300,1,3,64.67123360458149
1070,9,4,0.01,300,2,1,40.728013536748335
1071,9,4,0.01,300,2,3,85.75098707044519
1072,9,4,0.01,300,4,1,43.550499083615136
1073,9,4,0.01,300,4,3,137.56996876681478
1074,9,4,0.01,500,1,1,35.122911583009575
1075,9,4,0.01,500,1,3,56.57736357201733
1076,9,4,0.01,500,2,1,39.71125057092328
1077,9,4,0.01,500,2,3,92.5916664162205
1078,9,4,0.01,500,4,1,39.29391523994606
1079,9,4,0.01,500,4,3,86.95700050757664
1080,10,1,0.001,100,1,1,2062.3212898306674
1081,10,1,0.001,100,1,3,2567.898606404121
1082,10,1,0.001,100,2,1,471.5736367998197
1083,10,1,0.001,100,2,3,2970.264172213077
1084,10,1,0.001,100,4,1,323.72947269352323
1085,10,1,0.001,100,4,3,3675.996262411209
1086,10,1,0.001,300,1,1,337.4230148424382
1087,10,1,0.001,300,1,3,877.8846730545002
1088,10,1,0.001,300,2,1,279.2910840687768
1089,10,1,0.001,300,2,3,1611.0360106755536
1090,10,1,0.001,300,4,1,295.81785786569895
1091,10,1,0.001,300,4,3,2629.740842560358
1092,10,1,0.001,500,1,1,182.3857962150974
1093,10,1,0.001,500,1,3,477.36828505759235
1094,10,1,0.001,500,2,1,228.55199924857635
1095,10,1,0.001,500,2,3,1061.9753861444203
1096,10,1,0.001,500,4,1,199.3283756470481
1097,10,1,0.001,500,4,3,1951.3708607160504
1098,10,1,0.01,100,1,1,830.4441776214504
1099,10,1,0.01,100,1,3,1544.301213648865
1100,10,1,0.01,100,2,1,547.8670961234081
1101,10,1,0.01,100,2,3,1801.5826723819457
1102,10,1,0.01,100,4,1,293.5223271278935
1103,10,1,0.01,100,4,3,2631.625319117506
1104,10,1,0.01,300,1,1,254.9480628401405
1105,10,1,0.01,300,1,3,676.6606110710568
1106,10,1,0.01,300,2,1,222.0937133392648
1107,10,1,0.01,300,2,3,1436.349214465546
1108,10,1,0.01,300,4,1,206.70642536300917
1109,10,1,0.01,300,4,3,1956.4690055701503
1110,10,1,0.01,500,1,1,177.48627217561923
1111,10,1,0.01,500,1,3,409.7147763616848
1112,10,1,0.01,500,2,1,152.39377224145386
1113,10,1,0.01,500,2,3,874.6231847383501
1114,10,1,0.01,500,4,1,169.41813980702634
1115,10,1,0.01,500,4,3,1130.3492114836897
1116,10,2,0.001,100,1,1,369.1606723017325
1117,10,2,0.001,100,1,3,746.9682288259202
1118,10,2,0.001,100,2,1,484.69853501117046
1119,10,2,0.001,100,2,3,731.7530152339654
1120,10,2,0.001,100,4,1,155.8263924485228
1121,10,2,0.001,100,4,3,2099.4737792477226
1122,10,2,0.001,300,1,1,97.47442082497082
1123,10,2,0.001,300,1,3,319.32549757089805
1124,10,2,0.001,300,2,1,130.56768881502038
1125,10,2,0.001,300,2,3,1043.1684900329574
1126,10,2,0.001,300,4,1,132.75029617951657
1127,10,2,0.001,300,4,3,1540.7607016267996
1128,10,2,0.001,500,1,1,71.31773360423439
1129,10,2,0.001,500,1,3,237.27768817607983
1130,10,2,0.001,500,2,1,118.25933890041937
1131,10,2,0.001,500,2,3,694.0626004007204
1132,10,2,0.001,500,4,1,106.36770456279314
1133,10,2,0.001,500,4,3,971.5281875514362
1134,10,2,0.01,100,1,1,293.23861841073233
1135,10,2,0.01,100,1,3,398.92414636188454
1136,10,2,0.01,100,2,1,156.44963223416028
1137,10,2,0.01,100,2,3,595.3772960540458
1138,10,2,0.01,100,4,1,150.67648563028615
1139,10,2,0.01,100,4,3,1218.3878587118488
1140,10,2,0.01,300,1,1,103.61438589400527
1141,10,2,0.01,300,1,3,216.27049271563814
1142,10,2,0.01,300,2,1,89.6844289532394
1143,10,2,0.01,300,2,3,741.5962804342252
1144,10,2,0.01,300,4,1,154.40493772824428
1145,10,2,0.01,300,4,3,955.7729824532001
1146,10,2,0.01,500,1,1,62.622770725047786
1147,10,2,0.01,500,1,3,160.88490860171007
1148,10,2,0.01,500,2,1,90.17154087674625
1149,10,2,0.01,500,2,3,640.4184510073088
1150,10,2,0.01,500,4,1,86.07500345973136
1151,10,2,0.01,500,4,3,947.1656060351781
1152,10,4,0.001,100,1,1,81.97901522595113
1153,10,4,0.001,100,1,3,173.01193457293354
1154,10,4,0.001,100,2,1,77.06695515727458
1155,10,4,0.001,100,2,3,138.0873073482536
1156,10,4,0.001,100,4,1,54.18093195630773
1157,10,4,0.001,100,4,3,266.03274056409134
1158,10,4,0.001,300,1,1,51.06059575178896
1159,10,4,0.001,300,1,3,100.44475033044493
1160,10,4,0.001,300,2,1,52.92177301547008
1161,10,4,0.001,300,2,3,227.3474222427316
1162,10,4,0.001,300,4,1,48.277362214936
1163,10,4,0.001,300,4,3,215.53219421220214
1164,10,4,0.001,500,1,1,49.961163816098114
1165,10,4,0.001,500,1,3,88.01331753355511
1166,10,4,0.001,500,2,1,38.16136319659621
1167,10,4,0.001,500,2,3,146.11225777442579
1168,10,4,0.001,500,4,1,43.414302826900126
1169,10,4,0.001,500,4,3,172.0761193332358
1170,10,4,0.01,100,1,1,49.19362959135219
1171,10,4,0.01,100,1,3,95.92746321528524
1172,10,4,0.01,100,2,1,64.60005468563972
1173,10,4,0.01,100,2,3,83.43277751370373
1174,10,4,0.01,100,4,1,49.28269642471458
1175,10,4,0.01,100,4,3,145.0040561248034
1176,10,4,0.01,300,1,1,42.948665891737186
1177,10,4,0.01,300,1,3,60.07138840404803
1178,10,4,0.01,300,2,1,47.29327657034906
1179,10,4,0.01,300,2,3,127.39307160874695
1180,10,4,0.01,300,4,1,43.84427611226672
1181,10,4,0.01,300,4,3,103.70425746493994
1182,10,4,0.01,500,1,1,37.58612137933349
1183,10,4,0.01,500,1,3,50.26435703809945
1184,10,4,0.01,500,2,1,39.58856622767356
1185,10,4,0.01,500,2,3,84.94203714065256
1186,10,4,0.01,500,4,1,43.74012370730445
1187,10,4,0.01,500,4,3,116.01596775785113
1188,11,1,0.001,100,1,1,1617.3499276509044
1189,11,1,0.001,100,1,3,3625.0940501269606
1190,11,1,0.001,100,2,1,511.71851610851695
1191,11,1,0.001,100,2,3,3002.3356557427937
1192,11,1,0.001,100,4,1,280.80108562649974
1193,11,1,0.001,100,4,3,4515.2506679133385
1194,11,1,0.001,300,1,1,314.6897559253246
1195,11,1,0.001,300,1,3,1059.830510122806
1196,11,1,0.001,300,2,1,242.81456850653498
1197,11,1,0.001,300,2,3,1612.3055764166688
1198,11,1,0.001,300,4,1,294.18091041940664
1199,11,1,0.001,300,4,3,2748.129098614787
1200,11,1,0.001,500,1,1,181.10549332076272
1201,11,1,0.001,500,1,3,477.84411164503695
1202,11,1,0.001,500,2,1,177.99797104474354
1203,11,1,0.001,500,2,3,1148.7580610004443
1204,11,1,0.001,500,4,1,203.15562551412663
1205,11,1,0.001,500,4,3,1767.5395790299403
1206,11,1,0.01,100,1,1,1629.6163359844613
1207,11,1,0.01,100,1,3,3044.216556908443
1208,11,1,0.01,100,2,1,461.4177803782285
1209,11,1,0.01,100,2,3,3282.350341720247
1210,11,1,0.01,100,4,1,267.37514825092103
1211,11,1,0.01,100,4,3,3502.9932643658917
1212,11,1,0.01,300,1,1,194.65985652132434
1213,11,1,0.01,300,1,3,533.9054248929117
1214,11,1,0.01,300,2,1,235.48142462382847
1215,11,1,0.01,300,2,3,1328.4571481476808
1216,11,1,0.01,300,4,1,246.0424936579765
1217,11,1,0.01,300,4,3,1915.3018651144184
1218,11,1,0.01,500,1,1,141.91666988135833
1219,11,1,0.01,500,1,3,384.36069236888557
1220,11,1,0.01,500,2,1,174.5533208696953
1221,11,1,0.01,500,2,3,795.807542578958
1222,11,1,0.01,500,4,1,156.46816949457087
1223,11,1,0.01,500,4,3,1337.33672281697
1224,11,2,0.001,100,1,1,209.90182965667773
1225,11,2,0.001,100,1,3,993.7190337403632
1226,11,2,0.001,100,2,1,293.39276795844467
1227,11,2,0.001,100,2,3,677.8783321977876
1228,11,2,0.001,100,4,1,152.8143364324149
1229,11,2,0.001,100,4,3,2264.8597790201325
1230,11,2,0.001,300,1,1,85.56194356254541
1231,11,2,0.001,300,1,3,306.1714181945474
1232,11,2,0.001,300,2,1,147.8068268800537
1233,11,2,0.001,300,2,3,1012.6107147118928
1234,11,2,0.001,300,4,1,172.44946835917952
1235,11,2,0.001,300,4,3,1396.4724060502506
1236,11,2,0.001,500,1,1,77.63534242271639
1237,11,2,0.001,500,1,3,244.662148631552
1238,11,2,0.001,500,2,1,92.39518488330533
1239,11,2,0.001,500,2,3,707.2725368059931
1240,11,2,0.001,500,4,1,103.86776064506726
1241,11,2,0.001,500,4,3,1162.3043533463197
1242,11,2,0.01,100,1,1,280.7662197501205
1243,11,2,0.01,100,1,3,332.0326325844263
1244,11,2,0.01,100,2,1,179.49642755972198
1245,11,2,0.01,100,2,3,516.991012232495
1246,11,2,0.01,100,4,1,158.91802568388576
1247,11,2,0.01,100,4,3,1816.9826633961413
1248,11,2,0.01,300,1,1,74.26077672558759
1249,11,2,0.01,300,1,3,340.1411262643709
1250,11,2,0.01,300,2,1,108.10449822564937
1251,11,2,0.01,300,2,3,747.3639225102869
1252,11,2,0.01,300,4,1,125.59514688900639
1253,11,2,0.01,300,4,3,1020.7281257817143
1254,11,2,0.01,500,1,1,55.74487428390212
1255,11,2,0.01,500,1,3,221.56870921328715
1256,11,2,0.01,500,2,1,90.9039921138416
1257,11,2,0.01,500,2,3,417.00684428549107
1258,11,2,0.01,500,4,1,105.05596563857453
1259,11,2,0.01,500,4,3,927.0601308288177
1260,11,4,0.001,100,1,1,88.3442710016166
1261,11,4,0.001,100,1,3,147.313304670019
1262,11,4,0.001,100,2,1,60.518049079081266
1263,11,4,0.001,100,2,3,145.84871219900776
1264,11,4,0.001,100,4,1,60.047232048699286
1265,11,4,0.001,100,4,3,281.66982111437176
1266,11,4,0.001,300,1,1,67.13243359166817
1267,11,4,0.001,300,1,3,104.57537471094813
1268,11,4,0.001,300,2,1,59.188731477970435
1269,11,4,0.001,300,2,3,191.99281278645594
1270,11,4,0.001,300,4,1,61.493878926626785
1271,11,4,0.001,300,4,3,267.6276223001997
1272,11,4,0.001,500,1,1,50.09703193805372
1273,11,4,0.001,500,1,3,102.73928748278169
1274,11,4,0.001,500,2,1,42.644943222411456
1275,11,4,0.001,500,2,3,178.70210821769652
1276,11,4,0.001,500,4,1,41.50765147370929
1277,11,4,0.001,500,4,3,249.44187351174762
1278,11,4,0.01,100,1,1,55.98390369161244
1279,11,4,0.01,100,1,3,84.96384190330711
1280,11,4,0.01,100,2,1,61.21357081214761
1281,11,4,0.01,100,2,3,108.05978899409261
1282,11,4,0.01,100,4,1,56.06427481879244
1283,11,4,0.01,100,4,3,119.77062588629464
1284,11,4,0.01,300,1,1,37.32997424247786
1285,11,4,0.01,300,1,3,75.53473908178673
1286,11,4,0.01,300,2,1,43.67801461461456
1287,11,4,0.01,300,2,3,101.66018265669814
1288,11,4,0.01,300,4,1,46.487170719433976
1289,11,4,0.01,300,4,3,125.2754746732315
1290,11,4,0.01,500,1,1,38.980846358434285
1291,11,4,0.01,500,1,3,53.72025494359121
1292,11,4,0.01,500,2,1,39.917930315755235
1293,11,4,0.01,500,2,3,122.73575138991086
1294,11,4,0.01,500,4,1,45.129268421200905
1295,11,4,0.01,500,4,3,102.87101677356814
1296,12,1,0.001,100,1,1,2278.978225736558
1297,12,1,0.001,100,1,3,2765.5701141011764
1298,12,1,0.001,100,2,1,946.488422211527
1299,12,1,0.001,100,2,3,1629.3985654435862
1300,12,1,0.001,100,4,1,365.8611104590856
1301,12,1,0.001,100,4,3,4273.563825904881
1302,12,1,0.001,300,1,1,279.1483695393761
1303,12,1,0.001,300,1,3,884.707135074109
1304,12,1,0.001,300,2,1,262.9840138793284
1305,12,1,0.001,300,2,3,1554.0388425193996
1306,12,1,0.001,300,4,1,287.36431200619984
1307,12,1,0.001,300,4,3,3447.1889316842644
1308,12,1,0.001,500,1,1,168.35720507030862
1309,12,1,0.001,500,1,3,457.78578107099906
1310,12,1,0.001,500,2,1,181.2938129361685
1311,12,1,0.001,500,2,3,1132.7785920275012
1312,12,1,0.001,500,4,1,201.26744873317833
1313,12,1,0.001,500,4,3,2024.445903297968
1314,12,1,0.01,100,1,1,967.6810436279775
1315,12,1,0.01,100,1,3,2741.565022255835
1316,12,1,0.01,100,2,1,467.23062101063704
1317,12,1,0.01,100,2,3,1690.4575303328565
1318,12,1,0.01,100,4,1,257.17413992029344
1319,12,1,0.01,100,4,3,2881.139161291446
1320,12,1,0.01,300,1,1,235.06842963322305
1321,12,1,0.01,300,1,3,589.84728510431
1322,12,1,0.01,300,2,1,280.73226539630645
1323,12,1,0.01,300,2,3,1162.3607688720083
1324,12,1,0.01,300,4,1,204.44424086597994
1325,12,1,0.01,300,4,3,2599.785903662216
1326,12,1,0.01,500,1,1,138.92028129149654
1327,12,1,0.01,500,1,3,375.88638351433696
1328,12,1,0.01,500,2,1,150.93387951291578
1329,12,1,0.01,500,2,3,878.7842006316764
1330,12,1,0.01,500,4,1,201.74167050906865
1331,12,1,0.01,500,4,3,1437.3789061171183
1332,12,2,0.001,100,1,1,829.1421764530169
1333,12,2,0.001,100,1,3,430.2620867145457
1334,12,2,0.001,100,2,1,225.7972480033107
1335,12,2,0.001,100,2,3,944.6680204646101
1336,12,2,0.001,100,4,1,160.23807197153187
1337,12,2,0.001,100,4,3,1540.2957772255834
1338,12,2,0.001,300,1,1,124.96902403282307
1339,12,2,0.001,300,1,3,297.57680417442356
1340,12,2,0.001,300,2,1,137.1054813719327
1341,12,2,0.001,300,2,3,952.0372103280278
1342,12,2,0.001,300,4,1,151.23837554957328
1343,12,2,0.001,300,4,3,1529.1390007199034
1344,12,2,0.001,500,1,1,78.25546369581316
1345,12,2,0.001,500,1,3,200.8930321579277
1346,12,2,0.001,500,2,1,91.9296086707063
1347,12,2,0.001,500,2,3,649.3466991452075
1348,12,2,0.001,500,4,1,129.80181611345455
1349,12,2,0.001,500,4,3,1236.466942097182
1350,12,2,0.01,100,1,1,503.77896595079255
1351,12,2,0.01,100,1,3,904.4504162217332
1352,12,2,0.01,100,2,1,136.45661462614208
1353,12,2,0.01,100,2,3,691.0364193793433
1354,12,2,0.01,100,4,1,150.91682538930309
1355,12,2,0.01,100,4,3,1548.702320733843
1356,12,2,0.01,300,1,1,79.10254690189231
1357,12,2,0.01,300,1,3,292.3386613170904
1358,12,2,0.01,300,2,1,129.5506268401334
1359,12,2,0.01,300,2,3,746.7481736425481
1360,12,2,0.01,300,4,1,95.85145474337092
1361,12,2,0.01,300,4,3,1110.28009131673
1362,12,2,0.01,500,1,1,61.76547795592453
1363,12,2,0.01,500,1,3,174.65079147709017
1364,12,2,0.01,500,2,1,101.90968968445499
1365,12,2,0.01,500,2,3,459.72111335008265
1366,12,2,0.01,500,4,1,88.43460129104837
1367,12,2,0.01,500,4,3,953.3034151785729
1368,12,4,0.001,100,1,1,88.44479365572201
1369,12,4,0.001,100,1,3,138.56548439108337
1370,12,4,0.001,100,2,1,77.95702885610785
1371,12,4,0.001,100,2,3,128.6012288401418
1372,12,4,0.001,100,4,1,51.88745023736738
1373,12,4,0.001,100,4,3,254.69573234357796
1374,12,4,0.001,300,1,1,107.80049563282941
1375,12,4,0.001,300,1,3,130.70665420312977
1376,12,4,0.001,300,2,1,65.47195108981786
1377,12,4,0.001,300,2,3,280.0630494314186
1378,12,4,0.001,300,4,1,43.63238148800669
1379,12,4,0.001,300,4,3,248.27660443061166
1380,12,4,0.001,500,1,1,49.46400981185293
1381,12,4,0.001,500,1,3,77.01388552520328
1382,12,4,0.001,500,2,1,48.49625250227794
1383,12,4,0.001,500,2,3,145.80174205851398
1384,12,4,0.001,500,4,1,43.67204982810846
1385,12,4,0.001,500,4,3,237.14033913500322
1386,12,4,0.01,100,1,1,56.32286382842414
1387,12,4,0.01,100,1,3,79.70319157083223
1388,12,4,0.01,100,2,1,53.656810874102966
1389,12,4,0.01,100,2,3,110.68171882994686
1390,12,4,0.01,100,4,1,56.55433008244174
1391,12,4,0.01,100,4,3,141.68891517195425
1392,12,4,0.01,300,1,1,43.82358256349936
1393,12,4,0.01,300,1,3,85.52002092323066
1394,12,4,0.01,300,2,1,42.978482827842036
1395,12,4,0.01,300,2,3,115.15059792411824
1396,12,4,0.01,300,4,1,47.057733412928286
1397,12,4,0.01,300,4,3,144.5534068979192
1398,12,4,0.01,500,1,1,36.75578956118331
1399,12,4,0.01,500,1,3,48.88247092041422
1400,12,4,0.01,500,2,1,39.02392902537853
1401,12,4,0.01,500,2,3,76.61786990037434
1402,12,4,0.01,500,4,1,48.95192762356362
1403,12,4,0.01,500,4,3,125.71427141965633
1404,13,1,0.001,100,1,1,3117.6400873577973
1405,13,1,0.001,100,1,3,3924.808476102441
1406,13,1,0.001,100,2,1,984.0077401842375
1407,13,1,0.001,100,2,3,6201.779999544518
1408,13,1,0.001,100,4,1,323.06469594016227
1409,13,1,0.001,100,4,3,3747.6466886095004
1410,13,1,0.001,300,1,1,794.9275890129222
1411,13,1,0.001,300,1,3,793.9039040099989
1412,13,1,0.001,300,2,1,281.8105554072583
1413,13,1,0.001,300,2,3,1764.9363688382175
1414,13,1,0.001,300,4,1,267.8095154244602
1415,13,1,0.001,300,4,3,2613.3048904854672
1416,13,1,0.001,500,1,1,181.23875458192907
1417,13,1,0.001,500,1,3,436.83778941611007
1418,13,1,0.001,500,2,1,226.84606343293413
1419,13,1,0.001,500,2,3,1132.1344714542788
1420,13,1,0.001,500,4,1,211.22467047491693
1421,13,1,0.001,500,4,3,1725.3004368020165
1422,13,1,0.01,100,1,1,1459.1970069763584
1423,13,1,0.01,100,1,3,2514.502901434803
1424,13,1,0.01,100,2,1,541.6227365110249
1425,13,1,0.01,100,2,3,1719.0248675978617
1426,13,1,0.01,100,4,1,296.28285711797866
1427,13,1,0.01,100,4,3,2565.974534008021
1428,13,1,0.01,300,1,1,244.35660082609255
1429,13,1,0.01,300,1,3,599.2177920888819
1430,13,1,0.01,300,2,1,269.3080313985125
1431,13,1,0.01,300,2,3,1263.8889326081733
1432,13,1,0.01,300,4,1,220.31169964766102
1433,13,1,0.01,300,4,3,2492.2552195324283
1434,13,1,0.01,500,1,1,135.11740935330474
1435,13,1,0.01,500,1,3,414.8454329731136
1436,13,1,0.01,500,2,1,169.6114085516535
1437,13,1,0.01,500,2,3,927.5588536318483
1438,13,1,0.01,500,4,1,172.0685288779282
1439,13,1,0.01,500,4,3,1576.8770982759384
1440,13,2,0.001,100,1,1,471.96060357354384
1441,13,2,0.001,100,1,3,669.6706583664584
1442,13,2,0.001,100,2,1,163.99656792503552
1443,13,2,0.001,100,2,3,1202.5879701711294
1444,13,2,0.001,100,4,1,135.58681750121772
1445,13,2,0.001,100,4,3,2851.7370661375453
1446,13,2,0.001,300,1,1,88.13698819408593
1447,13,2,0.001,300,1,3,271.1435527780515
1448,13,2,0.001,300,2,1,108.50951144455392
1449,13,2,0.001,300,2,3,971.6168096239702
1450,13,2,0.001,300,4,1,163.9233460104906
1451,13,2,0.001,300,4,3,1676.1630581467152
1452,13,2,0.001,500,1,1,77.68009821492855
1453,13,2,0.001,500,1,3,209.1748564994934
1454,13,2,0.001,500,2,1,111.92324941773909
1455,13,2,0.001,500,2,3,663.929720253826
1456,13,2,0.001,500,4,1,126.48890566401231
1457,13,2,0.001,500,4,3,1284.429955954124
1458,13,2,0.01,100,1,1,253.52329513894867
1459,13,2,0.01,100,1,3,678.5415140350772
1460,13,2,0.01,100,2,1,163.19897748288432
1461,13,2,0.01,100,2,3,680.4330472407177
1462,13,2,0.01,100,4,1,132.4926492166299
1463,13,2,0.01,100,4,3,1056.8736244114687
1464,13,2,0.01,300,1,1,84.6149171296193
1465,13,2,0.01,300,1,3,233.11591944497408
1466,13,2,0.01,300,2,1,88.91090785928564
1467,13,2,0.01,300,2,3,783.5440916642196
1468,13,2,0.01,300,4,1,102.68273148090927
1469,13,2,0.01,300,4,3,970.4804214110412
1470,13,2,0.01,500,1,1,72.68271515231338
1471,13,2,0.01,500,1,3,180.79915781916145
1472,13,2,0.01,500,2,1,91.61213697233514
1473,13,2,0.01,500,2,3,627.6734339254095
1474,13,2,0.01,500,4,1,84.70052840963876
1475,13,2,0.01,500,4,3,879.8915262760189
1476,13,4,0.001,100,1,1,137.64071156917987
1477,13,4,0.001,100,1,3,173.27744931711322
1478,13,4,0.001,100,2,1,72.07304529047785
1479,13,4,0.001,100,2,3,153.65028008943304
1480,13,4,0.001,100,4,1,43.79999527362995
1481,13,4,0.001,100,4,3,283.297030467502
1482,13,4,0.001,300,1,1,60.97127098045192
1483,13,4,0.001,300,1,3,97.76768301746789
1484,13,4,0.001,300,2,1,58.761284106120435
1485,13,4,0.001,300,2,3,160.91047872038789
1486,13,4,0.001,300,4,1,49.550456941253266
1487,13,4,0.001,300,4,3,370.8478557544993
1488,13,4,0.001,500,1,1,39.41086302098947
1489,13,4,0.001,500,1,3,88.2491411480752
1490,13,4,0.001,500,2,1,44.78678116158203
1491,13,4,0.001,500,2,3,158.69111566001266
1492,13,4,0.001,500,4,1,43.29373189807551
1493,13,4,0.001,500,4,3,218.56882644821422
1494,13,4,0.01,100,1,1,47.43886754717008
1495,13,4,0.01,100,1,3,66.31431203971678
1496,13,4,0.01,100,2,1,46.59511892153829
1497,13,4,0.01,100,2,3,123.41870819931471
1498,13,4,0.01,100,4,1,56.15380135849992
1499,13,4,0.01,100,4,3,143.33532378925545
1500,13,4,0.01,300,1,1,45.32127991745054
1501,13,4,0.01,300,1,3,89.69438266777357
1502,13,4,0.01,300,2,1,48.60097408168072
1503,13,4,0.01,300,2,3,104.2416050719824
1504,13,4,0.01,300,4,1,46.86905391115279
1505,13,4,0.01,300,4,3,114.38072785027977
1506,13,4,0.01,500,1,1,33.28922221734785
1507,13,4,0.01,500,1,3,54.10836242575494
1508,13,4,0.01,500,2,1,36.27446011663999
1509,13,4,0.01,500,2,3,102.47269378984849
1510,13,4,0.01,500,4,1,31.114192351161876
1511,13,4,0.01,500,4,3,144.121842621444
1512,14,1,0.001,100,1,1,3000.218555191654
1513,14,1,0.001,100,1,3,2718.684503412942
1514,14,1,0.001,100,2,1,767.9856912369836
1515,14,1,0.001,100,2,3,1994.7681878637056
1516,14,1,0.001,100,4,1,373.72807689508943
1517,14,1,0.001,100,4,3,4213.14999086225
1518,14,1,0.001,300,1,1,299.28875725582225
1519,14,1,0.001,300,1,3,601.0638281969134
1520,14,1,0.001,300,2,1,453.42666058174945
1521,14,1,0.001,300,2,3,1974.77114814098
1522,14,1,0.001,300,4,1,269.05062327469756
1523,14,1,0.001,300,4,3,2790.271178000074
1524,14,1,0.001,500,1,1,177.44219175189122
1525,14,1,0.001,500,1,3,488.15343096110144
1526,14,1,0.001,500,2,1,222.56286022864
1527,14,1,0.001,500,2,3,1002.2807047228338
1528,14,1,0.001,500,4,1,217.49416975478277
1529,14,1,0.001,500,4,3,1283.201476995129
1530,14,1,0.01,100,1,1,1729.0432418275034
1531,14,1,0.01,100,1,3,2699.1844485744255
1532,14,1,0.01,100,2,1,446.90736217887934
1533,14,1,0.01,100,2,3,2358.682771686049
1534,14,1,0.01,100,4,1,261.47521792937243
1535,14,1,0.01,100,4,3,3825.968939361244
1536,14,1,0.01,300,1,1,306.4013554273642
1537,14,1,0.01,300,1,3,596.4726577975183
1538,14,1,0.01,300,2,1,240.312734505499
1539,14,1,0.01,300,2,3,1546.582984616812
1540,14,1,0.01,300,4,1,241.1762056635591
1541,14,1,0.01,300,4,3,1929.9040803983337
1542,14,1,0.01,500,1,1,152.31252284915567
1543,14,1,0.01,500,1,3,400.60663072070537
1544,14,1,0.01,500,2,1,151.4489305268433
1545,14,1,0.01,500,2,3,821.2691295532226
1546,14,1,0.01,500,4,1,160.45380707069955
1547,14,1,0.01,500,4,3,1384.800830721017
1548,14,2,0.001,100,1,1,689.8210767099374
1549,14,2,0.001,100,1,3,1648.1370964769305
1550,14,2,0.001,100,2,1,218.86356887363743
1551,14,2,0.001,100,2,3,1003.1028538161625
1552,14,2,0.001,100,4,1,141.63382673444028
1553,14,2,0.001,100,4,3,1536.259068622557
1554,14,2,0.001,300,1,1,101.91408265116387
1555,14,2,0.001,300,1,3,264.22102092023874
1556,14,2,0.001,300,2,1,108.17885357640806
1557,14,2,0.001,300,2,3,947.3078216943068
1558,14,2,0.001,300,4,1,141.68236984379777
1559,14,2,0.001,300,4,3,1476.4602902670858
1560,14,2,0.001,500,1,1,98.58038702467692
1561,14,2,0.001,500,1,3,249.64510728574533
1562,14,2,0.001,500,2,1,95.14581743945851
1563,14,2,0.001,500,2,3,675.854321469877
1564,14,2,0.001,500,4,1,112.68268051032602
1565,14,2,0.001,500,4,3,951.3238314991761
1566,14,2,0.01,100,1,1,234.22982691720432
1567,14,2,0.01,100,1,3,501.586394658084
1568,14,2,0.01,100,2,1,178.59596077840848
1569,14,2,0.01,100,2,3,886.243788112945
1570,14,2,0.01,100,4,1,155.10780151496223
1571,14,2,0.01,100,4,3,1211.1037840219522
1572,14,2,0.01,300,1,1,78.43408165980817
1573,14,2,0.01,300,1,3,218.9569878372295
1574,14,2,0.01,300,2,1,126.3020738376823
1575,14,2,0.01,300,2,3,950.7086864157076
1576,14,2,0.01,300,4,1,111.69192645527595
1577,14,2,0.01,300,4,3,1269.1442542774555
1578,14,2,0.01,500,1,1,70.42244126945103
1579,14,2,0.01,500,1,3,154.4143247364186
1580,14,2,0.01,500,2,1,77.63089927527345
1581,14,2,0.01,500,2,3,458.55996049349875
1582,14,2,0.01,500,4,1,104.8733616372972
1583,14,2,0.01,500,4,3,876.5077641753512
1584,14,4,0.001,100,1,1,74.17319748396818
1585,14,4,0.001,100,1,3,128.2903265739529
1586,14,4,0.001,100,2,1,126.11670761023167
1587,14,4,0.001,100,2,3,200.88349580625882
1588,14,4,0.001,100,4,1,65.37253488910969
1589,14,4,0.001,100,4,3,299.84246725432655
1590,14,4,0.001,300,1,1,57.38965070455076
1591,14,4,0.001,300,1,3,115.76938579097747
1592,14,4,0.001,300,2,1,53.17495066282881
1593,14,4,0.001,300,2,3,152.65537170309963
1594,14,4,0.001,300,4,1,51.90960136979365
1595,14,4,0.001,300,4,3,347.80755987769294
1596,14,4,0.001,500,1,1,47.586302157916016
1597,14,4,0.001,500,1,3,110.07966120827231
1598,14,4,0.001,500,2,1,43.49099763935166
1599,14,4,0.001,500,2,3,164.72416453751646
1600,14,4,0.001,500,4,1,45.973445638586846
1601,14,4,0.001,500,4,3,202.33209077440296
1602,14,4,0.01,100,1,1,57.789163262461294
1603,14,4,0.01,100,1,3,67.69533456908636
1604,14,4,0.01,100,2,1,53.367214432026756
1605,14,4,0.01,100,2,3,126.62992419878127
1606,14,4,0.01,100,4,1,58.137067920081805
1607,14,4,0.01,100,4,3,131.4270739643686
1608,14,4,0.01,300,1,1,47.93744187767505
1609,14,4,0.01,300,1,3,73.67899437990339
1610,14,4,0.01,300,2,1,43.89216865186062
1611,14,4,0.01,300,2,3,102.83488632095622
1612,14,4,0.01,300,4,1,44.54230240027601
1613,14,4,0.01,300,4,3,109.92319919131093
1614,14,4,0.01,500,1,1,34.98243833328823
1615,14,4,0.01,500,1,3,45.74356072907492
1616,14,4,0.01,500,2,1,37.358909417265295
1617,14,4,0.01,500,2,3,77.04736813096834
1618,14,4,0.01,500,4,1,38.48197564299687
1619,14,4,0.01,500,4,3,154.37972708810048
1620,15,1,0.001,100,1,1,1783.6522499656298
1621,15,1,0.001,100,1,3,4336.189678361879
1622,15,1,0.001,100,2,1,460.1616066205748
1623,15,1,0.001,100,2,3,2335.9466393261055
1624,15,1,0.001,100,4,1,300.080939769507
1625,15,1,0.001,100,4,3,3837.0472832936653
1626,15,1,0.001,300,1,1,300.4020531458054
1627,15,1,0.001,300,1,3,700.3572099953461
1628,15,1,0.001,300,2,1,247.64754984353436
1629,15,1,0.001,300,2,3,1608.2354483377019
1630,15,1,0.001,300,4,1,272.9905448596398
1631,15,1,0.001,300,4,3,2673.672893338948
1632,15,1,0.001,500,1,1,264.2134132241469
1633,15,1,0.001,500,1,3,517.1545782571924
1634,15,1,0.001,500,2,1,202.22005204200025
1635,15,1,0.001,500,2,3,1284.9498801748232
1636,15,1,0.001,500,4,1,230.9163063557269
1637,15,1,0.001,500,4,3,1932.3710809408535
1638,15,1,0.01,100,1,1,670.5259594010082
1639,15,1,0.01,100,1,3,1335.311676959112
1640,15,1,0.01,100,2,1,419.06799451535005
1641,15,1,0.01,100,2,3,2883.4388763078105
1642,15,1,0.01,100,4,1,400.679111302055
1643,15,1,0.01,100,4,3,2543.8365933047835
1644,15,1,0.01,300,1,1,222.85331339841332
1645,15,1,0.01,300,1,3,511.6654730662196
1646,15,1,0.01,300,2,1,267.2375104682815
1647,15,1,0.01,300,2,3,1434.056920328595
1648,15,1,0.01,300,4,1,244.74487086244412
1649,15,1,0.01,300,4,3,2283.113252793169
1650,15,1,0.01,500,1,1,145.32145747397362
1651,15,1,0.01,500,1,3,413.40898505466413
1652,15,1,0.01,500,2,1,167.4374498123054
1653,15,1,0.01,500,2,3,901.0084928147105
1654,15,1,0.01,500,4,1,150.44346754881605
1655,15,1,0.01,500,4,3,1424.5776722627895
1656,15,2,0.001,100,1,1,718.0526833292303
1657,15,2,0.001,100,1,3,854.3291652362191
1658,15,2,0.001,100,2,1,154.67527913311588
1659,15,2,0.001,100,2,3,865.6724692952445
1660,15,2,0.001,100,4,1,164.77304616271957
1661,15,2,0.001,100,4,3,1268.0217359791225
1662,15,2,0.001,300,1,1,112.54299708350466
1663,15,2,0.001,300,1,3,310.460466959438
1664,15,2,0.001,300,2,1,94.92286803960177
1665,15,2,0.001,300,2,3,979.7104400191803
1666,15,2,0.001,300,4,1,140.56889917924352
1667,15,2,0.001,300,4,3,1801.0906081135336
1668,15,2,0.001,500,1,1,77.26928647896824
1669,15,2,0.001,500,1,3,248.5027806706167
1670,15,2,0.001,500,2,1,105.67295131649172
1671,15,2,0.001,500,2,3,709.0462941363013
1672,15,2,0.001,500,4,1,109.58375715619417
1673,15,2,0.001,500,4,3,1254.6286139432718
1674,15,2,0.01,100,1,1,239.13191301000182
1675,15,2,0.01,100,1,3,460.6044308153629
1676,15,2,0.01,100,2,1,135.915128927388
1677,15,2,0.01,100,2,3,547.9643480806238
1678,15,2,0.01,100,4,1,184.18960695311185
1679,15,2,0.01,100,4,3,1705.5686117372284
1680,15,2,0.01,300,1,1,76.2131794997353
1681,15,2,0.01,300,1,3,238.13212582092126
1682,15,2,0.01,300,2,1,143.77687747139424
1683,15,2,0.01,300,2,3,676.0226265909477
1684,15,2,0.01,300,4,1,104.72044227980457
1685,15,2,0.01,300,4,3,1248.6236097064998
1686,15,2,0.01,500,1,1,56.49123017274726
1687,15,2,0.01,500,1,3,156.79346088921375
1688,15,2,0.01,500,2,1,68.2884754979723
1689,15,2,0.01,500,2,3,473.93825360301213
1690,15,2,0.01,500,4,1,106.64138465350301
1691,15,2,0.01,500,4,3,953.8412794698598
1692,15,4,0.001,100,1,1,76.9098666807814
1693,15,4,0.001,100,1,3,170.02563608052233
1694,15,4,0.001,100,2,1,62.106504874528326
1695,15,4,0.001,100,2,3,137.68092562020144
1696,15,4,0.001,100,4,1,59.63258093139225
1697,15,4,0.001,100,4,3,247.08330214709719
1698,15,4,0.001,300,1,1,71.2574796686524
1699,15,4,0.001,300,1,3,97.60927929504133
1700,15,4,0.001,300,2,1,57.167465084524665
1701,15,4,0.001,300,2,3,180.70085478947593
1702,15,4,0.001,300,4,1,46.7365234968182
1703,15,4,0.001,300,4,3,226.83080771079312
1704,15,4,0.001,500,1,1,46.7232753789799
1705,15,4,0.001,500,1,3,82.79750425172276
1706,15,4,0.001,500,2,1,45.8387318011582
1707,15,4,0.001,500,2,3,163.68412062827204
1708,15,4,0.001,500,4,1,49.022524654945904
1709,15,4,0.001,500,4,3,218.0841782833757
1710,15,4,0.01,100,1,1,55.897596588190495
1711,15,4,0.01,100,1,3,77.84508024690415
1712,15,4,0.01,100,2,1,52.064745187718515
1713,15,4,0.01,100,2,3,97.52480230257274
1714,15,4,0.01,100,4,1,55.761141720984796
1715,15,4,0.01,100,4,3,89.57922316591181
1716,15,4,0.01,300,1,1,41.314081257611264
1717,15,4,0.01,300,1,3,82.69138215942749
1718,15,4,0.01,300,2,1,42.844735957196626
1719,15,4,0.01,300,2,3,99.07018229012105
1720,15,4,0.01,300,4,1,44.992359658123725
1721,15,4,0.01,300,4,3,139.32045829237276
1722,15,4,0.01,500,1,1,43.9452648773554
1723,15,4,0.01,500,1,3,52.356106678523794
1724,15,4,0.01,500,2,1,35.70987112991084
1725,15,4,0.01,500,2,3,96.3715686477533
1726,15,4,0.01,500,4,1,44.511353555930306
1727,15,4,0.01,500,4,3,110.72417132192002
1728,16,1,0.001,100,1,1,1802.4445233441525
1729,16,1,0.001,100,1,3,3854.691175891648
1730,16,1,0.001,100,2,1,4153.344898269194
1731,16,1,0.001,100,2,3,2206.6745191876885
1732,16,1,0.001,100,4,1,298.5937732797121
1733,16,1,0.001,100,4,3,4347.682868105107
1734,16,1,0.001,300,1,1,401.07198539680087
1735,16,1,0.001,300,1,3,744.8727703444922
1736,16,1,0.001,300,2,1,256.60192115611284
1737,16,1,0.001,300,2,3,1583.2503926126344
1738,16,1,0.001,300,4,1,309.88083417306
1739,16,1,0.001,300,4,3,2417.778879064468
1740,16,1,0.001,500,1,1,195.79530661773958
1741,16,1,0.001,500,1,3,468.11885156171616
1742,16,1,0.001,500,2,1,223.65070178612
1743,16,1,0.001,500,2,3,1163.940676638063
1744,16,1,0.001,500,4,1,236.51988185487954
1745,16,1,0.001,500,4,3,1595.9459007303055
1746,16,1,0.01,100,1,1,1574.3256347836916
1747,16,1,0.01,100,1,3,1924.9065851648445
1748,16,1,0.01,100,2,1,740.9376632438275
1749,16,1,0.01,100,2,3,2377.5550094976015
1750,16,1,0.01,100,4,1,277.62160064833546
1751,16,1,0.01,100,4,3,3759.33823414722
1752,16,1,0.01,300,1,1,452.68582312504884
1753,16,1,0.01,300,1,3,772.6861266066013
1754,16,1,0.01,300,2,1,228.80706433312147
1755,16,1,0.01,300,2,3,1265.1191312650133
1756,16,1,0.01,300,4,1,256.48904941541497
1757,16,1,0.01,300,4,3,2207.3309698714975
1758,16,1,0.01,500,1,1,193.75579680259955
1759,16,1,0.01,500,1,3,391.9348220609719
1760,16,1,0.01,500,2,1,229.6214796861048
1761,16,1,0.01,500,2,3,745.9882743814666
1762,16,1,0.01,500,4,1,150.14576169990087
1763,16,1,0.01,500,4,3,1183.9394643426
1764,16,2,0.001,100,1,1,369.32575277133765
1765,16,2,0.001,100,1,3,630.7589314772398
1766,16,2,0.001,100,2,1,236.17232037792866
1767,16,2,0.001,100,2,3,1102.939466720138
1768,16,2,0.001,100,4,1,166.90670525061083
1769,16,2,0.001,100,4,3,2650.1273383896923
1770,16,2,0.001,300,1,1,137.40466724916516
1771,16,2,0.001,300,1,3,301.8196256698421
1772,16,2,0.001,300,2,1,132.76459470182078
1773,16,2,0.001,300,2,3,938.1052055012086
1774,16,2,0.001,300,4,1,140.8963953354467
1775,16,2,0.001,300,4,3,1736.6513712964838
1776,16,2,0.001,500,1,1,76.48585705432278
1777,16,2,0.001,500,1,3,278.75869167358326
1778,16,2,0.001,500,2,1,110.06981442627102
1779,16,2,0.001,500,2,3,678.852035710836
1780,16,2,0.001,500,4,1,121.79402356030057
1781,16,2,0.001,500,4,3,1059.6793622294622
1782,16,2,0.01,100,1,1,151.21362015245506
1783,16,2,0.01,100,1,3,273.8127050470268
1784,16,2,0.01,100,2,1,206.9589826989404
1785,16,2,0.01,100,2,3,647.0112619773831
1786,16,2,0.01,100,4,1,171.1776353908747
1787,16,2,0.01,100,4,3,1258.3086530305668
1788,16,2,0.01,300,1,1,80.26757791332906
1789,16,2,0.01,300,1,3,255.6812167393418
1790,16,2,0.01,300,2,1,121.68855162161032
1791,16,2,0.01,300,2,3,820.473863996492
1792,16,2,0.01,300,4,1,132.02674156615168
1793,16,2,0.01,300,4,3,1238.0606212691862
1794,16,2,0.01,500,1,1,55.01555140090306
1795,16,2,0.01,500,1,3,229.16618317694181
1796,16,2,0.01,500,2,1,82.77012981788056
1797,16,2,0.01,500,2,3,553.5169462603557
1798,16,2,0.01,500,4,1,101.1023498572786
1799,16,2,0.01,500,4,3,995.8435508206608
1800,16,4,0.001,100,1,1,154.1636057357071
1801,16,4,0.001,100,1,3,113.5822561884558
1802,16,4,0.001,100,2,1,61.6546393184745
1803,16,4,0.001,100,2,3,157.06461748345572
1804,16,4,0.001,100,4,1,52.143324283360116
1805,16,4,0.001,100,4,3,373.9857886570841
1806,16,4,0.001,300,1,1,55.091299930727274
1807,16,4,0.001,300,1,3,122.99691694867639
1808,16,4,0.001,300,2,1,46.3897614689091
1809,16,4,0.001,300,2,3,216.57688353670267
1810,16,4,0.001,300,4,1,48.40012080670655
1811,16,4,0.001,300,4,3,222.22456846150126
1812,16,4,0.001,500,1,1,52.21485867012827
1813,16,4,0.001,500,1,3,128.79580489361732
1814,16,4,0.001,500,2,1,37.513157717254764
1815,16,4,0.001,500,2,3,173.24968711700393
1816,16,4,0.001,500,4,1,38.160885048114004
1817,16,4,0.001,500,4,3,252.80852651803573
1818,16,4,0.01,100,1,1,70.52168082947784
1819,16,4,0.01,100,1,3,77.5469390359337
1820,16,4,0.01,100,2,1,46.418030623847706
1821,16,4,0.01,100,2,3,89.94238599315364
1822,16,4,0.01,100,4,1,59.58573774624205
1823,16,4,0.01,100,4,3,149.0874374171723
1824,16,4,0.01,300,1,1,41.1024038440133
1825,16,4,0.01,300,1,3,76.37373829763973
1826,16,4,0.01,300,2,1,42.60881315998908
1827,16,4,0.01,300,2,3,79.05100196723386
1828,16,4,0.01,300,4,1,46.07503720153133
1829,16,4,0.01,300,4,3,153.39525475554268
1830,16,4,0.01,500,1,1,32.39746855303532
1831,16,4,0.01,500,1,3,39.828305501793594
1832,16,4,0.01,500,2,1,48.35022696166985
1833,16,4,0.01,500,2,3,134.83983775629991
1834,16,4,0.01,500,4,1,44.259149972885965
1835,16,4,0.01,500,4,3,121.72423829308727
1836,17,1,0.001,100,1,1,2572.5413870127145
1837,17,1,0.001,100,1,3,3269.977883654545
1838,17,1,0.001,100,2,1,606.7681339345386
1839,17,1,0.001,100,2,3,2697.558917477666
1840,17,1,0.001,100,4,1,384.8256088565402
1841,17,1,0.001,100,4,3,3960.4359465441175
1842,17,1,0.001,300,1,1,329.73992803432435
1843,17,1,0.001,300,1,3,661.2764881451051
1844,17,1,0.001,300,2,1,250.8190572129834
1845,17,1,0.001,300,2,3,1490.1262845480962
1846,17,1,0.001,300,4,1,256.7644008486417
1847,17,1,0.001,300,4,3,2804.657625297872
1848,17,1,0.001,500,1,1,176.5543018223744
1849,17,1,0.001,500,1,3,490.4791331256239
1850,17,1,0.001,500,2,1,204.12971079453914
1851,17,1,0.001,500,2,3,1058.3207723625208
1852,17,1,0.001,500,4,1,223.9125484853112
1853,17,1,0.001,500,4,3,1889.435306436836
1854,17,1,0.01,100,1,1,1429.5205839421344
1855,17,1,0.01,100,1,3,1999.8994231820345
1856,17,1,0.01,100,2,1,550.3930805211705
1857,17,1,0.01,100,2,3,1902.6246270915387
1858,17,1,0.01,100,4,1,314.0280897473952
1859,17,1,0.01,100,4,3,3624.387749853749
1860,17,1,0.01,300,1,1,279.73641258006825
1861,17,1,0.01,300,1,3,635.0261544536138
1862,17,1,0.01,300,2,1,235.60531545694448
1863,17,1,0.01,300,2,3,1265.7571830425502
1864,17,1,0.01,300,4,1,246.32676979138606
1865,17,1,0.01,300,4,3,2043.4915352668984
1866,17,1,0.01,500,1,1,157.13143804356267
1867,17,1,0.01,500,1,3,416.3516955893647
1868,17,1,0.01,500,2,1,181.6108252110541
1869,17,1,0.01,500,2,3,895.7414963828955
1870,17,1,0.01,500,4,1,160.04501111060193
1871,17,1,0.01,500,4,3,1434.2141432271544
1872,17,2,0.001,100,1,1,331.4807449314572
1873,17,2,0.001,100,1,3,753.5163872509297
1874,17,2,0.001,100,2,1,150.5125437527711
1875,17,2,0.001,100,2,3,679.0512658190324
1876,17,2,0.001,100,4,1,154.06718052281175
1877,17,2,0.001,100,4,3,1426.6250819017223
1878,17,2,0.001,300,1,1,154.90201968593888
1879,17,2,0.001,300,1,3,257.78097425575476
1880,17,2,0.001,300,2,1,103.7176366472382
1881,17,2,0.001,300,2,3,986.5384510043524
1882,17,2,0.001,300,4,1,135.66941299385184
1883,17,2,0.001,300,4,3,1716.1750710498513
1884,17,2,0.001,500,1,1,98.03608468511938
1885,17,2,0.001,500,1,3,256.6067590244751
1886,17,2,0.001,500,2,1,113.8144421619499
1887,17,2,0.001,500,2,3,882.1361265355231
1888,17,2,0.001,500,4,1,99.74350510783538
1889,17,2,0.001,500,4,3,1049.4060137872852
1890,17,2,0.01,100,1,1,614.2667601457445
1891,17,2,0.01,100,1,3,604.9333547285836
1892,17,2,0.01,100,2,1,142.83967116281005
1893,17,2,0.01,100,2,3,848.7195794028187
1894,17,2,0.01,100,4,1,151.5486994193617
1895,17,2,0.01,100,4,3,1599.2963239197468
1896,17,2,0.01,300,1,1,118.66419526076473
1897,17,2,0.01,300,1,3,251.0934840471968
1898,17,2,0.01,300,2,1,113.43365332678569
1899,17,2,0.01,300,2,3,900.657479511213
1900,17,2,0.01,300,4,1,102.31507495600326
1901,17,2,0.01,300,4,3,885.6704375801688
1902,17,2,0.01,500,1,1,81.75535113722646
1903,17,2,0.01,500,1,3,185.15110136346715
1904,17,2,0.01,500,2,1,70.62427118263524
1905,17,2,0.01,500,2,3,472.46261434930574
1906,17,2,0.01,500,4,1,87.49756763040959
1907,17,2,0.01,500,4,3,941.1850913074327
1908,17,4,0.001,100,1,1,78.7527486619735
1909,17,4,0.001,100,1,3,141.5062651545475
1910,17,4,0.001,100,2,1,70.94823847894394
1911,17,4,0.001,100,2,3,180.64756775894796
1912,17,4,0.001,100,4,1,54.07418564088268
1913,17,4,0.001,100,4,3,186.4524783622318
1914,17,4,0.001,300,1,1,57.78258286695517
1915,17,4,0.001,300,1,3,89.21445611139558
1916,17,4,0.001,300,2,1,57.08371444283104
1917,17,4,0.001,300,2,3,203.48117138653552
1918,17,4,0.001,300,4,1,48.5883463497852
1919,17,4,0.001,300,4,3,280.8705699503683
1920,17,4,0.001,500,1,1,55.580500364406696
1921,17,4,0.001,500,1,3,95.51608752184906
1922,17,4,0.001,500,2,1,37.51319265284384
1923,17,4,0.001,500,2,3,179.68784112082338
1924,17,4,0.001,500,4,1,47.8414044799036
1925,17,4,0.001,500,4,3,170.82326988672074
1926,17,4,0.01,100,1,1,77.70055306466331
1927,17,4,0.01,100,1,3,64.89554097099895
1928,17,4,0.01,100,2,1,56.233467339695565
1929,17,4,0.01,100,2,3,84.34885584723939
1930,17,4,0.01,100,4,1,58.74774678520202
1931,17,4,0.01,100,4,3,149.17794135693774
1932,17,4,0.01,300,1,1,44.171666925162796
1933,17,4,0.01,300,1,3,65.80098459200802
1934,17,4,0.01,300,2,1,41.09892596025781
1935,17,4,0.01,300,2,3,72.76782149839214
1936,17,4,0.01,300,4,1,45.60445667246373
1937,17,4,0.01,300,4,3,131.6771252802046
1938,17,4,0.01,500,1,1,29.75791580277365
1939,17,4,0.01,500,1,3,56.22485137689621
1940,17,4,0.01,500,2,1,48.07398253383499
1941,17,4,0.01,500,2,3,87.85636210341835
1942,17,4,0.01,500,4,1,42.93437176354356
1943,17,4,0.01,500,4,3,151.25298684143647
1944,18,1,0.001,100,1,1,1574.8996041535693
1945,18,1,0.001,100,1,3,3482.6225188406293
1946,18,1,0.001,100,2,1,3635.4443293431395
1947,18,1,0.001,100,2,3,1675.8015310219116
1948,18,1,0.001,100,4,1,349.6996711828439
1949,18,1,0.001,100,4,3,5862.495525139633
1950,18,1,0.001,300,1,1,308.22648162936184
1951,18,1,0.001,300,1,3,617.17972274428
1952,18,1,0.001,300,2,1,283.794109031501
1953,18,1,0.001,300,2,3,1696.0812541285331
1954,18,1,0.001,300,4,1,275.88513150668797
1955,18,1,0.001,300,4,3,2798.998770135352
1956,18,1,0.001,500,1,1,157.40247786724328
1957,18,1,0.001,500,1,3,483.473897712809
1958,18,1,0.001,500,2,1,221.29230435652028
1959,18,1,0.001,500,2,3,926.9917175693619
1960,18,1,0.001,500,4,1,208.33269279939725
1961,18,1,0.001,500,4,3,1428.9400136620416
1962,18,1,0.01,100,1,1,1294.9798565726383
1963,18,1,0.01,100,1,3,3182.994295576829
1964,18,1,0.01,100,2,1,420.8389559707556
1965,18,1,0.01,100,2,3,2221.7409279133417
1966,18,1,0.01,100,4,1,294.6261837313322
1967,18,1,0.01,100,4,3,2882.559777799955
1968,18,1,0.01,300,1,1,196.27795993078922
1969,18,1,0.01,300,1,3,540.9541486899791
1970,18,1,0.01,300,2,1,219.78255988999368
1971,18,1,0.01,300,2,3,1492.735279564178
1972,18,1,0.01,300,4,1,231.85030237414855
1973,18,1,0.01,300,4,3,1686.6565911894875
1974,18,1,0.01,500,1,1,134.27414963283059
1975,18,1,0.01,500,1,3,376.361058889088
1976,18,1,0.01,500,2,1,173.81451015543644
1977,18,1,0.01,500,2,3,803.2334594661364
1978,18,1,0.01,500,4,1,177.23048295469397
1979,18,1,0.01,500,4,3,1409.4609280373222
1980,18,2,0.001,100,1,1,279.03838850187844
1981,18,2,0.001,100,1,3,711.4878207679675
1982,18,2,0.001,100,2,1,166.22834741564103
1983,18,2,0.001,100,2,3,723.0602585277534
1984,18,2,0.001,100,4,1,189.9603214725478
1985,18,2,0.001,100,4,3,1627.2508673137388
1986,18,2,0.001,300,1,1,97.99801763528855
1987,18,2,0.001,300,1,3,302.060214163518
1988,18,2,0.001,300,2,1,95.6119703040676
1989,18,2,0.001,300,2,3,1007.6633647016047
1990,18,2,0.001,300,4,1,131.7080336899275
1991,18,2,0.001,300,4,3,1588.0110890434196
1992,18,2,0.001,500,1,1,98.0440601857514
1993,18,2,0.001,500,1,3,218.37649646746715
1994,18,2,0.001,500,2,1,97.33765893712494
1995,18,2,0.001,500,2,3,611.8263136615925
1996,18,2,0.001,500,4,1,95.4261717281547
1997,18,2,0.001,500,4,3,1050.2446892774194
1998,18,2,0.01,100,1,1,338.4680497213589
1999,18,2,0.01,100,1,3,395.4884912151346
2000,18,2,0.01,100,2,1,190.57772246178098
2001,18,2,0.01,100,2,3,571.3450122659752
2002,18,2,0.01,100,4,1,176.3005067584954
2003,18,2,0.01,100,4,3,1320.0647505554145
2004,18,2,0.01,300,1,1,91.78518545161462
2005,18,2,0.01,300,1,3,228.1360314014101
2006,18,2,0.01,300,2,1,116.36050312137876
2007,18,2,0.01,300,2,3,706.5657850725014
2008,18,2,0.01,300,4,1,117.12394964217668
2009,18,2,0.01,300,4,3,927.8533584769341
2010,18,2,0.01,500,1,1,82.47266146038052
2011,18,2,0.01,500,1,3,182.11118257670168
2012,18,2,0.01,500,2,1,84.27032259850301
2013,18,2,0.01,500,2,3,583.6768159034167
2014,18,2,0.01,500,4,1,82.68973929852068
2015,18,2,0.01,500,4,3,776.8826987153112
2016,18,4,0.001,100,1,1,100.38555251351735
2017,18,4,0.001,100,1,3,172.7631910646531
2018,18,4,0.001,100,2,1,72.10909376261637
2019,18,4,0.001,100,2,3,137.19696091065003
2020,18,4,0.001,100,4,1,48.56861432656192
2021,18,4,0.001,100,4,3,337.5174882114082
2022,18,4,0.001,300,1,1,61.45440886415572
2023,18,4,0.001,300,1,3,99.34568337349985
2024,18,4,0.001,300,2,1,49.41706733354654
2025,18,4,0.001,300,2,3,208.3568961118187
2026,18,4,0.001,300,4,1,55.158051608999045
2027,18,4,0.001,300,4,3,200.41099902421192
2028,18,4,0.001,500,1,1,43.978495121120076
2029,18,4,0.001,500,1,3,117.34232299945431
2030,18,4,0.001,500,2,1,49.30197201593571
2031,18,4,0.001,500,2,3,228.88643281826464
2032,18,4,0.001,500,4,1,39.83414276596755
2033,18,4,0.001,500,4,3,187.64551947824233
2034,18,4,0.01,100,1,1,50.30831706089204
2035,18,4,0.01,100,1,3,80.48332279099608
2036,18,4,0.01,100,2,1,44.999460480430365
2037,18,4,0.01,100,2,3,119.76104974304853
2038,18,4,0.01,100,4,1,58.846571580495976
2039,18,4,0.01,100,4,3,129.13514585142863
2040,18,4,0.01,300,1,1,46.285373689156614
2041,18,4,0.01,300,1,3,62.5084264380279
2042,18,4,0.01,300,2,1,40.4038995872653
2043,18,4,0.01,300,2,3,116.13493467641685
2044,18,4,0.01,300,4,1,41.53486599587743
2045,18,4,0.01,300,4,3,155.09043558626723
2046,18,4,0.01,500,1,1,39.27500772217839
2047,18,4,0.01,500,1,3,55.366100290920265
2048,18,4,0.01,500,2,1,38.922091125468775
2049,18,4,0.01,500,2,3,120.80538634232775
2050,18,4,0.01,500,4,1,36.50757824425985
2051,18,4,0.01,500,4,3,123.03002784070182
2052,19,1,0.001,100,1,1,1770.1985080455922
2053,19,1,0.001,100,1,3,2844.397267365324
2054,19,1,0.001,100,2,1,720.029294630472
2055,19,1,0.001,100,2,3,2002.2159028104704
2056,19,1,0.001,100,4,1,330.8657364407153
2057,19,1,0.001,100,4,3,4373.313711834056
2058,19,1,0.001,300,1,1,353.542210752915
2059,19,1,0.001,300,1,3,654.554744389857
2060,19,1,0.001,300,2,1,245.42965001899674
2061,19,1,0.001,300,2,3,1735.6233366323645
2062,19,1,0.001,300,4,1,252.47247423604367
2063,19,1,0.001,300,4,3,2071.526056653162
2064,19,1,0.001,500,1,1,209.67276734928504
2065,19,1,0.001,500,1,3,468.53278732343574
2066,19,1,0.001,500,2,1,224.69336552288615
2067,19,1,0.001,500,2,3,1117.7977233375457
2068,19,1,0.001,500,4,1,205.06674674735262
2069,19,1,0.001,500,4,3,1661.773260459461
2070,19,1,0.01,100,1,1,1139.1933457512384
2071,19,1,0.01,100,1,3,2045.638853440685
2072,19,1,0.01,100,2,1,480.8869545426175
2073,19,1,0.01,100,2,3,2213.1248459556195
2074,19,1,0.01,100,4,1,284.94958587824635
2075,19,1,0.01,100,4,3,3739.0375389699357
2076,19,1,0.01,300,1,1,209.20480871455388
2077,19,1,0.01,300,1,3,617.2700176588934
2078,19,1,0.01,300,2,1,264.3864925515128
2079,19,1,0.01,300,2,3,1372.0250539875747
2080,19,1,0.01,300,4,1,243.9811873904597
2081,19,1,0.01,300,4,3,2950.282012689176
2082,19,1,0.01,500,1,1,147.80690313460852
2083,19,1,0.01,500,1,3,368.62909042382347
2084,19,1,0.01,500,2,1,171.8841422833122
2085,19,1,0.01,500,2,3,790.0813621906643
2086,19,1,0.01,500,4,1,188.4164779866843
2087,19,1,0.01,500,4,3,1061.382991820374
2088,19,2,0.001,100,1,1,309.8420583036302
2089,19,2,0.001,100,1,3,1090.555542848238
2090,19,2,0.001,100,2,1,188.50578850241894
2091,19,2,0.001,100,2,3,1102.6677448740281
2092,19,2,0.001,100,4,1,193.0702132805951
2093,19,2,0.001,100,4,3,2526.670398421569
2094,19,2,0.001,300,1,1,94.03728771063298
2095,19,2,0.001,300,1,3,321.41438171223945
2096,19,2,0.001,300,2,1,147.81004995435146
2097,19,2,0.001,300,2,3,961.7791769163159
2098,19,2,0.001,300,4,1,146.1494914289748
2099,19,2,0.001,300,4,3,1274.4607324199026
2100,19,2,0.001,500,1,1,79.73326618735533
2101,19,2,0.001,500,1,3,253.1954801746091
2102,19,2,0.001,500,2,1,105.06608096142794
2103,19,2,0.001,500,2,3,722.7481295614815
2104,19,2,0.001,500,4,1,108.12489424723474
2105,19,2,0.001,500,4,3,1151.9060366900974
2106,19,2,0.01,100,1,1,702.5133052269288
2107,19,2,0.01,100,1,3,1621.8219502976233
2108,19,2,0.01,100,2,1,193.4970429132298
2109,19,2,0.01,100,2,3,638.9219709243115
2110,19,2,0.01,100,4,1,154.94209591546806
2111,19,2,0.01,100,4,3,1154.2201414408178
2112,19,2,0.01,300,1,1,98.2566544746873
2113,19,2,0.01,300,1,3,233.33779827828678
2114,19,2,0.01,300,2,1,100.68105079306324
2115,19,2,0.01,300,2,3,751.3283598636942
2116,19,2,0.01,300,4,1,119.39679059789913
2117,19,2,0.01,300,4,3,1137.5500595735057
2118,19,2,0.01,500,1,1,54.90478725302089
2119,19,2,0.01,500,1,3,192.3182991804894
2120,19,2,0.01,500,2,1,73.40886683827458
2121,19,2,0.01,500,2,3,494.92374982485165
2122,19,2,0.01,500,4,1,79.99429144986951
2123,19,2,0.01,500,4,3,756.8102244952671
2124,19,4,0.001,100,1,1,149.1965852979088
2125,19,4,0.001,100,1,3,120.24424672352335
2126,19,4,0.001,100,2,1,70.1411422414449
2127,19,4,0.001,100,2,3,102.25155337036102
2128,19,4,0.001,100,4,1,59.302003820074084
2129,19,4,0.001,100,4,3,257.461217902605
2130,19,4,0.001,300,1,1,59.06691760566635
2131,19,4,0.001,300,1,3,110.3333911664928
2132,19,4,0.001,300,2,1,48.831170144709226
2133,19,4,0.001,300,2,3,215.11865238255496
2134,19,4,0.001,300,4,1,47.99025498397736
2135,19,4,0.001,300,4,3,216.2881315009038
2136,19,4,0.001,500,1,1,46.34030721494477
2137,19,4,0.001,500,1,3,86.47827840227822
2138,19,4,0.001,500,2,1,42.805657356836626
2139,19,4,0.001,500,2,3,190.59904796735006
2140,19,4,0.001,500,4,1,47.93588796775593
2141,19,4,0.001,500,4,3,233.6387605911823
2142,19,4,0.01,100,1,1,95.9296089026341
2143,19,4,0.01,100,1,3,84.21601526728523
2144,19,4,0.01,100,2,1,61.7952469555057
2145,19,4,0.01,100,2,3,95.45659571525809
2146,19,4,0.01,100,4,1,58.483171701224016
2147,19,4,0.01,100,4,3,118.44410303904405
2148,19,4,0.01,300,1,1,50.291603365296076
2149,19,4,0.01,300,1,3,73.56263394694143
2150,19,4,0.01,300,2,1,41.2562354583285
2151,19,4,0.01,300,2,3,103.89720291382363
2152,19,4,0.01,300,4,1,46.80369037265023
2153,19,4,0.01,300,4,3,135.33740789354934
2154,19,4,0.01,500,1,1,39.106626878764224
2155,19,4,0.01,500,1,3,58.834463990600256
2156,19,4,0.01,500,2,1,38.839611196398316
2157,19,4,0.01,500,2,3,64.20506266789337
2158,19,4,0.01,500,4,1,39.91483082571319
2159,19,4,0.01,500,4,3,116.96963187082575
