,repetition,num_cell,cell_size,sparse_freq,alpha,error
0,0,100,2,1,0.001,111.35676627277375
1,0,100,2,2,0.001,1297.463624501491
2,0,100,2,5,0.001,2180.0682585421996
3,0,100,5,1,0.001,111.58041646253214
4,0,100,5,2,0.001,1698.1605865697431
5,0,100,5,5,0.001,5877.766511060578
6,0,100,7,1,0.001,118.125140967508
7,0,100,7,2,0.001,1163.9774041067944
8,0,100,7,5,0.001,5649.528675035511
9,0,200,2,1,0.001,115.42076208147802
10,0,200,2,2,0.001,1014.2029038323328
11,0,200,2,5,0.001,2269.441388043039
12,0,200,5,1,0.001,125.35770268321099
13,0,200,5,2,0.001,2035.229493906911
14,0,200,5,5,0.001,6552.8295156227005
15,0,200,7,1,0.001,122.61523549589471
16,0,200,7,2,0.001,1273.4377000010204
17,0,200,7,5,0.001,6444.546769979362
18,0,500,2,1,0.001,117.28655088966876
19,0,500,2,2,0.001,963.3438519790783
20,0,500,2,5,0.001,1362.4793254649683
21,0,500,5,1,0.001,151.45421982878727
22,0,500,5,2,0.001,1280.073983505978
23,0,500,5,5,0.001,3152.5423999215154
24,0,500,7,1,0.001,151.51065062175616
25,0,500,7,2,0.001,1971.111431839665
26,0,500,7,5,0.001,4016.00153537655
27,0,100,2,1,0.01,95.27864922090289
28,0,100,2,2,0.01,618.0583367752951
29,0,100,2,5,0.01,1505.303865330836
30,0,100,5,1,0.01,127.32323954646796
31,0,100,5,2,0.01,335.228893440273
32,0,100,5,5,0.01,3452.8873421245285
33,0,100,7,1,0.01,113.2834292736001
34,0,100,7,2,0.01,477.07910604739675
35,0,100,7,5,0.01,1845.8415373667947
36,0,200,2,1,0.01,76.11035515581368
37,0,200,2,2,0.01,470.00568876939235
38,0,200,2,5,0.01,779.8602464146658
39,0,200,5,1,0.01,94.16126898177762
40,0,200,5,2,0.01,222.79341595513563
41,0,200,5,5,0.01,1106.7989564747813
42,0,200,7,1,0.01,105.73782977174298
43,0,200,7,2,0.01,457.03502335523535
44,0,200,7,5,0.01,2097.5344424095124
45,0,500,2,1,0.01,52.69328208073221
46,0,500,2,2,0.01,36.35045678527857
47,0,500,2,5,0.01,37.376588716325635
48,0,500,5,1,0.01,59.67909797698179
49,0,500,5,2,0.01,13.454686017504649
50,0,500,5,5,0.01,20.6100357875768
51,0,500,7,1,0.01,35.03078224190798
52,0,500,7,2,0.01,12.756348499638076
53,0,500,7,5,0.01,19.012904306929297
54,0,100,2,1,0.1,56.514445726805306
55,0,100,2,2,0.1,99.56550176682785
56,0,100,2,5,0.1,107.96160431987975
57,0,100,5,1,0.1,42.09541005736436
58,0,100,5,2,0.1,93.98210693484076
59,0,100,5,5,0.1,41.300412878443026
60,0,100,7,1,0.1,53.718846787457124
61,0,100,7,2,0.1,121.3392944228705
62,0,100,7,5,0.1,333.69771542950144
63,0,200,2,1,0.1,34.784104153998506
64,0,200,2,2,0.1,46.24042589754762
65,0,200,2,5,0.1,25.010325100821927
66,0,200,5,1,0.1,32.24755610586766
67,0,200,5,2,0.1,20.05514416901844
68,0,200,5,5,0.1,21.59785905406196
69,0,200,7,1,0.1,35.418071527389344
70,0,200,7,2,0.1,31.889613891531646
71,0,200,7,5,0.1,21.759485313731716
72,0,500,2,1,0.1,18.60550520345365
73,0,500,2,2,0.1,14.518703000989776
74,0,500,2,5,0.1,18.293492848047084
75,0,500,5,1,0.1,13.602082519766087
76,0,500,5,2,0.1,14.584123919954498
77,0,500,5,5,0.1,21.404533564851786
78,0,500,7,1,0.1,14.359988048556295
79,0,500,7,2,0.1,14.739492769181494
80,0,500,7,5,0.1,21.39508688282913
81,0,100,2,1,1.0,32.20082849683581
82,0,100,2,2,1.0,26.675351855609563
83,0,100,2,5,1.0,26.519088480446346
84,0,100,5,1,1.0,30.292890251366472
85,0,100,5,2,1.0,27.54006674032213
86,0,100,5,5,1.0,23.406937285723824
87,0,100,7,1,1.0,29.14029904288459
88,0,100,7,2,1.0,26.19660244109731
89,0,100,7,5,1.0,23.248176505529596
90,0,200,2,1,1.0,25.625174140274805
91,0,200,2,2,1.0,20.726123727125433
92,0,200,2,5,1.0,20.866134105710803
93,0,200,5,1,1.0,21.70571736541097
94,0,200,5,2,1.0,19.455660721102998
95,0,200,5,5,1.0,22.685969694525735
96,0,200,7,1,1.0,22.702207473947436
97,0,200,7,2,1.0,19.881054472275547
98,0,200,7,5,1.0,22.933445961925425
99,0,500,2,1,1.0,13.324843099852838
100,0,500,2,2,1.0,15.503543835308124
101,0,500,2,5,1.0,19.4848382644171
102,0,500,5,1,1.0,13.504136683259166
103,0,500,5,2,1.0,17.33686935022662
104,0,500,5,5,1.0,22.414558784041947
105,0,500,7,1,1.0,13.301611844400515
106,0,500,7,2,1.0,17.41386401608346
107,0,500,7,5,1.0,22.936015967660158
108,0,100,2,1,10.0,31.535836564139643
109,0,100,2,2,10.0,24.65924835759871
110,0,100,2,5,10.0,23.977417209238276
111,0,100,5,1,10.0,31.47697559032027
112,0,100,5,2,10.0,23.917684276763648
113,0,100,5,5,10.0,24.353621179319035
114,0,100,7,1,10.0,31.943634898780875
115,0,100,7,2,10.0,24.392733346971458
116,0,100,7,5,10.0,24.705670619347764
117,0,200,2,1,10.0,23.578029062435522
118,0,200,2,2,10.0,21.609001132637122
119,0,200,2,5,10.0,22.01700678017102
120,0,200,5,1,10.0,24.214813759676797
121,0,200,5,2,10.0,21.10119567738804
122,0,200,5,5,10.0,23.872293457833504
123,0,200,7,1,10.0,22.882427738965266
124,0,200,7,2,10.0,20.99405848274294
125,0,200,7,5,10.0,24.485641373269114
126,0,500,2,1,10.0,17.296638537590283
127,0,500,2,2,10.0,18.9549456955965
128,0,500,2,5,10.0,21.13139344263819
129,0,500,5,1,10.0,15.78522466671356
130,0,500,5,2,10.0,19.84956172442906
131,0,500,5,5,10.0,23.691707323561566
132,0,500,7,1,10.0,16.357579143858796
133,0,500,7,2,10.0,20.020353255890676
134,0,500,7,5,10.0,24.514139093442097
135,0,100,2,1,100.0,29.43350960744163
136,0,100,2,2,100.0,26.25001558928391
137,0,100,2,5,100.0,25.65847678358305
138,0,100,5,1,100.0,28.25249089571168
139,0,100,5,2,100.0,24.735456666002598
140,0,100,5,5,100.0,25.846119210132812
141,0,100,7,1,100.0,29.482221559682596
142,0,100,7,2,100.0,24.223527833122155
143,0,100,7,5,100.0,26.995242552215263
144,0,200,2,1,100.0,23.73683908932815
145,0,200,2,2,100.0,23.24572241558669
146,0,200,2,5,100.0,24.569875232398704
147,0,200,5,1,100.0,25.253413776991316
148,0,200,5,2,100.0,23.48330562589797
149,0,200,5,5,100.0,25.665284057302234
150,0,200,7,1,100.0,25.90803674271688
151,0,200,7,2,100.0,23.973205503827884
152,0,200,7,5,100.0,26.285052617389972
153,0,500,2,1,100.0,23.915551691046005
154,0,500,2,2,100.0,22.798719369699505
155,0,500,2,5,100.0,23.456615850015623
156,0,500,5,1,100.0,22.7410831256345
157,0,500,5,2,100.0,22.729507286149516
158,0,500,5,5,100.0,25.413708899011038
159,0,500,7,1,100.0,23.418813933127925
160,0,500,7,2,100.0,23.166456545346
161,0,500,7,5,100.0,26.482075573595274
162,0,100,2,1,1000.0,36.632126494243764
163,0,100,2,2,1000.0,33.503641638275745
164,0,100,2,5,1000.0,31.0275213110643
165,0,100,5,1,1000.0,35.67715497350367
166,0,100,5,2,1000.0,32.018086135061175
167,0,100,5,5,1000.0,31.081473236714178
168,0,100,7,1,1000.0,34.9081114137433
169,0,100,7,2,1000.0,30.843172315432096
170,0,100,7,5,1000.0,30.148013111425396
171,0,200,2,1,1000.0,39.967407164966716
172,0,200,2,2,1000.0,31.840199392610852
173,0,200,2,5,1000.0,29.26443699659759
174,0,200,5,1,1000.0,37.83188889867805
175,0,200,5,2,1000.0,30.337722731116173
176,0,200,5,5,1000.0,29.61774747093006
177,0,200,7,1,1000.0,41.11460038992407
178,0,200,7,2,1000.0,29.727000977052967
179,0,200,7,5,1000.0,30.55524364234798
180,0,500,2,1,1000.0,35.3620874344361
181,0,500,2,2,1000.0,30.262372589916385
182,0,500,2,5,1000.0,28.376659261035403
183,0,500,5,1,1000.0,36.39512895661885
184,0,500,5,2,1000.0,29.530915565031037
185,0,500,5,5,1000.0,29.256520855242915
186,0,500,7,1,1000.0,38.64190176921581
187,0,500,7,2,1000.0,30.18289430762167
188,0,500,7,5,1000.0,30.06803293381275
189,1,100,2,1,0.001,113.30591649125333
190,1,100,2,2,0.001,1310.2203529714286
191,1,100,2,5,0.001,3161.6832055830973
192,1,100,5,1,0.001,131.48458831120038
193,1,100,5,2,0.001,2119.917080233288
194,1,100,5,5,0.001,7098.7904554559345
195,1,100,7,1,0.001,119.31819947655563
196,1,100,7,2,0.001,1935.8888045332621
197,1,100,7,5,0.001,7660.929064526562
198,1,200,2,1,0.001,133.7811839066586
199,1,200,2,2,0.001,1060.8001785012084
200,1,200,2,5,0.001,3005.5668054581934
201,1,200,5,1,0.001,113.59939824527194
202,1,200,5,2,0.001,2490.8059324974456
203,1,200,5,5,0.001,6403.437354512678
204,1,200,7,1,0.001,128.59884945804785
205,1,200,7,2,0.001,1703.5335836188451
206,1,200,7,5,0.001,7499.720416761313
207,1,500,2,1,0.001,126.84503281166657
208,1,500,2,2,0.001,925.2322643472646
209,1,500,2,5,0.001,1667.1964901692145
210,1,500,5,1,0.001,127.15159505133074
211,1,500,5,2,0.001,1137.7077280986489
212,1,500,5,5,0.001,5594.939343474458
213,1,500,7,1,0.001,142.42905323795293
214,1,500,7,2,0.001,2379.2758244121173
215,1,500,7,5,0.001,6030.711524548295
216,1,100,2,1,0.01,106.24616146678477
217,1,100,2,2,0.01,319.71824779042646
218,1,100,2,5,0.01,1114.0122370393583
219,1,100,5,1,0.01,108.53624401416013
220,1,100,5,2,0.01,458.0886005863353
221,1,100,5,5,0.01,1810.7715207523459
222,1,100,7,1,0.01,121.71767030001233
223,1,100,7,2,0.01,635.4454483062995
224,1,100,7,5,0.01,2081.8099244759014
225,1,200,2,1,0.01,71.60252425655412
226,1,200,2,2,0.01,246.15884236229266
227,1,200,2,5,0.01,1053.080847418081
228,1,200,5,1,0.01,89.54357708554389
229,1,200,5,2,0.01,274.48254040468925
230,1,200,5,5,0.01,235.2985207634337
231,1,200,7,1,0.01,99.98533463288537
232,1,200,7,2,0.01,402.43314472419695
233,1,200,7,5,0.01,818.8447516085065
234,1,500,2,1,0.01,52.853320045187175
235,1,500,2,2,0.01,63.51239348868373
236,1,500,2,5,0.01,15.80266248900238
237,1,500,5,1,0.01,46.514188743443306
238,1,500,5,2,0.01,12.839693884413249
239,1,500,5,5,0.01,20.406227907234936
240,1,500,7,1,0.01,48.85244761235426
241,1,500,7,2,0.01,12.63415558074377
242,1,500,7,5,0.01,19.186991597616217
243,1,100,2,1,0.1,63.48891325157489
244,1,100,2,2,0.1,139.49322672914005
245,1,100,2,5,0.1,141.2812559714038
246,1,100,5,1,0.1,54.980450431087064
247,1,100,5,2,0.1,121.08750839756415
248,1,100,5,5,0.1,36.38117047402195
249,1,100,7,1,0.1,44.281884524989174
250,1,100,7,2,0.1,83.58269452969722
251,1,100,7,5,0.1,23.35879722692081
252,1,200,2,1,0.1,33.14850457128831
253,1,200,2,2,0.1,61.57577948157043
254,1,200,2,5,0.1,23.26089940313407
255,1,200,5,1,0.1,34.82659706810518
256,1,200,5,2,0.1,32.29317841629957
257,1,200,5,5,0.1,21.674086564670418
258,1,200,7,1,0.1,27.132726307304612
259,1,200,7,2,0.1,20.802393501891245
260,1,200,7,5,0.1,21.623906321739856
261,1,500,2,1,0.1,14.977696972403313
262,1,500,2,2,0.1,13.44878814897264
263,1,500,2,5,0.1,18.104209819431652
264,1,500,5,1,0.1,14.054143279906718
265,1,500,5,2,0.1,14.563497555342702
266,1,500,5,5,0.1,21.377332049023323
267,1,500,7,1,0.1,15.99872616759181
268,1,500,7,2,0.1,14.497625143946744
269,1,500,7,5,0.1,21.534667685648547
270,1,100,2,1,1.0,32.096269165538985
271,1,100,2,2,1.0,35.07550821978175
272,1,100,2,5,1.0,26.11063369181657
273,1,100,5,1,1.0,29.02009608353434
274,1,100,5,2,1.0,24.405033920600538
275,1,100,5,5,1.0,23.01535760564059
276,1,100,7,1,1.0,28.82598766441345
277,1,100,7,2,1.0,24.266763361374164
278,1,100,7,5,1.0,23.53055008425786
279,1,200,2,1,1.0,26.541739087184435
280,1,200,2,2,1.0,21.168812528929543
281,1,200,2,5,1.0,21.223455965690853
282,1,200,5,1,1.0,22.589568302972562
283,1,200,5,2,1.0,19.20928780621127
284,1,200,5,5,1.0,22.72702693662898
285,1,200,7,1,1.0,22.492304419863334
286,1,200,7,2,1.0,19.795721535157107
287,1,200,7,5,1.0,22.961401152885216
288,1,500,2,1,1.0,14.780460440995013
289,1,500,2,2,1.0,15.463300116732508
290,1,500,2,5,1.0,19.552349197219826
291,1,500,5,1,1.0,13.116940525461297
292,1,500,5,2,1.0,17.46740780866276
293,1,500,5,5,1.0,22.538792650794804
294,1,500,7,1,1.0,13.657301207812019
295,1,500,7,2,1.0,17.647783037000462
296,1,500,7,5,1.0,22.7656550422708
297,1,100,2,1,10.0,29.994035194708673
298,1,100,2,2,10.0,25.508088863330364
299,1,100,2,5,10.0,24.197790928604775
300,1,100,5,1,10.0,29.502924908818304
301,1,100,5,2,10.0,23.656448395662334
302,1,100,5,5,10.0,24.565979186562497
303,1,100,7,1,10.0,29.23338852545857
304,1,100,7,2,10.0,24.275133344812367
305,1,100,7,5,10.0,24.65242229481755
306,1,200,2,1,10.0,24.33468661157396
307,1,200,2,2,10.0,20.938162429555152
308,1,200,2,5,10.0,21.995378470445676
309,1,200,5,1,10.0,23.459021859557954
310,1,200,5,2,10.0,20.910269405861733
311,1,200,5,5,10.0,23.868324904764684
312,1,200,7,1,10.0,21.87492787717961
313,1,200,7,2,10.0,20.79482494619998
314,1,200,7,5,10.0,24.39153709301668
315,1,500,2,1,10.0,17.267926143466404
316,1,500,2,2,10.0,19.270181618075743
317,1,500,2,5,10.0,21.115057685411248
318,1,500,5,1,10.0,17.01826077252401
319,1,500,5,2,10.0,19.943889533061895
320,1,500,5,5,10.0,23.646084446620996
321,1,500,7,1,10.0,15.937094692406593
322,1,500,7,2,10.0,20.362975677272352
323,1,500,7,5,10.0,24.477498620058125
324,1,100,2,1,100.0,31.0619886698879
325,1,100,2,2,100.0,26.411928260397247
326,1,100,2,5,100.0,26.35125761583612
327,1,100,5,1,100.0,27.084344548877805
328,1,100,5,2,100.0,26.63801767671599
329,1,100,5,5,100.0,25.706829949679907
330,1,100,7,1,100.0,28.25038243012906
331,1,100,7,2,100.0,24.729377720514606
332,1,100,7,5,100.0,26.78392839505136
333,1,200,2,1,100.0,25.50500322975669
334,1,200,2,2,100.0,24.721225871265993
335,1,200,2,5,100.0,24.577970254486953
336,1,200,5,1,100.0,25.743057946060866
337,1,200,5,2,100.0,23.549859201096776
338,1,200,5,5,100.0,25.77121081576637
339,1,200,7,1,100.0,24.731065484193092
340,1,200,7,2,100.0,23.745627905276987
341,1,200,7,5,100.0,26.037611938248173
342,1,500,2,1,100.0,22.66786621351486
343,1,500,2,2,100.0,22.547631853694313
344,1,500,2,5,100.0,23.536706502123
345,1,500,5,1,100.0,23.32205913028962
346,1,500,5,2,100.0,22.797677539995156
347,1,500,5,5,100.0,25.758044038256326
348,1,500,7,1,100.0,23.79401103008217
349,1,500,7,2,100.0,22.989576211275583
350,1,500,7,5,100.0,26.040895050952454
351,1,100,2,1,1000.0,38.078600458320444
352,1,100,2,2,1000.0,34.40785463199821
353,1,100,2,5,1000.0,29.03679055326656
354,1,100,5,1,1000.0,39.06316626266644
355,1,100,5,2,1000.0,32.50447616741887
356,1,100,5,5,1000.0,30.31366461920387
357,1,100,7,1,1000.0,42.39576206824184
358,1,100,7,2,1000.0,32.827646891561464
359,1,100,7,5,1000.0,31.655562031463326
360,1,200,2,1,1000.0,36.878508591005044
361,1,200,2,2,1000.0,32.72050452864136
362,1,200,2,5,1000.0,28.506800346421294
363,1,200,5,1,1000.0,37.26067614184137
364,1,200,5,2,1000.0,30.173012481123262
365,1,200,5,5,1000.0,29.72335871904936
366,1,200,7,1,1000.0,42.028680343462824
367,1,200,7,2,1000.0,31.36985708151452
368,1,200,7,5,1000.0,30.473140878335588
369,1,500,2,1,1000.0,36.47579024806141
370,1,500,2,2,1000.0,29.997592585260335
371,1,500,2,5,1000.0,28.19051598755676
372,1,500,5,1,1000.0,36.44898547000903
373,1,500,5,2,1000.0,29.793062883399866
374,1,500,5,5,1000.0,30.012004325925076
375,1,500,7,1,1000.0,40.055032856138254
376,1,500,7,2,1000.0,29.796707118575714
377,1,500,7,5,1000.0,29.96515908962221
378,2,100,2,1,0.001,116.4576322270006
379,2,100,2,2,0.001,1411.7864729196542
380,2,100,2,5,0.001,2727.9138961916956
381,2,100,5,1,0.001,130.56111231419385
382,2,100,5,2,0.001,4232.556979472083
383,2,100,5,5,0.001,8136.950421543099
384,2,100,7,1,0.001,114.28780836011607
385,2,100,7,2,0.001,2049.5861083207096
386,2,100,7,5,0.001,6910.263188910885
387,2,200,2,1,0.001,122.33540044171875
388,2,200,2,2,0.001,863.5914345491104
389,2,200,2,5,0.001,2230.0152016904876
390,2,200,5,1,0.001,146.78308296686268
391,2,200,5,2,0.001,1516.3766398920468
392,2,200,5,5,0.001,5571.9114001925545
393,2,200,7,1,0.001,128.09700075815883
394,2,200,7,2,0.001,1814.8513397245713
395,2,200,7,5,0.001,7160.578316913572
396,2,500,2,1,0.001,116.24808761815692
397,2,500,2,2,0.001,695.7866997024435
398,2,500,2,5,0.001,1522.7416138373994
399,2,500,5,1,0.001,128.0680596585257
400,2,500,5,2,0.001,1505.8201252842705
401,2,500,5,5,0.001,2915.2434745428163
402,2,500,7,1,0.001,125.06989578044644
403,2,500,7,2,0.001,1816.7813514647714
404,2,500,7,5,0.001,3128.6403410307626
405,2,100,2,1,0.01,108.33120164011864
406,2,100,2,2,0.01,305.665853928017
407,2,100,2,5,0.01,1028.6877124148932
408,2,100,5,1,0.01,128.19533709367846
409,2,100,5,2,0.01,235.23386132978442
410,2,100,5,5,0.01,1890.0781435249148
411,2,100,7,1,0.01,95.35786195377847
412,2,100,7,2,0.01,614.4944033178476
413,2,100,7,5,0.01,2600.2808674996386
414,2,200,2,1,0.01,83.78314943469611
415,2,200,2,2,0.01,378.02845372589695
416,2,200,2,5,0.01,876.3702275415488
417,2,200,5,1,0.01,105.30618693710213
418,2,200,5,2,0.01,321.45492984078527
419,2,200,5,5,0.01,274.66434015469287
420,2,200,7,1,0.01,98.013809641441
421,2,200,7,2,0.01,413.6561041973852
422,2,200,7,5,0.01,1637.841374649284
423,2,500,2,1,0.01,60.083644606519144
424,2,500,2,2,0.01,83.4603494984256
425,2,500,2,5,0.01,225.73722221167483
426,2,500,5,1,0.01,47.22643725424896
427,2,500,5,2,0.01,12.57199464154744
428,2,500,5,5,0.01,20.607826305342073
429,2,500,7,1,0.01,49.34163130567065
430,2,500,7,2,0.01,12.945698709594465
431,2,500,7,5,0.01,19.137075912293103
432,2,100,2,1,0.1,49.920286038703196
433,2,100,2,2,0.1,60.90551625722896
434,2,100,2,5,0.1,99.80092591198658
435,2,100,5,1,0.1,60.6456187498361
436,2,100,5,2,0.1,80.79666642667645
437,2,100,5,5,0.1,22.386230750636226
438,2,100,7,1,0.1,43.38504687930613
439,2,100,7,2,0.1,88.3956173753855
440,2,100,7,5,0.1,84.88554681140678
441,2,200,2,1,0.1,44.50667899080919
442,2,200,2,2,0.1,42.9287991972714
443,2,200,2,5,0.1,21.475819645163575
444,2,200,5,1,0.1,27.429795392770178
445,2,200,5,2,0.1,30.27687804894048
446,2,200,5,5,0.1,21.84706181377374
447,2,200,7,1,0.1,37.31918971513468
448,2,200,7,2,0.1,21.805913336452214
449,2,200,7,5,0.1,21.546010744076725
450,2,500,2,1,0.1,21.180833513658897
451,2,500,2,2,0.1,13.885736861770456
452,2,500,2,5,0.1,18.09192379650322
453,2,500,5,1,0.1,14.154488684448038
454,2,500,5,2,0.1,14.733331546454117
455,2,500,5,5,0.1,21.363972806772004
456,2,500,7,1,0.1,13.9200150373076
457,2,500,7,2,0.1,14.959997115579514
458,2,500,7,5,0.1,21.27817098852848
459,2,100,2,1,1.0,31.62086984621829
460,2,100,2,2,1.0,34.356047004398334
461,2,100,2,5,1.0,29.175941154034028
462,2,100,5,1,1.0,29.323667846403115
463,2,100,5,2,1.0,25.473233309285934
464,2,100,5,5,1.0,23.09673760798428
465,2,100,7,1,1.0,32.00933546827596
466,2,100,7,2,1.0,25.72159962122425
467,2,100,7,5,1.0,23.440108795972737
468,2,200,2,1,1.0,26.47698409207868
469,2,200,2,2,1.0,21.163230759588128
470,2,200,2,5,1.0,20.34625866799108
471,2,200,5,1,1.0,24.932917573599948
472,2,200,5,2,1.0,19.37768819110577
473,2,200,5,5,1.0,22.600923016885417
474,2,200,7,1,1.0,22.711492205375475
475,2,200,7,2,1.0,19.79320561322312
476,2,200,7,5,1.0,22.760924367240243
477,2,500,2,1,1.0,13.873794372861035
478,2,500,2,2,1.0,15.972233027339003
479,2,500,2,5,1.0,19.523174515888776
480,2,500,5,1,1.0,12.89092555908839
481,2,500,5,2,1.0,17.249859859061026
482,2,500,5,5,1.0,22.38503506439164
483,2,500,7,1,1.0,13.707267391029115
484,2,500,7,2,1.0,17.671530810161943
485,2,500,7,5,1.0,22.751088238654372
486,2,100,2,1,10.0,32.000963719568865
487,2,100,2,2,10.0,26.627770448774015
488,2,100,2,5,10.0,24.468082994486696
489,2,100,5,1,10.0,27.98435417943095
490,2,100,5,2,10.0,23.447412532168038
491,2,100,5,5,10.0,24.58090899616044
492,2,100,7,1,10.0,28.048391129313245
493,2,100,7,2,10.0,23.709459309448246
494,2,100,7,5,10.0,24.772094138564555
495,2,200,2,1,10.0,24.862146870214442
496,2,200,2,2,10.0,22.08551930785059
497,2,200,2,5,10.0,21.835845261008885
498,2,200,5,1,10.0,22.629914812767456
499,2,200,5,2,10.0,21.16800685439255
500,2,200,5,5,10.0,23.83055803585586
501,2,200,7,1,10.0,22.260730569201105
502,2,200,7,2,10.0,20.839893412189554
503,2,200,7,5,10.0,24.330878800865197
504,2,500,2,1,10.0,16.489899238102616
505,2,500,2,2,10.0,18.901373554716862
506,2,500,2,5,10.0,21.117018053273622
507,2,500,5,1,10.0,16.391528360664505
508,2,500,5,2,10.0,19.861380342157847
509,2,500,5,5,10.0,23.730337235440185
510,2,500,7,1,10.0,16.24062565682421
511,2,500,7,2,10.0,20.090067353333474
512,2,500,7,5,10.0,24.32849078866286
513,2,100,2,1,100.0,34.554747781418214
514,2,100,2,2,100.0,26.00055285952442
515,2,100,2,5,100.0,25.270692438348473
516,2,100,5,1,100.0,31.186056054303034
517,2,100,5,2,100.0,24.86441499758762
518,2,100,5,5,100.0,26.53889059276195
519,2,100,7,1,100.0,28.399876298048472
520,2,100,7,2,100.0,25.119285013879747
521,2,100,7,5,100.0,26.57421236426892
522,2,200,2,1,100.0,25.611683585864284
523,2,200,2,2,100.0,23.57883232106202
524,2,200,2,5,100.0,24.020497936148082
525,2,200,5,1,100.0,25.047483758043715
526,2,200,5,2,100.0,23.10983403405874
527,2,200,5,5,100.0,25.76503427104365
528,2,200,7,1,100.0,26.010581421047185
529,2,200,7,2,100.0,24.25206286074048
530,2,200,7,5,100.0,26.394543463787297
531,2,500,2,1,100.0,22.130860348820896
532,2,500,2,2,100.0,22.199535228959075
533,2,500,2,5,100.0,23.329629797893862
534,2,500,5,1,100.0,23.207772816898864
535,2,500,5,2,100.0,23.085755621044907
536,2,500,5,5,100.0,25.670137617171736
537,2,500,7,1,100.0,23.47857934655834
538,2,500,7,2,100.0,23.249507550648648
539,2,500,7,5,100.0,26.171276560068144
540,2,100,2,1,1000.0,38.58285518793213
541,2,100,2,2,1000.0,29.90251134869133
542,2,100,2,5,1000.0,29.046840145940664
543,2,100,5,1,1000.0,40.92292796912513
544,2,100,5,2,1000.0,30.40222067844342
545,2,100,5,5,1000.0,30.140114070567574
546,2,100,7,1,1000.0,42.710437027577285
547,2,100,7,2,1000.0,32.23347286321074
548,2,100,7,5,1000.0,29.97109451396914
549,2,200,2,1,1000.0,39.260835373357736
550,2,200,2,2,1000.0,33.23887966657215
551,2,200,2,5,1000.0,29.06510590195286
552,2,200,5,1,1000.0,38.28528565156484
553,2,200,5,2,1000.0,29.903657474005982
554,2,200,5,5,1000.0,29.584239096492556
555,2,200,7,1,1000.0,35.91342752633251
556,2,200,7,2,1000.0,30.167475070620153
557,2,200,7,5,1000.0,30.605706401820996
558,2,500,2,1,1000.0,36.50662258138126
559,2,500,2,2,1000.0,30.262872071248754
560,2,500,2,5,1000.0,28.879603764036027
561,2,500,5,1,1000.0,38.99095499844683
562,2,500,5,2,1000.0,29.432337077446235
563,2,500,5,5,1000.0,29.508603496997615
564,2,500,7,1,1000.0,38.54939001218271
565,2,500,7,2,1000.0,29.923278015026753
566,2,500,7,5,1000.0,29.93572493181513
567,3,100,2,1,0.001,133.8451773949118
568,3,100,2,2,0.001,1090.5987583842705
569,3,100,2,5,0.001,2857.667101098207
570,3,100,5,1,0.001,107.7642386176049
571,3,100,5,2,0.001,2225.2420612621363
572,3,100,5,5,0.001,6316.334686301487
573,3,100,7,1,0.001,136.02897055071745
574,3,100,7,2,0.001,1590.4854079224526
575,3,100,7,5,0.001,6793.5569256116905
576,3,200,2,1,0.001,115.30842692798183
577,3,200,2,2,0.001,1320.1576290150904
578,3,200,2,5,0.001,3091.4084625604078
579,3,200,5,1,0.001,122.59063750868181
580,3,200,5,2,0.001,1510.1982043569799
581,3,200,5,5,0.001,7597.240479177566
582,3,200,7,1,0.001,132.77967575025943
583,3,200,7,2,0.001,2190.82628084757
584,3,200,7,5,0.001,7345.415232363445
585,3,500,2,1,0.001,139.30987261589007
586,3,500,2,2,0.001,1035.7037315604591
587,3,500,2,5,0.001,2205.573330078931
588,3,500,5,1,0.001,151.19731362303432
589,3,500,5,2,0.001,1803.4312288474368
590,3,500,5,5,0.001,1928.1587687169913
591,3,500,7,1,0.001,137.48984470464313
592,3,500,7,2,0.001,1924.8890981656734
593,3,500,7,5,0.001,6730.554355104856
594,3,100,2,1,0.01,96.19017067280964
595,3,100,2,2,0.01,290.0355714638362
596,3,100,2,5,0.01,796.2754111111008
597,3,100,5,1,0.01,117.96490364806252
598,3,100,5,2,0.01,250.0566374339409
599,3,100,5,5,0.01,1027.2675084667896
600,3,100,7,1,0.01,129.03434087962685
601,3,100,7,2,0.01,694.7895377042496
602,3,100,7,5,0.01,1222.6921109545808
603,3,200,2,1,0.01,90.29087115448266
604,3,200,2,2,0.01,281.1730446530945
605,3,200,2,5,0.01,689.5805592172497
606,3,200,5,1,0.01,92.36633936935645
607,3,200,5,2,0.01,355.8069289399644
608,3,200,5,5,0.01,1542.3919469029706
609,3,200,7,1,0.01,89.76254320148854
610,3,200,7,2,0.01,484.40591818160317
611,3,200,7,5,0.01,835.8657244639709
612,3,500,2,1,0.01,53.50772982110102
613,3,500,2,2,0.01,48.70179862474554
614,3,500,2,5,0.01,33.14149756465261
615,3,500,5,1,0.01,51.62346326654639
616,3,500,5,2,0.01,12.869669412397434
617,3,500,5,5,0.01,20.44819628929049
618,3,500,7,1,0.01,51.587526124146294
619,3,500,7,2,0.01,12.425888180944742
620,3,500,7,5,0.01,18.87724347490461
621,3,100,2,1,0.1,50.75279466084607
622,3,100,2,2,0.1,73.96009740714277
623,3,100,2,5,0.1,124.75252180517522
624,3,100,5,1,0.1,48.00833286380798
625,3,100,5,2,0.1,67.63289071683708
626,3,100,5,5,0.1,22.85285899697229
627,3,100,7,1,0.1,38.572076890043675
628,3,100,7,2,0.1,75.39213931651112
629,3,100,7,5,0.1,147.78414411514532
630,3,200,2,1,0.1,35.043305782730386
631,3,200,2,2,0.1,32.85066750517844
632,3,200,2,5,0.1,31.13793892167595
633,3,200,5,1,0.1,28.62363470837336
634,3,200,5,2,0.1,20.732696244194013
635,3,200,5,5,0.1,21.542409984403314
636,3,200,7,1,0.1,30.283868552295665
637,3,200,7,2,0.1,24.055372520246404
638,3,200,7,5,0.1,21.883307606850614
639,3,500,2,1,0.1,15.989058389511062
640,3,500,2,2,0.1,13.045825555013595
641,3,500,2,5,0.1,18.314737106522692
642,3,500,5,1,0.1,13.543988462406443
643,3,500,5,2,0.1,14.615800328638791
644,3,500,5,5,0.1,21.308185080502415
645,3,500,7,1,0.1,13.035837402543962
646,3,500,7,2,0.1,14.588622021652887
647,3,500,7,5,0.1,21.347570379823626
648,3,100,2,1,1.0,33.56247012601616
649,3,100,2,2,1.0,26.50723284303329
650,3,100,2,5,1.0,23.905185913957634
651,3,100,5,1,1.0,28.884511533417456
652,3,100,5,2,1.0,26.057849194850686
653,3,100,5,5,1.0,23.00731349653297
654,3,100,7,1,1.0,31.553961493487165
655,3,100,7,2,1.0,25.38744625915766
656,3,100,7,5,1.0,23.396781821978934
657,3,200,2,1,1.0,23.261046532483967
658,3,200,2,2,1.0,20.599494307278476
659,3,200,2,5,1.0,20.869294360070263
660,3,200,5,1,1.0,22.68066113963773
661,3,200,5,2,1.0,20.348488441324232
662,3,200,5,5,1.0,22.569543080983525
663,3,200,7,1,1.0,23.257028246775562
664,3,200,7,2,1.0,19.863671950805966
665,3,200,7,5,1.0,22.864963349150152
666,3,500,2,1,1.0,13.67832325187736
667,3,500,2,2,1.0,15.315969149234617
668,3,500,2,5,1.0,19.714044832222612
669,3,500,5,1,1.0,13.20229156783679
670,3,500,5,2,1.0,17.434514740029545
671,3,500,5,5,1.0,22.516416266992636
672,3,500,7,1,1.0,13.32663901609798
673,3,500,7,2,1.0,17.99550732614186
674,3,500,7,5,1.0,22.787885282193873
675,3,100,2,1,10.0,29.927861029921814
676,3,100,2,2,10.0,27.041370138496312
677,3,100,2,5,10.0,23.721663033125406
678,3,100,5,1,10.0,30.379798473696876
679,3,100,5,2,10.0,24.596333582997808
680,3,100,5,5,10.0,24.078157015647587
681,3,100,7,1,10.0,29.17061105349321
682,3,100,7,2,10.0,24.02420955100843
683,3,100,7,5,10.0,24.506882831756844
684,3,200,2,1,10.0,23.566966773341683
685,3,200,2,2,10.0,21.53146633466422
686,3,200,2,5,10.0,22.458771850986754
687,3,200,5,1,10.0,22.446129334911742
688,3,200,5,2,10.0,20.60319787745517
689,3,200,5,5,10.0,23.958961661881528
690,3,200,7,1,10.0,23.431403322892088
691,3,200,7,2,10.0,20.769113665856512
692,3,200,7,5,10.0,24.66435441007901
693,3,500,2,1,10.0,17.61043386849558
694,3,500,2,2,10.0,19.173544892610582
695,3,500,2,5,10.0,21.150612875437485
696,3,500,5,1,10.0,16.17461272560685
697,3,500,5,2,10.0,19.860290188484655
698,3,500,5,5,10.0,23.669517529512316
699,3,500,7,1,10.0,16.57617524977487
700,3,500,7,2,10.0,19.993471270714114
701,3,500,7,5,10.0,24.2484622019227
702,3,100,2,1,100.0,29.802275522114666
703,3,100,2,2,100.0,26.47093383961646
704,3,100,2,5,100.0,25.302343909961767
705,3,100,5,1,100.0,27.787444219825037
706,3,100,5,2,100.0,24.54270849600015
707,3,100,5,5,100.0,26.24594256316143
708,3,100,7,1,100.0,30.34956082743155
709,3,100,7,2,100.0,24.67101841498739
710,3,100,7,5,100.0,27.3543353524392
711,3,200,2,1,100.0,24.791021433060557
712,3,200,2,2,100.0,23.511026233006778
713,3,200,2,5,100.0,24.296083506856736
714,3,200,5,1,100.0,25.045171785144344
715,3,200,5,2,100.0,23.216989240517087
716,3,200,5,5,100.0,25.732300822971933
717,3,200,7,1,100.0,25.173928389135632
718,3,200,7,2,100.0,23.562205598378984
719,3,200,7,5,100.0,26.451303979501265
720,3,500,2,1,100.0,23.864714207220327
721,3,500,2,2,100.0,22.55092836525252
722,3,500,2,5,100.0,23.495487605397987
723,3,500,5,1,100.0,23.424545935651288
724,3,500,5,2,100.0,22.786453452512543
725,3,500,5,5,100.0,25.60373947906339
726,3,500,7,1,100.0,23.81291322483137
727,3,500,7,2,100.0,22.85089688893055
728,3,500,7,5,100.0,26.524197045460483
729,3,100,2,1,1000.0,38.31529600698491
730,3,100,2,2,1000.0,31.54534821815046
731,3,100,2,5,1000.0,30.02069733629727
732,3,100,5,1,1000.0,38.665407931292336
733,3,100,5,2,1000.0,32.14941675810364
734,3,100,5,5,1000.0,29.959085924397957
735,3,100,7,1,1000.0,41.13736942446382
736,3,100,7,2,1000.0,30.01771834884659
737,3,100,7,5,1000.0,30.054974750106837
738,3,200,2,1,1000.0,33.88234713234959
739,3,200,2,2,1000.0,30.66100387029437
740,3,200,2,5,1000.0,29.450659533009794
741,3,200,5,1,1000.0,36.633438111599844
742,3,200,5,2,1000.0,29.447782194219297
743,3,200,5,5,1000.0,29.55621645640633
744,3,200,7,1,1000.0,39.531439078400645
745,3,200,7,2,1000.0,30.578473934638616
746,3,200,7,5,1000.0,30.61254410586527
747,3,500,2,1,1000.0,37.29369459364687
748,3,500,2,2,1000.0,29.93578530868457
749,3,500,2,5,1000.0,28.346608458844063
750,3,500,5,1,1000.0,35.91627698563376
751,3,500,5,2,1000.0,29.901080094033986
752,3,500,5,5,1000.0,29.13429654832691
753,3,500,7,1,1000.0,38.215732627209526
754,3,500,7,2,1000.0,30.209094243921108
755,3,500,7,5,1000.0,30.059574642817097
756,4,100,2,1,0.001,128.2348862879459
757,4,100,2,2,0.001,1416.9831850580692
758,4,100,2,5,0.001,2674.2726976256995
759,4,100,5,1,0.001,105.01761352229384
760,4,100,5,2,0.001,2020.290395825461
761,4,100,5,5,0.001,6800.987560886806
762,4,100,7,1,0.001,139.28528712963652
763,4,100,7,2,0.001,1672.3074057666777
764,4,100,7,5,0.001,4778.117754667909
765,4,200,2,1,0.001,102.46334137578265
766,4,200,2,2,0.001,1391.4333883730947
767,4,200,2,5,0.001,2874.646110477968
768,4,200,5,1,0.001,137.10758021947768
769,4,200,5,2,0.001,1690.020246465916
770,4,200,5,5,0.001,5829.35300340965
771,4,200,7,1,0.001,128.17397469173878
772,4,200,7,2,0.001,1167.8808233840005
773,4,200,7,5,0.001,5812.775944415139
774,4,500,2,1,0.001,119.82538060835446
775,4,500,2,2,0.001,938.708193599679
776,4,500,2,5,0.001,1610.5140689528182
777,4,500,5,1,0.001,156.07894849993622
778,4,500,5,2,0.001,1826.8163295936988
779,4,500,5,5,0.001,4381.057490725145
780,4,500,7,1,0.001,124.42581371680157
781,4,500,7,2,0.001,1817.9008603988048
782,4,500,7,5,0.001,5316.529962462889
783,4,100,2,1,0.01,105.93349499511001
784,4,100,2,2,0.01,339.60033551421725
785,4,100,2,5,0.01,901.8447837103312
786,4,100,5,1,0.01,111.08822662101099
787,4,100,5,2,0.01,332.18499636168985
788,4,100,5,5,0.01,1140.2967866608928
789,4,100,7,1,0.01,109.33735603132043
790,4,100,7,2,0.01,525.8809140840807
791,4,100,7,5,0.01,2063.9148630235914
792,4,200,2,1,0.01,76.38896181972129
793,4,200,2,2,0.01,484.28115131109803
794,4,200,2,5,0.01,878.2082439038475
795,4,200,5,1,0.01,90.23608067763986
796,4,200,5,2,0.01,455.9416355297819
797,4,200,5,5,0.01,414.86674078278526
798,4,200,7,1,0.01,78.01756679583865
799,4,200,7,2,0.01,369.68300066605855
800,4,200,7,5,0.01,1424.5067755602004
801,4,500,2,1,0.01,49.54920369928772
802,4,500,2,2,0.01,20.367873548157075
803,4,500,2,5,0.01,26.108939145207408
804,4,500,5,1,0.01,67.97801374893852
805,4,500,5,2,0.01,12.886497555703556
806,4,500,5,5,0.01,20.549885046523045
807,4,500,7,1,0.01,42.24537709910878
808,4,500,7,2,0.01,12.897398407150002
809,4,500,7,5,0.01,18.827958212813364
810,4,100,2,1,0.1,48.549502900963326
811,4,100,2,2,0.1,89.2328608420941
812,4,100,2,5,0.1,144.7276137982901
813,4,100,5,1,0.1,58.669567517470924
814,4,100,5,2,0.1,68.95790676009469
815,4,100,5,5,0.1,114.37606855519638
816,4,100,7,1,0.1,52.78097848299003
817,4,100,7,2,0.1,102.30682642136904
818,4,100,7,5,0.1,430.4751803176688
819,4,200,2,1,0.1,42.39939588957815
820,4,200,2,2,0.1,51.909485698358125
821,4,200,2,5,0.1,99.28137218690365
822,4,200,5,1,0.1,32.9875371428099
823,4,200,5,2,0.1,21.82017314429367
824,4,200,5,5,0.1,21.730523063024737
825,4,200,7,1,0.1,33.77653646179921
826,4,200,7,2,0.1,22.97979536977346
827,4,200,7,5,0.1,22.054029123236088
828,4,500,2,1,0.1,15.17928128887789
829,4,500,2,2,0.1,13.296864392731305
830,4,500,2,5,0.1,18.266681779666282
831,4,500,5,1,0.1,15.012511906058732
832,4,500,5,2,0.1,14.297404330348703
833,4,500,5,5,0.1,21.378399668627985
834,4,500,7,1,0.1,12.618524972650027
835,4,500,7,2,0.1,14.650275235574037
836,4,500,7,5,0.1,21.21395546090951
837,4,100,2,1,1.0,33.26126706128218
838,4,100,2,2,1.0,31.92787036997275
839,4,100,2,5,1.0,42.66121808717815
840,4,100,5,1,1.0,28.499446885270164
841,4,100,5,2,1.0,24.64583340723446
842,4,100,5,5,1.0,23.97238238223497
843,4,100,7,1,1.0,30.731969240940607
844,4,100,7,2,1.0,24.108955711383754
845,4,100,7,5,1.0,23.537465774703087
846,4,200,2,1,1.0,22.90495352799678
847,4,200,2,2,1.0,22.56098255930351
848,4,200,2,5,1.0,20.874316119107515
849,4,200,5,1,1.0,22.34182609726888
850,4,200,5,2,1.0,19.564146496891574
851,4,200,5,5,1.0,22.902998655272693
852,4,200,7,1,1.0,23.61445327927235
853,4,200,7,2,1.0,19.360708366318534
854,4,200,7,5,1.0,22.93611363884403
855,4,500,2,1,1.0,15.712098727144507
856,4,500,2,2,1.0,15.883421104553907
857,4,500,2,5,1.0,19.59895464937752
858,4,500,5,1,1.0,12.706774301473244
859,4,500,5,2,1.0,17.326676071843554
860,4,500,5,5,1.0,22.42178138405328
861,4,500,7,1,1.0,13.580029077492396
862,4,500,7,2,1.0,17.70684388268435
863,4,500,7,5,1.0,22.829455970325043
864,4,100,2,1,10.0,31.558344479132916
865,4,100,2,2,10.0,25.928872172853
866,4,100,2,5,10.0,25.76227767547149
867,4,100,5,1,10.0,28.45126744881203
868,4,100,5,2,10.0,23.45665349971306
869,4,100,5,5,10.0,24.362827329769434
870,4,100,7,1,10.0,29.5339632661014
871,4,100,7,2,10.0,23.786553241016865
872,4,100,7,5,10.0,24.826782835586677
873,4,200,2,1,10.0,23.10607698259931
874,4,200,2,2,10.0,21.812013063214515
875,4,200,2,5,10.0,21.66926730331044
876,4,200,5,1,10.0,23.558168472207203
877,4,200,5,2,10.0,20.668869145017826
878,4,200,5,5,10.0,23.912555416330015
879,4,200,7,1,10.0,21.840677786221406
880,4,200,7,2,10.0,20.921260576731516
881,4,200,7,5,10.0,24.54824822372117
882,4,500,2,1,10.0,16.163881458681935
883,4,500,2,2,10.0,19.124728671268933
884,4,500,2,5,10.0,20.93593614277851
885,4,500,5,1,10.0,16.75695447795123
886,4,500,5,2,10.0,19.746953662329716
887,4,500,5,5,10.0,23.67621085700499
888,4,500,7,1,10.0,16.27854715524678
889,4,500,7,2,10.0,19.976034086471
890,4,500,7,5,10.0,24.371641158963175
891,4,100,2,1,100.0,31.247381311365924
892,4,100,2,2,100.0,26.18103116608429
893,4,100,2,5,100.0,26.308916907426052
894,4,100,5,1,100.0,28.446350110981154
895,4,100,5,2,100.0,25.841307964814025
896,4,100,5,5,100.0,26.729646673093832
897,4,100,7,1,100.0,30.132427419257723
898,4,100,7,2,100.0,24.61721446635527
899,4,100,7,5,100.0,26.97386969195808
900,4,200,2,1,100.0,25.061082126563697
901,4,200,2,2,100.0,23.883550296975347
902,4,200,2,5,100.0,24.425768225352545
903,4,200,5,1,100.0,25.303186600763567
904,4,200,5,2,100.0,23.928317186721493
905,4,200,5,5,100.0,25.691770649606173
906,4,200,7,1,100.0,25.09816604196559
907,4,200,7,2,100.0,23.361138058210592
908,4,200,7,5,100.0,26.57765658385756
909,4,500,2,1,100.0,23.15459418277521
910,4,500,2,2,100.0,22.87988320043871
911,4,500,2,5,100.0,23.70381013114587
912,4,500,5,1,100.0,23.587421246473255
913,4,500,5,2,100.0,22.95726169943271
914,4,500,5,5,100.0,25.515106402152604
915,4,500,7,1,100.0,23.579231599445887
916,4,500,7,2,100.0,23.00262996507754
917,4,500,7,5,100.0,26.007645160147508
918,4,100,2,1,1000.0,36.80034624495419
919,4,100,2,2,1000.0,33.205503734151975
920,4,100,2,5,1000.0,31.587138644321517
921,4,100,5,1,1000.0,36.80058143762916
922,4,100,5,2,1000.0,29.851554605398213
923,4,100,5,5,1000.0,30.29012614569059
924,4,100,7,1,1000.0,39.01102287717708
925,4,100,7,2,1000.0,31.08472016008199
926,4,100,7,5,1000.0,30.566298113503937
927,4,200,2,1,1000.0,37.20982215534593
928,4,200,2,2,1000.0,30.317500138108286
929,4,200,2,5,1000.0,28.51966678786837
930,4,200,5,1,1000.0,39.60586915210693
931,4,200,5,2,1000.0,30.318686118615933
932,4,200,5,5,1000.0,29.5571156713801
933,4,200,7,1,1000.0,40.38225936798845
934,4,200,7,2,1000.0,30.48060461197935
935,4,200,7,5,1000.0,30.429649572015613
936,4,500,2,1,1000.0,36.91207301610346
937,4,500,2,2,1000.0,29.555572816619776
938,4,500,2,5,1000.0,28.943381143817536
939,4,500,5,1,1000.0,37.10472331779444
940,4,500,5,2,1000.0,28.747583151893462
941,4,500,5,5,1000.0,29.195428408169747
942,4,500,7,1,1000.0,38.030411770659434
943,4,500,7,2,1000.0,29.493615692969644
944,4,500,7,5,1000.0,29.85413897011624
945,5,100,2,1,0.001,98.78645407469979
946,5,100,2,2,0.001,1183.9936225560562
947,5,100,2,5,0.001,2493.2551670425964
948,5,100,5,1,0.001,139.51302058154963
949,5,100,5,2,0.001,2893.3315642693988
950,5,100,5,5,0.001,5356.015690800114
951,5,100,7,1,0.001,107.75103942154509
952,5,100,7,2,0.001,1584.687706446708
953,5,100,7,5,0.001,5009.522604932429
954,5,200,2,1,0.001,127.31934562518258
955,5,200,2,2,0.001,1072.1073384548697
956,5,200,2,5,0.001,2106.3138782962524
957,5,200,5,1,0.001,108.85007048551458
958,5,200,5,2,0.001,2665.979853171216
959,5,200,5,5,0.001,8568.833750039692
960,5,200,7,1,0.001,118.21774241411775
961,5,200,7,2,0.001,1946.236723754146
962,5,200,7,5,0.001,6734.578157366
963,5,500,2,1,0.001,108.64282475609444
964,5,500,2,2,0.001,907.2068131430352
965,5,500,2,5,0.001,1807.7291807672345
966,5,500,5,1,0.001,158.26463676157516
967,5,500,5,2,0.001,1511.655367710095
968,5,500,5,5,0.001,3664.8940917886234
969,5,500,7,1,0.001,138.0003773388947
970,5,500,7,2,0.001,2004.3431667061295
971,5,500,7,5,0.001,8437.551149619805
972,5,100,2,1,0.01,94.7869226376881
973,5,100,2,2,0.01,345.8090012389737
974,5,100,2,5,0.01,1206.1263652980708
975,5,100,5,1,0.01,94.22504659893814
976,5,100,5,2,0.01,598.2715656625619
977,5,100,5,5,0.01,2474.681525370676
978,5,100,7,1,0.01,117.80178308968864
979,5,100,7,2,0.01,667.6013313611943
980,5,100,7,5,0.01,2555.210604693229
981,5,200,2,1,0.01,79.7586387158571
982,5,200,2,2,0.01,294.17734400429407
983,5,200,2,5,0.01,479.39333241827643
984,5,200,5,1,0.01,90.81524647726201
985,5,200,5,2,0.01,365.46654401287094
986,5,200,5,5,0.01,441.5954917142922
987,5,200,7,1,0.01,86.08512042627835
988,5,200,7,2,0.01,309.52900756183215
989,5,200,7,5,0.01,1865.8680813293788
990,5,500,2,1,0.01,55.295013722435606
991,5,500,2,2,0.01,27.641232217328078
992,5,500,2,5,0.01,15.442886893359134
993,5,500,5,1,0.01,54.00046057341243
994,5,500,5,2,0.01,12.60580924248703
995,5,500,5,5,0.01,20.34490499588073
996,5,500,7,1,0.01,50.7401688111244
997,5,500,7,2,0.01,12.978659220232599
998,5,500,7,5,0.01,19.167623528578993
999,5,100,2,1,0.1,61.32534984109023
1000,5,100,2,2,0.1,82.90957160887156
1001,5,100,2,5,0.1,240.35737804935923
1002,5,100,5,1,0.1,46.2522590886722
1003,5,100,5,2,0.1,54.88964092818966
1004,5,100,5,5,0.1,183.18113954315535
1005,5,100,7,1,0.1,45.11273210617027
1006,5,100,7,2,0.1,118.45333835918886
1007,5,100,7,5,0.1,360.3879491410545
1008,5,200,2,1,0.1,42.81579189970723
1009,5,200,2,2,0.1,39.86903906073519
1010,5,200,2,5,0.1,28.31779006754064
1011,5,200,5,1,0.1,32.967418865852814
1012,5,200,5,2,0.1,27.23746062444711
1013,5,200,5,5,0.1,21.508438082237017
1014,5,200,7,1,0.1,27.283503322591628
1015,5,200,7,2,0.1,21.159171831350495
1016,5,200,7,5,0.1,21.922284089478826
1017,5,500,2,1,0.1,18.35739179968476
1018,5,500,2,2,0.1,13.558690519615384
1019,5,500,2,5,0.1,17.903616602183387
1020,5,500,5,1,0.1,14.776890400008252
1021,5,500,5,2,0.1,14.567826747814406
1022,5,500,5,5,0.1,21.371019276556567
1023,5,500,7,1,0.1,12.950701998726226
1024,5,500,7,2,0.1,14.9479595189536
1025,5,500,7,5,0.1,21.278167750245178
1026,5,100,2,1,1.0,35.86209928414018
1027,5,100,2,2,1.0,26.665994383436654
1028,5,100,2,5,1.0,26.138934745017863
1029,5,100,5,1,1.0,29.825789066126692
1030,5,100,5,2,1.0,24.7854424466939
1031,5,100,5,5,1.0,23.269331230138963
1032,5,100,7,1,1.0,29.143132157728694
1033,5,100,7,2,1.0,25.234632071891422
1034,5,100,7,5,1.0,23.41878880379932
1035,5,200,2,1,1.0,22.58424692793812
1036,5,200,2,2,1.0,21.57375777417187
1037,5,200,2,5,1.0,21.106830228571496
1038,5,200,5,1,1.0,22.08686719355149
1039,5,200,5,2,1.0,19.653274667517298
1040,5,200,5,5,1.0,22.576639819620258
1041,5,200,7,1,1.0,24.167264370472594
1042,5,200,7,2,1.0,19.68931789580683
1043,5,200,7,5,1.0,22.939623022086618
1044,5,500,2,1,1.0,13.35812184416137
1045,5,500,2,2,1.0,15.320138826888696
1046,5,500,2,5,1.0,19.498721789064902
1047,5,500,5,1,1.0,13.491107870705141
1048,5,500,5,2,1.0,17.418636028886436
1049,5,500,5,5,1.0,22.529118786839476
1050,5,500,7,1,1.0,13.439144632599948
1051,5,500,7,2,1.0,17.789946249483037
1052,5,500,7,5,1.0,22.807293478804453
1053,5,100,2,1,10.0,29.769730054788013
1054,5,100,2,2,10.0,25.161349332479134
1055,5,100,2,5,10.0,24.941660739592017
1056,5,100,5,1,10.0,27.470457068182426
1057,5,100,5,2,10.0,23.16630160191802
1058,5,100,5,5,10.0,24.194854011478167
1059,5,100,7,1,10.0,28.63906732443493
1060,5,100,7,2,10.0,24.32922553947194
1061,5,100,7,5,10.0,24.636163268083187
1062,5,200,2,1,10.0,25.04655603144439
1063,5,200,2,2,10.0,21.78864519519384
1064,5,200,2,5,10.0,21.97875662333715
1065,5,200,5,1,10.0,23.1952242353172
1066,5,200,5,2,10.0,20.821392072038666
1067,5,200,5,5,10.0,23.928892658729225
1068,5,200,7,1,10.0,21.147555169455927
1069,5,200,7,2,10.0,20.534224415364342
1070,5,200,7,5,10.0,24.559725905616585
1071,5,500,2,1,10.0,16.827948595087065
1072,5,500,2,2,10.0,18.900312538138184
1073,5,500,2,5,10.0,21.09177545479511
1074,5,500,5,1,10.0,15.952699156425671
1075,5,500,5,2,10.0,19.93731832890091
1076,5,500,5,5,10.0,23.672304481088187
1077,5,500,7,1,10.0,16.24111524428435
1078,5,500,7,2,10.0,19.882435769287447
1079,5,500,7,5,10.0,24.324149752873048
1080,5,100,2,1,100.0,28.61052381916216
1081,5,100,2,2,100.0,26.84404196360825
1082,5,100,2,5,100.0,26.441159476483435
1083,5,100,5,1,100.0,28.739120166233896
1084,5,100,5,2,100.0,25.154947311234093
1085,5,100,5,5,100.0,26.65962805221341
1086,5,100,7,1,100.0,28.172810940907258
1087,5,100,7,2,100.0,25.021494020344672
1088,5,100,7,5,100.0,26.388313410626083
1089,5,200,2,1,100.0,25.012670034188986
1090,5,200,2,2,100.0,23.364004526029802
1091,5,200,2,5,100.0,24.671351243034085
1092,5,200,5,1,100.0,24.77944757827163
1093,5,200,5,2,100.0,23.199085969766827
1094,5,200,5,5,100.0,25.747464570400705
1095,5,200,7,1,100.0,26.25953628330916
1096,5,200,7,2,100.0,23.68686872591996
1097,5,200,7,5,100.0,26.47173208192784
1098,5,500,2,1,100.0,22.96489652443192
1099,5,500,2,2,100.0,22.519797268482783
1100,5,500,2,5,100.0,23.60031759218445
1101,5,500,5,1,100.0,23.129606494222383
1102,5,500,5,2,100.0,22.919845528437783
1103,5,500,5,5,100.0,25.56824021861536
1104,5,500,7,1,100.0,23.526976104234837
1105,5,500,7,2,100.0,23.1637946251846
1106,5,500,7,5,100.0,26.365826593312605
1107,5,100,2,1,1000.0,37.8800827663042
1108,5,100,2,2,1000.0,29.874781333133193
1109,5,100,2,5,1000.0,30.40041657073995
1110,5,100,5,1,1000.0,34.86248782399059
1111,5,100,5,2,1000.0,30.814327876001144
1112,5,100,5,5,1000.0,30.5123463758216
1113,5,100,7,1,1000.0,37.28634922276428
1114,5,100,7,2,1000.0,30.61429334015396
1115,5,100,7,5,1000.0,29.75354572579397
1116,5,200,2,1,1000.0,35.5840846413357
1117,5,200,2,2,1000.0,32.69618062275878
1118,5,200,2,5,1000.0,29.873937272142474
1119,5,200,5,1,1000.0,41.0319396114777
1120,5,200,5,2,1000.0,29.92323824993857
1121,5,200,5,5,1000.0,29.348875295436578
1122,5,200,7,1,1000.0,39.30424179476338
1123,5,200,7,2,1000.0,30.50151761962509
1124,5,200,7,5,1000.0,29.86440817478005
1125,5,500,2,1,1000.0,37.15226733792743
1126,5,500,2,2,1000.0,29.896658434154354
1127,5,500,2,5,1000.0,29.696720952774402
1128,5,500,5,1,1000.0,36.07879903612594
1129,5,500,5,2,1000.0,30.182223151563985
1130,5,500,5,5,1000.0,29.308079137055447
1131,5,500,7,1,1000.0,40.20529996621537
1132,5,500,7,2,1000.0,31.114387938038185
1133,5,500,7,5,1000.0,29.715352019113148
1134,6,100,2,1,0.001,101.28833300839669
1135,6,100,2,2,0.001,1528.756294020698
1136,6,100,2,5,0.001,2548.7206993021196
1137,6,100,5,1,0.001,129.33769301261682
1138,6,100,5,2,0.001,3170.381819580013
1139,6,100,5,5,0.001,8137.919047372231
1140,6,100,7,1,0.001,142.679674504294
1141,6,100,7,2,0.001,1704.9482742649764
1142,6,100,7,5,0.001,5115.612402753401
1143,6,200,2,1,0.001,127.40704625237848
1144,6,200,2,2,0.001,1023.641915998033
1145,6,200,2,5,0.001,2143.031204966212
1146,6,200,5,1,0.001,112.2559894548271
1147,6,200,5,2,0.001,2348.161923779691
1148,6,200,5,5,0.001,4204.715268054081
1149,6,200,7,1,0.001,118.17722183905296
1150,6,200,7,2,0.001,1419.6612131187817
1151,6,200,7,5,0.001,8575.760158175939
1152,6,500,2,1,0.001,134.81813006958248
1153,6,500,2,2,0.001,651.3087660083071
1154,6,500,2,5,0.001,1790.9104785676107
1155,6,500,5,1,0.001,133.00322085582403
1156,6,500,5,2,0.001,1428.423613797594
1157,6,500,5,5,0.001,3520.5231568420977
1158,6,500,7,1,0.001,158.24910991702507
1159,6,500,7,2,0.001,2359.762151778758
1160,6,500,7,5,0.001,4149.558180901565
1161,6,100,2,1,0.01,91.43871616942855
1162,6,100,2,2,0.01,409.84099569784695
1163,6,100,2,5,0.01,1204.8443743697344
1164,6,100,5,1,0.01,122.02800011322338
1165,6,100,5,2,0.01,556.370320497626
1166,6,100,5,5,0.01,1295.9445685529577
1167,6,100,7,1,0.01,119.92006838572632
1168,6,100,7,2,0.01,617.8496430518778
1169,6,100,7,5,0.01,2022.092040860805
1170,6,200,2,1,0.01,80.47946025607894
1171,6,200,2,2,0.01,185.9125061857055
1172,6,200,2,5,0.01,755.9387742221747
1173,6,200,5,1,0.01,100.94747670208726
1174,6,200,5,2,0.01,314.4959236054703
1175,6,200,5,5,0.01,764.5899796828577
1176,6,200,7,1,0.01,106.7908901641341
1177,6,200,7,2,0.01,466.1118918415149
1178,6,200,7,5,0.01,1114.3499729731723
1179,6,500,2,1,0.01,60.048347581800414
1180,6,500,2,2,0.01,20.736759113564002
1181,6,500,2,5,0.01,15.367415672547793
1182,6,500,5,1,0.01,64.48455110357482
1183,6,500,5,2,0.01,12.598181258061572
1184,6,500,5,5,0.01,20.4194146017363
1185,6,500,7,1,0.01,53.541862829075825
1186,6,500,7,2,0.01,12.503190864072875
1187,6,500,7,5,0.01,18.8484753257187
1188,6,100,2,1,0.1,56.33653035960404
1189,6,100,2,2,0.1,61.8641852990179
1190,6,100,2,5,0.1,100.53114786678515
1191,6,100,5,1,0.1,51.11243297860947
1192,6,100,5,2,0.1,80.15117360996791
1193,6,100,5,5,0.1,93.45662544022208
1194,6,100,7,1,0.1,43.324376763639286
1195,6,100,7,2,0.1,88.62210628486251
1196,6,100,7,5,0.1,22.669687279350423
1197,6,200,2,1,0.1,36.20248464938472
1198,6,200,2,2,0.1,52.361718989051596
1199,6,200,2,5,0.1,54.72732175001315
1200,6,200,5,1,0.1,34.31376005769439
1201,6,200,5,2,0.1,33.6634936103093
1202,6,200,5,5,0.1,21.617218143953934
1203,6,200,7,1,0.1,32.022117537602796
1204,6,200,7,2,0.1,34.44780397634178
1205,6,200,7,5,0.1,21.78744863145447
1206,6,500,2,1,0.1,18.47539918938161
1207,6,500,2,2,0.1,13.288689811819925
1208,6,500,2,5,0.1,18.204028234177642
1209,6,500,5,1,0.1,15.139950484378266
1210,6,500,5,2,0.1,14.684269413475418
1211,6,500,5,5,0.1,21.317913278935368
1212,6,500,7,1,0.1,15.429393317441894
1213,6,500,7,2,0.1,14.91588519397888
1214,6,500,7,5,0.1,21.332162224109858
1215,6,100,2,1,1.0,32.635057706938625
1216,6,100,2,2,1.0,30.322755556580663
1217,6,100,2,5,1.0,24.66377326852632
1218,6,100,5,1,1.0,30.89929423923601
1219,6,100,5,2,1.0,25.34060560920052
1220,6,100,5,5,1.0,23.304961146203592
1221,6,100,7,1,1.0,28.232207153587247
1222,6,100,7,2,1.0,23.920601746574757
1223,6,100,7,5,1.0,23.124666154223465
1224,6,200,2,1,1.0,24.606580044060074
1225,6,200,2,2,1.0,20.532806432542703
1226,6,200,2,5,1.0,20.62908382376494
1227,6,200,5,1,1.0,24.19001762706132
1228,6,200,5,2,1.0,19.548602418779254
1229,6,200,5,5,1.0,22.618899139218623
1230,6,200,7,1,1.0,23.00049232087779
1231,6,200,7,2,1.0,19.529781217611465
1232,6,200,7,5,1.0,23.033991452869877
1233,6,500,2,1,1.0,13.685603276090871
1234,6,500,2,2,1.0,15.696625625171704
1235,6,500,2,5,1.0,19.751739816266156
1236,6,500,5,1,1.0,14.010808237290535
1237,6,500,5,2,1.0,17.398519388014794
1238,6,500,5,5,1.0,22.430710426976578
1239,6,500,7,1,1.0,13.474611764731073
1240,6,500,7,2,1.0,17.794395041460238
1241,6,500,7,5,1.0,22.848972973556066
1242,6,100,2,1,10.0,33.183976310016405
1243,6,100,2,2,10.0,25.930140764884975
1244,6,100,2,5,10.0,25.759437248407576
1245,6,100,5,1,10.0,29.908264862606977
1246,6,100,5,2,10.0,24.01175502187058
1247,6,100,5,5,10.0,24.50099062470302
1248,6,100,7,1,10.0,29.659202292268187
1249,6,100,7,2,10.0,23.071866985993346
1250,6,100,7,5,10.0,24.489112922585775
1251,6,200,2,1,10.0,23.572343947845457
1252,6,200,2,2,10.0,20.803007698435557
1253,6,200,2,5,10.0,22.188067770091102
1254,6,200,5,1,10.0,23.84033115293894
1255,6,200,5,2,10.0,20.505293327636682
1256,6,200,5,5,10.0,23.82496403144865
1257,6,200,7,1,10.0,22.5563137090415
1258,6,200,7,2,10.0,21.066479383116675
1259,6,200,7,5,10.0,24.36709647045757
1260,6,500,2,1,10.0,17.916394446517412
1261,6,500,2,2,10.0,19.417179562296777
1262,6,500,2,5,10.0,20.890387733977516
1263,6,500,5,1,10.0,16.902578029869936
1264,6,500,5,2,10.0,20.08277836492574
1265,6,500,5,5,10.0,23.664841216198568
1266,6,500,7,1,10.0,16.455645622758183
1267,6,500,7,2,10.0,20.10722664655206
1268,6,500,7,5,10.0,24.239395963716028
1269,6,100,2,1,100.0,31.439636630443292
1270,6,100,2,2,100.0,27.566671831254784
1271,6,100,2,5,100.0,26.038587271475
1272,6,100,5,1,100.0,28.771497662226817
1273,6,100,5,2,100.0,25.02954342923579
1274,6,100,5,5,100.0,25.73862522471511
1275,6,100,7,1,100.0,30.65187497104923
1276,6,100,7,2,100.0,25.265293022208255
1277,6,100,7,5,100.0,26.615573927758376
1278,6,200,2,1,100.0,27.04061613984638
1279,6,200,2,2,100.0,24.17421590033
1280,6,200,2,5,100.0,24.723981147327315
1281,6,200,5,1,100.0,24.810601379496095
1282,6,200,5,2,100.0,23.451073753416274
1283,6,200,5,5,100.0,25.927970688431767
1284,6,200,7,1,100.0,25.38341064438456
1285,6,200,7,2,100.0,23.65086813861147
1286,6,200,7,5,100.0,26.552985129709825
1287,6,500,2,1,100.0,23.242339931805734
1288,6,500,2,2,100.0,22.52303408077606
1289,6,500,2,5,100.0,23.74652770025565
1290,6,500,5,1,100.0,23.051656858660852
1291,6,500,5,2,100.0,22.575611278586056
1292,6,500,5,5,100.0,25.606153350991367
1293,6,500,7,1,100.0,24.1220542337354
1294,6,500,7,2,100.0,23.08958202451014
1295,6,500,7,5,100.0,26.298884581133663
1296,6,100,2,1,1000.0,36.06439039579248
1297,6,100,2,2,1000.0,30.109655832242755
1298,6,100,2,5,1000.0,30.07434031204728
1299,6,100,5,1,1000.0,37.455765053159524
1300,6,100,5,2,1000.0,29.14474329172116
1301,6,100,5,5,1000.0,29.112964880488374
1302,6,100,7,1,1000.0,39.128310914550866
1303,6,100,7,2,1000.0,29.662412385291663
1304,6,100,7,5,1000.0,30.630302736975533
1305,6,200,2,1,1000.0,37.33248352082539
1306,6,200,2,2,1000.0,29.629582512078418
1307,6,200,2,5,1000.0,29.706310028242235
1308,6,200,5,1,1000.0,39.07021298260236
1309,6,200,5,2,1000.0,29.902481813192885
1310,6,200,5,5,1000.0,29.615360680115565
1311,6,200,7,1,1000.0,39.245490788097996
1312,6,200,7,2,1000.0,29.643354546434235
1313,6,200,7,5,1000.0,30.167060205932163
1314,6,500,2,1,1000.0,36.9818719338573
1315,6,500,2,2,1000.0,30.17080899600614
1316,6,500,2,5,1000.0,28.159011009074316
1317,6,500,5,1,1000.0,37.730349314617385
1318,6,500,5,2,1000.0,28.99355110223198
1319,6,500,5,5,1000.0,29.45867204367736
1320,6,500,7,1,1000.0,41.21573658708177
1321,6,500,7,2,1000.0,29.710258386465537
1322,6,500,7,5,1000.0,30.193600240902054
1323,7,100,2,1,0.001,134.56035828255102
1324,7,100,2,2,0.001,1407.7764621094482
1325,7,100,2,5,0.001,2339.898630688178
1326,7,100,5,1,0.001,137.5098680486122
1327,7,100,5,2,0.001,2346.107229085092
1328,7,100,5,5,0.001,7939.075475217154
1329,7,100,7,1,0.001,116.53740807614936
1330,7,100,7,2,0.001,1070.4173031954922
1331,7,100,7,5,0.001,6043.9023836183105
1332,7,200,2,1,0.001,116.56070627350617
1333,7,200,2,2,0.001,1299.9299662221706
1334,7,200,2,5,0.001,1945.5524774295766
1335,7,200,5,1,0.001,144.7493665611859
1336,7,200,5,2,0.001,2610.3368246200407
1337,7,200,5,5,0.001,4752.313467918436
1338,7,200,7,1,0.001,148.62429578961613
1339,7,200,7,2,0.001,1429.2551505758627
1340,7,200,7,5,0.001,6976.301813576915
1341,7,500,2,1,0.001,115.69482464932699
1342,7,500,2,2,0.001,893.4596804924169
1343,7,500,2,5,0.001,1496.754032297516
1344,7,500,5,1,0.001,162.71413594948638
1345,7,500,5,2,0.001,1390.0033971695518
1346,7,500,5,5,0.001,4469.748822078627
1347,7,500,7,1,0.001,154.44361869596585
1348,7,500,7,2,0.001,1271.783080175702
1349,7,500,7,5,0.001,6960.297394217456
1350,7,100,2,1,0.01,103.42420002817781
1351,7,100,2,2,0.01,656.08906323417
1352,7,100,2,5,0.01,950.3482618169596
1353,7,100,5,1,0.01,106.65017243133698
1354,7,100,5,2,0.01,322.9541264816004
1355,7,100,5,5,0.01,3113.8207588272385
1356,7,100,7,1,0.01,126.77211280993895
1357,7,100,7,2,0.01,498.5751905155268
1358,7,100,7,5,0.01,1594.9224472748613
1359,7,200,2,1,0.01,76.55316516996798
1360,7,200,2,2,0.01,206.7432029115844
1361,7,200,2,5,0.01,581.0097682045588
1362,7,200,5,1,0.01,91.71640383481736
1363,7,200,5,2,0.01,233.9347171419292
1364,7,200,5,5,0.01,412.5915675312063
1365,7,200,7,1,0.01,94.84781801837227
1366,7,200,7,2,0.01,704.2548878598365
1367,7,200,7,5,0.01,965.7063858389315
1368,7,500,2,1,0.01,64.16061573774336
1369,7,500,2,2,0.01,32.708356304154044
1370,7,500,2,5,0.01,76.81918218905939
1371,7,500,5,1,0.01,55.040761177307594
1372,7,500,5,2,0.01,13.043934718642692
1373,7,500,5,5,0.01,20.5700156346705
1374,7,500,7,1,0.01,50.74945494460493
1375,7,500,7,2,0.01,12.815600348169331
1376,7,500,7,5,0.01,18.71040414522015
1377,7,100,2,1,0.1,59.9119780446038
1378,7,100,2,2,0.1,102.61043086817126
1379,7,100,2,5,0.1,144.50923043009945
1380,7,100,5,1,0.1,48.621668948548866
1381,7,100,5,2,0.1,58.68509056177319
1382,7,100,5,5,0.1,88.15986994049594
1383,7,100,7,1,0.1,52.10880035276952
1384,7,100,7,2,0.1,61.73878969000203
1385,7,100,7,5,0.1,22.33997025967453
1386,7,200,2,1,0.1,37.052129125409444
1387,7,200,2,2,0.1,34.262219631750625
1388,7,200,2,5,0.1,29.291014384659476
1389,7,200,5,1,0.1,47.1985037012961
1390,7,200,5,2,0.1,22.43913909836607
1391,7,200,5,5,0.1,21.642527448869366
1392,7,200,7,1,0.1,30.81032212820685
1393,7,200,7,2,0.1,51.056934884686584
1394,7,200,7,5,0.1,21.718475795748752
1395,7,500,2,1,0.1,15.81962884352754
1396,7,500,2,2,0.1,13.163267663576134
1397,7,500,2,5,0.1,18.00685490721344
1398,7,500,5,1,0.1,14.198279166943477
1399,7,500,5,2,0.1,14.6652541512232
1400,7,500,5,5,0.1,21.257828891280028
1401,7,500,7,1,0.1,14.962949549227522
1402,7,500,7,2,0.1,14.653049625876577
1403,7,500,7,5,0.1,21.42450750138214
1404,7,100,2,1,1.0,29.34923590517626
1405,7,100,2,2,1.0,32.17545295517502
1406,7,100,2,5,1.0,26.070446217387197
1407,7,100,5,1,1.0,30.275055903498416
1408,7,100,5,2,1.0,26.895010182741565
1409,7,100,5,5,1.0,23.196664605003527
1410,7,100,7,1,1.0,30.457505778441984
1411,7,100,7,2,1.0,27.123739465461675
1412,7,100,7,5,1.0,23.56581535242934
1413,7,200,2,1,1.0,24.39842419661107
1414,7,200,2,2,1.0,20.768027308435954
1415,7,200,2,5,1.0,20.319368487609598
1416,7,200,5,1,1.0,23.398449533678026
1417,7,200,5,2,1.0,19.751860107994734
1418,7,200,5,5,1.0,22.932750955361023
1419,7,200,7,1,1.0,23.44741175062545
1420,7,200,7,2,1.0,19.72674299424524
1421,7,200,7,5,1.0,22.882014874658104
1422,7,500,2,1,1.0,15.540981028468833
1423,7,500,2,2,1.0,15.367055747396023
1424,7,500,2,5,1.0,19.50505394854123
1425,7,500,5,1,1.0,13.405984434861296
1426,7,500,5,2,1.0,17.40809416329741
1427,7,500,5,5,1.0,22.37694658951814
1428,7,500,7,1,1.0,13.444739035650803
1429,7,500,7,2,1.0,17.64826703712494
1430,7,500,7,5,1.0,22.82189825735351
1431,7,100,2,1,10.0,33.835092743742585
1432,7,100,2,2,10.0,26.5431926058242
1433,7,100,2,5,10.0,24.064159243446632
1434,7,100,5,1,10.0,29.165105077497294
1435,7,100,5,2,10.0,23.365793288894245
1436,7,100,5,5,10.0,24.200130271395967
1437,7,100,7,1,10.0,30.78408802151365
1438,7,100,7,2,10.0,24.596232588062783
1439,7,100,7,5,10.0,24.416978155891776
1440,7,200,2,1,10.0,24.783282973754424
1441,7,200,2,2,10.0,20.837996308138052
1442,7,200,2,5,10.0,21.915037198082587
1443,7,200,5,1,10.0,23.030961074699324
1444,7,200,5,2,10.0,20.531164383970793
1445,7,200,5,5,10.0,23.71573654005884
1446,7,200,7,1,10.0,22.220254044061345
1447,7,200,7,2,10.0,20.748736135881334
1448,7,200,7,5,10.0,24.49085099059288
1449,7,500,2,1,10.0,16.582940219199386
1450,7,500,2,2,10.0,19.133617951025045
1451,7,500,2,5,10.0,21.23285870807387
1452,7,500,5,1,10.0,16.94863722388088
1453,7,500,5,2,10.0,20.043110478110275
1454,7,500,5,5,10.0,23.70443963717543
1455,7,500,7,1,10.0,16.667342451438024
1456,7,500,7,2,10.0,20.051537034464147
1457,7,500,7,5,10.0,24.253471368174495
1458,7,100,2,1,100.0,30.34528327099735
1459,7,100,2,2,100.0,27.27861687926826
1460,7,100,2,5,100.0,25.79561824201962
1461,7,100,5,1,100.0,29.75976778412811
1462,7,100,5,2,100.0,24.284988582349154
1463,7,100,5,5,100.0,26.776156708907184
1464,7,100,7,1,100.0,28.91955006071389
1465,7,100,7,2,100.0,25.616388818365223
1466,7,100,7,5,100.0,26.478697522518722
1467,7,200,2,1,100.0,27.58379759255787
1468,7,200,2,2,100.0,23.154187084812225
1469,7,200,2,5,100.0,24.31485284767773
1470,7,200,5,1,100.0,25.157679789653496
1471,7,200,5,2,100.0,23.36200959298404
1472,7,200,5,5,100.0,25.93833759492257
1473,7,200,7,1,100.0,25.179170879736617
1474,7,200,7,2,100.0,23.220051472721444
1475,7,200,7,5,100.0,26.34606294943736
1476,7,500,2,1,100.0,22.713003770953836
1477,7,500,2,2,100.0,23.361190318474982
1478,7,500,2,5,100.0,23.909922356569403
1479,7,500,5,1,100.0,23.24746237977313
1480,7,500,5,2,100.0,22.837372523327907
1481,7,500,5,5,100.0,25.34397746495338
1482,7,500,7,1,100.0,23.80317016090781
1483,7,500,7,2,100.0,22.740845933765836
1484,7,500,7,5,100.0,26.519454995767763
1485,7,100,2,1,1000.0,37.38658397730883
1486,7,100,2,2,1000.0,31.433025302362122
1487,7,100,2,5,1000.0,29.196197156779636
1488,7,100,5,1,1000.0,38.26340032240797
1489,7,100,5,2,1000.0,31.603886205841295
1490,7,100,5,5,1000.0,29.675558391523808
1491,7,100,7,1,1000.0,37.46036432646011
1492,7,100,7,2,1000.0,33.34365705812648
1493,7,100,7,5,1000.0,29.959303430835543
1494,7,200,2,1,1000.0,37.646480871091924
1495,7,200,2,2,1000.0,31.0010816142002
1496,7,200,2,5,1000.0,28.525820996023388
1497,7,200,5,1,1000.0,41.241418552227486
1498,7,200,5,2,1000.0,29.39011062404298
1499,7,200,5,5,1000.0,29.50942295215142
1500,7,200,7,1,1000.0,41.41586339099623
1501,7,200,7,2,1000.0,29.813971184052924
1502,7,200,7,5,1000.0,30.312528938319183
1503,7,500,2,1,1000.0,34.93020896321205
1504,7,500,2,2,1000.0,30.243836661222378
1505,7,500,2,5,1000.0,27.98070656409402
1506,7,500,5,1,1000.0,36.992117173118466
1507,7,500,5,2,1000.0,29.335349306994942
1508,7,500,5,5,1000.0,29.27278917942558
1509,7,500,7,1,1000.0,38.49210933954167
1510,7,500,7,2,1000.0,30.88474027763944
1511,7,500,7,5,1000.0,29.915608776376256
1512,8,100,2,1,0.001,124.54481195506251
1513,8,100,2,2,0.001,1001.3836282391343
1514,8,100,2,5,0.001,2727.0378807632082
1515,8,100,5,1,0.001,152.66448830628852
1516,8,100,5,2,0.001,2767.2166775506757
1517,8,100,5,5,0.001,5807.382116058715
1518,8,100,7,1,0.001,133.41930705802594
1519,8,100,7,2,0.001,1783.8143419290654
1520,8,100,7,5,0.001,5046.185876160758
1521,8,200,2,1,0.001,121.02280940753407
1522,8,200,2,2,0.001,1392.415252656176
1523,8,200,2,5,0.001,2906.063437585724
1524,8,200,5,1,0.001,125.24663921569814
1525,8,200,5,2,0.001,1943.1257114677658
1526,8,200,5,5,0.001,7465.231254868446
1527,8,200,7,1,0.001,116.26749059983717
1528,8,200,7,2,0.001,1800.2633345185789
1529,8,200,7,5,0.001,7237.467788405812
1530,8,500,2,1,0.001,123.44928611548086
1531,8,500,2,2,0.001,826.2795296344292
1532,8,500,2,5,0.001,1231.0364279400876
1533,8,500,5,1,0.001,126.07632179657364
1534,8,500,5,2,0.001,1249.2056546682745
1535,8,500,5,5,0.001,5175.86398444173
1536,8,500,7,1,0.001,148.3654099014122
1537,8,500,7,2,0.001,1202.927448852905
1538,8,500,7,5,0.001,4786.3893218715275
1539,8,100,2,1,0.01,103.772548259846
1540,8,100,2,2,0.01,549.2949671658627
1541,8,100,2,5,0.01,492.5516215601579
1542,8,100,5,1,0.01,136.59092197997714
1543,8,100,5,2,0.01,449.1022363337279
1544,8,100,5,5,0.01,1447.5262973431184
1545,8,100,7,1,0.01,97.18098241006321
1546,8,100,7,2,0.01,687.0788787561329
1547,8,100,7,5,0.01,1557.5354913952901
1548,8,200,2,1,0.01,88.61534993117318
1549,8,200,2,2,0.01,479.76242886927423
1550,8,200,2,5,0.01,481.32229461389437
1551,8,200,5,1,0.01,88.63607533550788
1552,8,200,5,2,0.01,270.6741948076652
1553,8,200,5,5,0.01,1829.4594380152257
1554,8,200,7,1,0.01,76.65354920060851
1555,8,200,7,2,0.01,458.4915125753447
1556,8,200,7,5,0.01,787.4574396797036
1557,8,500,2,1,0.01,56.47669540908633
1558,8,500,2,2,0.01,110.26470742275608
1559,8,500,2,5,0.01,29.83440670247906
1560,8,500,5,1,0.01,71.4684242319891
1561,8,500,5,2,0.01,12.827745866473371
1562,8,500,5,5,0.01,20.6103381108844
1563,8,500,7,1,0.01,48.075616368324866
1564,8,500,7,2,0.01,12.546837082671756
1565,8,500,7,5,0.01,19.235783144038106
1566,8,100,2,1,0.1,54.68024401070718
1567,8,100,2,2,0.1,57.23143824060524
1568,8,100,2,5,0.1,142.084237606633
1569,8,100,5,1,0.1,59.728936911561036
1570,8,100,5,2,0.1,120.43312900905978
1571,8,100,5,5,0.1,202.65407069520936
1572,8,100,7,1,0.1,51.65895786890433
1573,8,100,7,2,0.1,87.43796683394028
1574,8,100,7,5,0.1,450.6541544705664
1575,8,200,2,1,0.1,36.51391263230554
1576,8,200,2,2,0.1,35.90031116777571
1577,8,200,2,5,0.1,22.330905112614115
1578,8,200,5,1,0.1,28.931033839783165
1579,8,200,5,2,0.1,22.908279058588143
1580,8,200,5,5,0.1,21.678477323790425
1581,8,200,7,1,0.1,29.760246010396152
1582,8,200,7,2,0.1,22.68479727428789
1583,8,200,7,5,0.1,21.795291195689515
1584,8,500,2,1,0.1,16.255178528361863
1585,8,500,2,2,0.1,13.167064871828199
1586,8,500,2,5,0.1,19.118709441010825
1587,8,500,5,1,0.1,16.162431823467525
1588,8,500,5,2,0.1,14.762531474396914
1589,8,500,5,5,0.1,21.229138225891322
1590,8,500,7,1,0.1,13.033985613221411
1591,8,500,7,2,0.1,14.807057146170026
1592,8,500,7,5,0.1,21.49931086254678
1593,8,100,2,1,1.0,29.588646472786003
1594,8,100,2,2,1.0,27.107533135952647
1595,8,100,2,5,1.0,24.25143470693023
1596,8,100,5,1,1.0,29.020654698216916
1597,8,100,5,2,1.0,25.10813911622397
1598,8,100,5,5,1.0,23.410277687459104
1599,8,100,7,1,1.0,27.099960810269224
1600,8,100,7,2,1.0,24.931407164551963
1601,8,100,7,5,1.0,23.407473524741885
1602,8,200,2,1,1.0,26.63778389406824
1603,8,200,2,2,1.0,22.26105310774451
1604,8,200,2,5,1.0,21.03903197443774
1605,8,200,5,1,1.0,22.715982653453185
1606,8,200,5,2,1.0,19.095862402095786
1607,8,200,5,5,1.0,22.599267131303726
1608,8,200,7,1,1.0,22.825257016622515
1609,8,200,7,2,1.0,19.916923961239455
1610,8,200,7,5,1.0,22.980481189899606
1611,8,500,2,1,1.0,13.359731081095346
1612,8,500,2,2,1.0,15.40126430417452
1613,8,500,2,5,1.0,19.45165890440122
1614,8,500,5,1,1.0,13.543034004589835
1615,8,500,5,2,1.0,17.326250243018688
1616,8,500,5,5,1.0,22.439461884531454
1617,8,500,7,1,1.0,13.374627079026165
1618,8,500,7,2,1.0,17.712404295098093
1619,8,500,7,5,1.0,22.750151073470878
1620,8,100,2,1,10.0,31.26024355222368
1621,8,100,2,2,10.0,28.196856598096222
1622,8,100,2,5,10.0,24.430864145409604
1623,8,100,5,1,10.0,28.83171860891662
1624,8,100,5,2,10.0,23.843441054493173
1625,8,100,5,5,10.0,24.72215309247037
1626,8,100,7,1,10.0,32.80328279693427
1627,8,100,7,2,10.0,23.39967979329485
1628,8,100,7,5,10.0,24.59536737007279
1629,8,200,2,1,10.0,23.74772885564626
1630,8,200,2,2,10.0,20.85473476715142
1631,8,200,2,5,10.0,22.22536831710012
1632,8,200,5,1,10.0,21.820567758731677
1633,8,200,5,2,10.0,20.66781335244418
1634,8,200,5,5,10.0,23.65634266436875
1635,8,200,7,1,10.0,23.267086613111346
1636,8,200,7,2,10.0,21.139400540468596
1637,8,200,7,5,10.0,24.552013609572622
1638,8,500,2,1,10.0,16.689422635100993
1639,8,500,2,2,10.0,19.232164465616062
1640,8,500,2,5,10.0,21.267604140267064
1641,8,500,5,1,10.0,16.44952365889595
1642,8,500,5,2,10.0,19.631163606036225
1643,8,500,5,5,10.0,23.67681351696001
1644,8,500,7,1,10.0,16.66488137981241
1645,8,500,7,2,10.0,20.05566115159938
1646,8,500,7,5,10.0,24.25726742356481
1647,8,100,2,1,100.0,32.698279599517235
1648,8,100,2,2,100.0,28.466336301103507
1649,8,100,2,5,100.0,26.537884476713938
1650,8,100,5,1,100.0,29.661561722457368
1651,8,100,5,2,100.0,25.275499001976808
1652,8,100,5,5,100.0,26.454415028291567
1653,8,100,7,1,100.0,29.4990757910249
1654,8,100,7,2,100.0,25.650718827834407
1655,8,100,7,5,100.0,26.92791932573811
1656,8,200,2,1,100.0,26.2813685631009
1657,8,200,2,2,100.0,23.31999001261046
1658,8,200,2,5,100.0,24.181448827843397
1659,8,200,5,1,100.0,24.872268613234446
1660,8,200,5,2,100.0,24.12865017790268
1661,8,200,5,5,100.0,26.0125414239268
1662,8,200,7,1,100.0,24.80751251399438
1663,8,200,7,2,100.0,23.722781783413858
1664,8,200,7,5,100.0,26.570060359939347
1665,8,500,2,1,100.0,23.52130557629132
1666,8,500,2,2,100.0,22.371965514841854
1667,8,500,2,5,100.0,23.548345100662797
1668,8,500,5,1,100.0,23.395331555236734
1669,8,500,5,2,100.0,22.867913451297547
1670,8,500,5,5,100.0,25.576612423398988
1671,8,500,7,1,100.0,23.622446318862508
1672,8,500,7,2,100.0,23.21478507744329
1673,8,500,7,5,100.0,26.591545005238423
1674,8,100,2,1,1000.0,38.04992029967948
1675,8,100,2,2,1000.0,37.258256368207
1676,8,100,2,5,1000.0,30.585690937587906
1677,8,100,5,1,1000.0,38.931144655507964
1678,8,100,5,2,1000.0,31.901498916240474
1679,8,100,5,5,1000.0,30.24393891019762
1680,8,100,7,1,1000.0,40.90615290017855
1681,8,100,7,2,1000.0,30.387905903898638
1682,8,100,7,5,1000.0,31.27701187062312
1683,8,200,2,1,1000.0,37.342698977962804
1684,8,200,2,2,1000.0,33.368822494270134
1685,8,200,2,5,1000.0,29.808238732535155
1686,8,200,5,1,1000.0,34.80232376709169
1687,8,200,5,2,1000.0,29.718354250975192
1688,8,200,5,5,1000.0,29.218684631649648
1689,8,200,7,1,1000.0,40.65217614147118
1690,8,200,7,2,1000.0,30.641373405287748
1691,8,200,7,5,1000.0,30.74418543751756
1692,8,500,2,1,1000.0,37.21037288099549
1693,8,500,2,2,1000.0,30.046166837181808
1694,8,500,2,5,1000.0,28.294582849822792
1695,8,500,5,1,1000.0,37.21801265521692
1696,8,500,5,2,1000.0,29.22679428233033
1697,8,500,5,5,1000.0,29.91230774956362
1698,8,500,7,1,1000.0,38.72870404491732
1699,8,500,7,2,1000.0,30.297844156634465
1700,8,500,7,5,1000.0,29.604953381120893
1701,9,100,2,1,0.001,117.6512211704815
1702,9,100,2,2,0.001,964.4924767288329
1703,9,100,2,5,0.001,3260.788859929853
1704,9,100,5,1,0.001,137.9430249397522
1705,9,100,5,2,0.001,2758.7915354578454
1706,9,100,5,5,0.001,8278.314622945369
1707,9,100,7,1,0.001,151.67771095640373
1708,9,100,7,2,0.001,1620.1749198290804
1709,9,100,7,5,0.001,4943.350497887573
1710,9,200,2,1,0.001,119.89630139202013
1711,9,200,2,2,0.001,1111.2254716321743
1712,9,200,2,5,0.001,2853.285523291605
1713,9,200,5,1,0.001,114.5171347598041
1714,9,200,5,2,0.001,1543.8933624108477
1715,9,200,5,5,0.001,4471.202173826937
1716,9,200,7,1,0.001,127.0445813924741
1717,9,200,7,2,0.001,1252.8446090062168
1718,9,200,7,5,0.001,7001.799629649377
1719,9,500,2,1,0.001,93.14477212197924
1720,9,500,2,2,0.001,988.8193334400593
1721,9,500,2,5,0.001,2002.9254158912456
1722,9,500,5,1,0.001,154.20653861693705
1723,9,500,5,2,0.001,961.1251471434545
1724,9,500,5,5,0.001,3557.463254688239
1725,9,500,7,1,0.001,155.54638388949454
1726,9,500,7,2,0.001,1079.7651464878234
1727,9,500,7,5,0.001,6710.041313643127
1728,9,100,2,1,0.01,106.30673001582971
1729,9,100,2,2,0.01,543.7111757771548
1730,9,100,2,5,0.01,844.2846266669901
1731,9,100,5,1,0.01,116.31040069202484
1732,9,100,5,2,0.01,625.1439980917967
1733,9,100,5,5,0.01,2094.6016487357947
1734,9,100,7,1,0.01,117.77305578042669
1735,9,100,7,2,0.01,562.4090337354138
1736,9,100,7,5,0.01,2204.090794703674
1737,9,200,2,1,0.01,85.42803543411455
1738,9,200,2,2,0.01,263.4164751653984
1739,9,200,2,5,0.01,869.8152844926765
1740,9,200,5,1,0.01,118.47918708613959
1741,9,200,5,2,0.01,232.1992574055728
1742,9,200,5,5,0.01,875.0787634817322
1743,9,200,7,1,0.01,84.4876076305154
1744,9,200,7,2,0.01,310.47224281373434
1745,9,200,7,5,0.01,1652.6590235573028
1746,9,500,2,1,0.01,59.67368770798578
1747,9,500,2,2,0.01,17.898109160890602
1748,9,500,2,5,0.01,63.83917708168156
1749,9,500,5,1,0.01,42.75175602813744
1750,9,500,5,2,0.01,12.829988746338426
1751,9,500,5,5,0.01,20.38004744803016
1752,9,500,7,1,0.01,61.169757017923914
1753,9,500,7,2,0.01,12.827958517989655
1754,9,500,7,5,0.01,18.75965559500241
1755,9,100,2,1,0.1,47.256694897780754
1756,9,100,2,2,0.1,86.86938679372756
1757,9,100,2,5,0.1,97.91597267794943
1758,9,100,5,1,0.1,47.15501662183519
1759,9,100,5,2,0.1,123.63338719431529
1760,9,100,5,5,0.1,75.79455666691497
1761,9,100,7,1,0.1,40.427952407615294
1762,9,100,7,2,0.1,110.89478147677065
1763,9,100,7,5,0.1,135.67579840692218
1764,9,200,2,1,0.1,33.569957417013015
1765,9,200,2,2,0.1,61.921976174379594
1766,9,200,2,5,0.1,44.08825098242669
1767,9,200,5,1,0.1,29.714948180524505
1768,9,200,5,2,0.1,23.996343996110514
1769,9,200,5,5,0.1,21.586869819552533
1770,9,200,7,1,0.1,28.349837368444486
1771,9,200,7,2,0.1,20.889098287590787
1772,9,200,7,5,0.1,22.075500116239713
1773,9,500,2,1,0.1,16.919095499183662
1774,9,500,2,2,0.1,13.227571122890103
1775,9,500,2,5,0.1,18.009696789552386
1776,9,500,5,1,0.1,15.265085067084938
1777,9,500,5,2,0.1,14.397617451999738
1778,9,500,5,5,0.1,21.41540195045703
1779,9,500,7,1,0.1,14.124641259193995
1780,9,500,7,2,0.1,15.020665028552031
1781,9,500,7,5,0.1,21.359867816189517
1782,9,100,2,1,1.0,31.78593367309624
1783,9,100,2,2,1.0,29.57626087653266
1784,9,100,2,5,1.0,25.842325913173152
1785,9,100,5,1,1.0,32.88624180664155
1786,9,100,5,2,1.0,24.000445567386176
1787,9,100,5,5,1.0,23.028254858679766
1788,9,100,7,1,1.0,29.79311761981059
1789,9,100,7,2,1.0,23.658304997561583
1790,9,100,7,5,1.0,23.37918413283853
1791,9,200,2,1,1.0,23.268440340507865
1792,9,200,2,2,1.0,21.76888595905067
1793,9,200,2,5,1.0,21.044202741949043
1794,9,200,5,1,1.0,23.891584005050184
1795,9,200,5,2,1.0,20.30869309362219
1796,9,200,5,5,1.0,22.575239050487856
1797,9,200,7,1,1.0,25.01106289337273
1798,9,200,7,2,1.0,20.278263659317467
1799,9,200,7,5,1.0,22.853742736372997
1800,9,500,2,1,1.0,13.672195627063168
1801,9,500,2,2,1.0,15.299777925695036
1802,9,500,2,5,1.0,19.521660676871576
1803,9,500,5,1,1.0,13.376077616445787
1804,9,500,5,2,1.0,17.53152011398824
1805,9,500,5,5,1.0,22.497253329102726
1806,9,500,7,1,1.0,13.576110102426021
1807,9,500,7,2,1.0,17.743897679140282
1808,9,500,7,5,1.0,22.937970424241357
1809,9,100,2,1,10.0,29.779388741631745
1810,9,100,2,2,10.0,28.20454827950407
1811,9,100,2,5,10.0,24.76857829692092
1812,9,100,5,1,10.0,28.818065933422567
1813,9,100,5,2,10.0,24.380829637779982
1814,9,100,5,5,10.0,24.736550903737175
1815,9,100,7,1,10.0,30.373079339856623
1816,9,100,7,2,10.0,24.64253578192902
1817,9,100,7,5,10.0,24.572389044506213
1818,9,200,2,1,10.0,24.04670546989222
1819,9,200,2,2,10.0,20.979081015044372
1820,9,200,2,5,10.0,21.54139338432959
1821,9,200,5,1,10.0,24.373036173530583
1822,9,200,5,2,10.0,20.902869328800016
1823,9,200,5,5,10.0,23.86665466668849
1824,9,200,7,1,10.0,23.286506773406813
1825,9,200,7,2,10.0,20.914537781901004
1826,9,200,7,5,10.0,24.40274456909612
1827,9,500,2,1,10.0,16.418688440125536
1828,9,500,2,2,10.0,18.926766746269678
1829,9,500,2,5,10.0,21.09860248651456
1830,9,500,5,1,10.0,16.43166384662378
1831,9,500,5,2,10.0,19.94478553698533
1832,9,500,5,5,10.0,23.59328715719204
1833,9,500,7,1,10.0,16.142131319088502
1834,9,500,7,2,10.0,19.909934600551335
1835,9,500,7,5,10.0,24.38419949871216
1836,9,100,2,1,100.0,30.87289888385221
1837,9,100,2,2,100.0,27.786291587570684
1838,9,100,2,5,100.0,25.725578597188676
1839,9,100,5,1,100.0,28.37730487851289
1840,9,100,5,2,100.0,26.113336880273515
1841,9,100,5,5,100.0,26.418109427430696
1842,9,100,7,1,100.0,27.840393651451972
1843,9,100,7,2,100.0,24.90277474719111
1844,9,100,7,5,100.0,26.78151473365626
1845,9,200,2,1,100.0,27.20180976215272
1846,9,200,2,2,100.0,23.313882816710905
1847,9,200,2,5,100.0,24.54678412331543
1848,9,200,5,1,100.0,25.766990379639534
1849,9,200,5,2,100.0,23.318409095346137
1850,9,200,5,5,100.0,25.715758231772277
1851,9,200,7,1,100.0,24.642120153442935
1852,9,200,7,2,100.0,23.278689492610663
1853,9,200,7,5,100.0,26.538267115567884
1854,9,500,2,1,100.0,23.17558520688954
1855,9,500,2,2,100.0,22.601381526999806
1856,9,500,2,5,100.0,23.247575887425725
1857,9,500,5,1,100.0,23.496613633687126
1858,9,500,5,2,100.0,22.662857204473156
1859,9,500,5,5,100.0,25.653055543497295
1860,9,500,7,1,100.0,23.441224045080837
1861,9,500,7,2,100.0,22.908156722709325
1862,9,500,7,5,100.0,26.41967108075136
1863,9,100,2,1,1000.0,37.460999923729894
1864,9,100,2,2,1000.0,31.225176875575766
1865,9,100,2,5,1000.0,30.649424810320465
1866,9,100,5,1,1000.0,37.53868396234725
1867,9,100,5,2,1000.0,30.867706070970964
1868,9,100,5,5,1000.0,31.562903252019858
1869,9,100,7,1,1000.0,40.53498758900087
1870,9,100,7,2,1000.0,31.23291629139033
1871,9,100,7,5,1000.0,30.11959638938883
1872,9,200,2,1,1000.0,38.382797448269265
1873,9,200,2,2,1000.0,30.105437880768285
1874,9,200,2,5,1000.0,28.15178741106048
1875,9,200,5,1,1000.0,37.924300931667304
1876,9,200,5,2,1000.0,29.475520414005732
1877,9,200,5,5,1000.0,29.70123224548901
1878,9,200,7,1,1000.0,36.98567010673665
1879,9,200,7,2,1000.0,30.510585487474362
1880,9,200,7,5,1000.0,30.378081222182143
1881,9,500,2,1,1000.0,37.79282857765955
1882,9,500,2,2,1000.0,29.429082791247076
1883,9,500,2,5,1000.0,28.13122453802502
1884,9,500,5,1,1000.0,37.00225631450794
1885,9,500,5,2,1000.0,29.504537635574714
1886,9,500,5,5,1000.0,29.345479810726705
1887,9,500,7,1,1000.0,38.64301667286723
1888,9,500,7,2,1000.0,30.98656787563062
1889,9,500,7,5,1000.0,30.08630380076156
